[2024-03-24 19:08:05 : INFO] - Pruning the smush log file 
[2024-03-30 16:48:36 : INFO] - Re_Smush_It_Task with attachment ID : 1755, autocreated on : March 30, 2024 04:48:36 
[2024-03-30 16:50:50 : INFO] - Re_Smush_It_Task with attachment ID : 1756, autocreated on : March 30, 2024 04:50:50 
[2024-03-30 16:53:52 : INFO] - A total of 2 tasks of type smush found and will be processed in this iteration 
[2024-03-30 16:53:52 : DEBUG] - Lock option (updraft_lock_smush, abm_options) was created in the database 
[2024-03-30 16:53:52 : INFO] - Lock (updraft_lock_smush, abm_options) acquired after initialising the database 
[2024-03-30 16:53:52 : INFO] - Processing task with ID : 438, and type 'smush' 
[2024-03-30 16:53:52 : INFO] - Re_Smush_It_Task with attachment ID : 1755, autocreated on : March 30, 2024 04:48:36 
[2024-03-30 16:53:52 : INFO] - File: Image5.jpg, Compression quality: 85 
[2024-03-30 16:53:53 : INFO] - Backing up the original image - 2024/03/Image5-updraft-pre-smush-original.jpg 
[2024-03-30 16:53:56 : INFO] - There were no WebP conversion tools found on your server. 
[2024-03-30 16:53:56 : INFO] - Successfully optimized the image - /srv/data/web/vhosts/amisdebourronmarlotte.fr/htdocs/wp-content/uploads/2024/03/Image5.jpg.Le fichier a été compressé de 525.56 KB à 440.57 KB, en économisant 16.17 % à l’aide de WP-Optimize 
[2024-03-30 16:53:56 : INFO] - Completed processing task with ID : 438, and type 'smush' 
[2024-03-30 16:53:56 : INFO] - Processing task with ID : 439, and type 'smush' 
[2024-03-30 16:53:57 : INFO] - Re_Smush_It_Task with attachment ID : 1756, autocreated on : March 30, 2024 04:50:50 
[2024-03-30 16:53:57 : INFO] - File: Image6-scaled.jpg, Compression quality: 85 
[2024-03-30 16:53:57 : INFO] - Backing up the original image - 2024/03/Image6-scaled-updraft-pre-smush-original.jpg 
[2024-03-30 16:54:01 : INFO] - There were no WebP conversion tools found on your server. 
[2024-03-30 16:54:01 : INFO] - Successfully optimized the image - /srv/data/web/vhosts/amisdebourronmarlotte.fr/htdocs/wp-content/uploads/2024/03/Image6-scaled.jpg.Le fichier a été compressé de 355.24 KB à 347.33 KB, en économisant 2.23 % à l’aide de WP-Optimize 
[2024-03-30 16:54:01 : INFO] - Completed processing task with ID : 439, and type 'smush' 
[2024-03-30 16:54:01 : INFO] - Lock option (updraft_lock_smush, abm_options) released 
[2024-03-30 16:54:01 : INFO] - Successfully processed the queue (smush). 2 tasks were processed out of 2. 
[2024-03-30 16:54:01 : INFO] - Lock option (updraft_lock_smush, abm_options) was deleted from the database 
[2024-03-30 16:54:01 : INFO] - Cleaning up tasks of type (smush). A total of 2 tasks will be deleted. 
[2024-03-30 16:54:29 : INFO] - Re_Smush_It_Task with attachment ID : 1757, autocreated on : March 30, 2024 04:54:29 
[2024-03-30 17:09:18 : INFO] - A total of 1 tasks of type smush found and will be processed in this iteration 
[2024-03-30 17:09:18 : DEBUG] - Lock option (updraft_lock_smush, abm_options) was created in the database 
[2024-03-30 17:09:18 : INFO] - Lock (updraft_lock_smush, abm_options) acquired after initialising the database 
[2024-03-30 17:09:18 : INFO] - Processing task with ID : 440, and type 'smush' 
[2024-03-30 17:09:18 : INFO] - Re_Smush_It_Task with attachment ID : 1757, autocreated on : March 30, 2024 04:54:29 
[2024-03-30 17:09:18 : INFO] - File: Image1-1.jpg, Compression quality: 85 
[2024-03-30 17:09:19 : INFO] - Backing up the original image - 2024/03/Image1-1-updraft-pre-smush-original.jpg 
[2024-03-30 17:09:20 : INFO] - There were no WebP conversion tools found on your server. 
[2024-03-30 17:09:21 : INFO] - Successfully optimized the image - /srv/data/web/vhosts/amisdebourronmarlotte.fr/htdocs/wp-content/uploads/2024/03/Image1-1.jpg.Le fichier a été compressé de 67.72 KB à 55.22 KB, en économisant 18.45 % à l’aide de WP-Optimize 
[2024-03-30 17:09:21 : INFO] - Completed processing task with ID : 440, and type 'smush' 
[2024-03-30 17:09:21 : INFO] - Lock option (updraft_lock_smush, abm_options) released 
[2024-03-30 17:09:21 : INFO] - Successfully processed the queue (smush). 1 tasks were processed out of 1. 
[2024-03-30 17:09:21 : INFO] - Lock option (updraft_lock_smush, abm_options) was deleted from the database 
[2024-03-30 17:09:21 : INFO] - Cleaning up tasks of type (smush). A total of 1 tasks will be deleted. 
[2024-04-15 16:45:34 : INFO] - Re_Smush_It_Task with attachment ID : 1766, autocreated on : April 15, 2024 04:45:34 
[2024-04-15 16:45:48 : INFO] - Re_Smush_It_Task with attachment ID : 1767, autocreated on : April 15, 2024 04:45:48 
[2024-04-15 16:48:52 : INFO] - Re_Smush_It_Task with attachment ID : 1768, autocreated on : April 15, 2024 04:48:52 
[2024-04-15 16:50:10 : INFO] - Re_Smush_It_Task with attachment ID : 1769, autocreated on : April 15, 2024 04:50:10 
[2024-04-15 16:50:23 : INFO] - Re_Smush_It_Task with attachment ID : 1770, autocreated on : April 15, 2024 04:50:23 
[2024-04-15 16:50:36 : INFO] - A total of 5 tasks of type smush found and will be processed in this iteration 
[2024-04-15 16:50:36 : DEBUG] - Lock option (updraft_lock_smush, abm_options) was created in the database 
[2024-04-15 16:50:36 : INFO] - Lock (updraft_lock_smush, abm_options) acquired after initialising the database 
[2024-04-15 16:50:36 : INFO] - Processing task with ID : 441, and type 'smush' 
[2024-04-15 16:50:36 : INFO] - Re_Smush_It_Task with attachment ID : 1766, autocreated on : April 15, 2024 04:45:34 
[2024-04-15 16:50:36 : INFO] - File: Image1.jpg, Compression quality: 85 
[2024-04-15 16:50:37 : INFO] - Backing up the original image - 2024/04/Image1-updraft-pre-smush-original.jpg 
[2024-04-15 16:50:39 : INFO] - There were no WebP conversion tools found on your server. 
[2024-04-15 16:50:39 : INFO] - Successfully optimized the image - /srv/data/web/vhosts/amisdebourronmarlotte.fr/htdocs/wp-content/uploads/2024/04/Image1.jpg.Le fichier a été compressé de 621.36 KB à 509.80 KB, en économisant 17.95 % à l’aide de WP-Optimize 
[2024-04-15 16:50:39 : INFO] - Completed processing task with ID : 441, and type 'smush' 
[2024-04-15 16:50:39 : INFO] - Processing task with ID : 442, and type 'smush' 
[2024-04-15 16:50:39 : INFO] - Re_Smush_It_Task with attachment ID : 1767, autocreated on : April 15, 2024 04:45:48 
[2024-04-15 16:50:39 : INFO] - File: Image4.jpg, Compression quality: 85 
[2024-04-15 16:50:39 : INFO] - Backing up the original image - 2024/04/Image4-updraft-pre-smush-original.jpg 
[2024-04-15 16:50:40 : INFO] - There were no WebP conversion tools found on your server. 
[2024-04-15 16:50:40 : INFO] - Successfully optimized the image - /srv/data/web/vhosts/amisdebourronmarlotte.fr/htdocs/wp-content/uploads/2024/04/Image4.jpg.Le fichier a été compressé de 138.10 KB à 112.36 KB, en économisant 18.64 % à l’aide de WP-Optimize 
[2024-04-15 16:50:40 : INFO] - Completed processing task with ID : 442, and type 'smush' 
[2024-04-15 16:50:40 : INFO] - Processing task with ID : 443, and type 'smush' 
[2024-04-15 16:50:40 : INFO] - Re_Smush_It_Task with attachment ID : 1768, autocreated on : April 15, 2024 04:48:52 
[2024-04-15 16:50:40 : INFO] - File: Image1-1.jpg, Compression quality: 85 
[2024-04-15 16:50:41 : INFO] - Backing up the original image - 2024/04/Image1-1-updraft-pre-smush-original.jpg 
[2024-04-15 16:50:42 : INFO] - There were no WebP conversion tools found on your server. 
[2024-04-15 16:50:42 : INFO] - Successfully optimized the image - /srv/data/web/vhosts/amisdebourronmarlotte.fr/htdocs/wp-content/uploads/2024/04/Image1-1.jpg.Le fichier a été compressé de 195.84 KB à 161.63 KB, en économisant 17.47 % à l’aide de WP-Optimize 
[2024-04-15 16:50:42 : INFO] - Completed processing task with ID : 443, and type 'smush' 
[2024-04-15 16:50:42 : INFO] - Processing task with ID : 444, and type 'smush' 
[2024-04-15 16:50:42 : INFO] - Re_Smush_It_Task with attachment ID : 1769, autocreated on : April 15, 2024 04:50:10 
[2024-04-15 16:50:42 : INFO] - File: Image3.jpg, Compression quality: 85 
[2024-04-15 16:50:43 : INFO] - Backing up the original image - 2024/04/Image3-updraft-pre-smush-original.jpg 
[2024-04-15 16:50:45 : INFO] - There were no WebP conversion tools found on your server. 
[2024-04-15 16:50:45 : INFO] - Successfully optimized the image - /srv/data/web/vhosts/amisdebourronmarlotte.fr/htdocs/wp-content/uploads/2024/04/Image3.jpg.Le fichier a été compressé de 265.30 KB à 224.18 KB, en économisant 15.5 % à l’aide de WP-Optimize 
[2024-04-15 16:50:45 : INFO] - Completed processing task with ID : 444, and type 'smush' 
[2024-04-15 16:50:45 : INFO] - Processing task with ID : 445, and type 'smush' 
[2024-04-15 16:50:45 : INFO] - Re_Smush_It_Task with attachment ID : 1770, autocreated on : April 15, 2024 04:50:23 
[2024-04-15 16:50:45 : INFO] - File: Image5.jpg, Compression quality: 85 
[2024-04-15 16:50:46 : INFO] - Backing up the original image - 2024/04/Image5-updraft-pre-smush-original.jpg 
[2024-04-15 16:50:48 : INFO] - There were no WebP conversion tools found on your server. 
[2024-04-15 16:50:48 : INFO] - Successfully optimized the image - /srv/data/web/vhosts/amisdebourronmarlotte.fr/htdocs/wp-content/uploads/2024/04/Image5.jpg.Le fichier a été compressé de 425.21 KB à 350.65 KB, en économisant 17.53 % à l’aide de WP-Optimize 
[2024-04-15 16:50:48 : INFO] - Completed processing task with ID : 445, and type 'smush' 
[2024-04-15 16:50:48 : INFO] - Lock option (updraft_lock_smush, abm_options) released 
[2024-04-15 16:50:48 : INFO] - Successfully processed the queue (smush). 5 tasks were processed out of 5. 
[2024-04-15 16:50:48 : INFO] - Lock option (updraft_lock_smush, abm_options) was deleted from the database 
[2024-04-15 16:50:48 : INFO] - Cleaning up tasks of type (smush). A total of 5 tasks will be deleted. 
[2024-04-28 09:48:58 : INFO] - Re_Smush_It_Task with attachment ID : 1780, autocreated on : April 28, 2024 09:48:58 
[2024-04-28 09:51:12 : INFO] - Re_Smush_It_Task with attachment ID : 1781, autocreated on : April 28, 2024 09:51:12 
[2024-04-28 09:52:10 : INFO] - Re_Smush_It_Task with attachment ID : 1782, autocreated on : April 28, 2024 09:52:10 
[2024-04-28 09:53:19 : INFO] - Re_Smush_It_Task with attachment ID : 1783, autocreated on : April 28, 2024 09:53:18 
[2024-04-28 09:53:49 : INFO] - Re_Smush_It_Task with attachment ID : 1784, autocreated on : April 28, 2024 09:53:48 
[2024-04-28 09:54:39 : INFO] - Re_Smush_It_Task with attachment ID : 1785, autocreated on : April 28, 2024 09:54:39 
[2024-04-28 09:54:39 : INFO] - A total of 6 tasks of type smush found and will be processed in this iteration 
[2024-04-28 09:54:39 : DEBUG] - Lock option (updraft_lock_smush, abm_options) was created in the database 
[2024-04-28 09:54:39 : INFO] - Lock (updraft_lock_smush, abm_options) acquired after initialising the database 
[2024-04-28 09:54:39 : INFO] - Processing task with ID : 446, and type 'smush' 
[2024-04-28 09:54:39 : INFO] - Re_Smush_It_Task with attachment ID : 1780, autocreated on : April 28, 2024 09:48:58 
[2024-04-28 09:54:39 : INFO] - File: image.png, Compression quality: 85 
[2024-04-28 09:54:42 : INFO] - Backing up the original image - 2024/04/image-updraft-pre-smush-original.png 
[2024-04-28 09:54:50 : INFO] - There were no WebP conversion tools found on your server. 
[2024-04-28 09:54:50 : INFO] - Successfully optimized the image - /srv/data/web/vhosts/amisdebourronmarlotte.fr/htdocs/wp-content/uploads/2024/04/image.png.Le fichier a été compressé de 2.02 MB à 932.26 KB, en économisant 54.95 % à l’aide de WP-Optimize 
[2024-04-28 09:54:50 : INFO] - Completed processing task with ID : 446, and type 'smush' 
[2024-04-28 09:54:50 : INFO] - Processing task with ID : 447, and type 'smush' 
[2024-04-28 09:54:50 : INFO] - Re_Smush_It_Task with attachment ID : 1781, autocreated on : April 28, 2024 09:51:12 
[2024-04-28 09:54:50 : INFO] - File: image-1.png, Compression quality: 85 
[2024-04-28 09:54:52 : INFO] - Backing up the original image - 2024/04/image-1-updraft-pre-smush-original.png 
[2024-04-28 09:54:59 : INFO] - There were no WebP conversion tools found on your server. 
[2024-04-28 09:54:59 : INFO] - Successfully optimized the image - /srv/data/web/vhosts/amisdebourronmarlotte.fr/htdocs/wp-content/uploads/2024/04/image-1.png.Le fichier a été compressé de 1.99 MB à 715.85 KB, en économisant 64.89 % à l’aide de WP-Optimize 
[2024-04-28 09:54:59 : INFO] - Completed processing task with ID : 447, and type 'smush' 
[2024-04-28 09:54:59 : INFO] - Processing task with ID : 448, and type 'smush' 
[2024-04-28 09:54:59 : INFO] - Re_Smush_It_Task with attachment ID : 1782, autocreated on : April 28, 2024 09:52:10 
[2024-04-28 09:54:59 : INFO] - File: image-2.png, Compression quality: 85 
[2024-04-28 09:55:01 : INFO] - Backing up the original image - 2024/04/image-2-updraft-pre-smush-original.png 
[2024-04-28 09:55:09 : INFO] - There were no WebP conversion tools found on your server. 
[2024-04-28 09:55:09 : INFO] - Successfully optimized the image - /srv/data/web/vhosts/amisdebourronmarlotte.fr/htdocs/wp-content/uploads/2024/04/image-2.png.Le fichier a été compressé de 1.82 MB à 1.13 MB, en économisant 37.7 % à l’aide de WP-Optimize 
[2024-04-28 09:55:09 : INFO] - Completed processing task with ID : 448, and type 'smush' 
[2024-04-28 09:55:09 : INFO] - Processing task with ID : 449, and type 'smush' 
[2024-04-28 09:55:09 : INFO] - Re_Smush_It_Task with attachment ID : 1783, autocreated on : April 28, 2024 09:53:18 
[2024-04-28 09:55:09 : INFO] - File: image-3.png, Compression quality: 85 
[2024-04-28 09:55:11 : INFO] - Backing up the original image - 2024/04/image-3-updraft-pre-smush-original.png 
[2024-04-28 09:55:19 : INFO] - There were no WebP conversion tools found on your server. 
[2024-04-28 09:55:20 : INFO] - Successfully optimized the image - /srv/data/web/vhosts/amisdebourronmarlotte.fr/htdocs/wp-content/uploads/2024/04/image-3.png.Le fichier a été compressé de 1.81 MB à 1.13 MB, en économisant 37.41 % à l’aide de WP-Optimize 
[2024-04-28 09:55:20 : INFO] - Completed processing task with ID : 449, and type 'smush' 
[2024-04-28 09:55:20 : INFO] - Processing task with ID : 450, and type 'smush' 
[2024-04-28 09:55:20 : INFO] - Re_Smush_It_Task with attachment ID : 1784, autocreated on : April 28, 2024 09:53:48 
[2024-04-28 09:55:20 : INFO] - File: image-4.png, Compression quality: 85 
[2024-04-28 09:55:22 : INFO] - Backing up the original image - 2024/04/image-4-updraft-pre-smush-original.png 
[2024-04-28 09:55:28 : INFO] - There were no WebP conversion tools found on your server. 
[2024-04-28 09:55:28 : INFO] - Successfully optimized the image - /srv/data/web/vhosts/amisdebourronmarlotte.fr/htdocs/wp-content/uploads/2024/04/image-4.png.Le fichier a été compressé de 1.70 MB à 1.08 MB, en économisant 36.46 % à l’aide de WP-Optimize 
[2024-04-28 09:55:28 : INFO] - Completed processing task with ID : 450, and type 'smush' 
[2024-04-28 09:55:28 : INFO] - Processing task with ID : 451, and type 'smush' 
[2024-04-28 09:55:28 : INFO] - Re_Smush_It_Task with attachment ID : 1785, autocreated on : April 28, 2024 09:54:39 
[2024-04-28 09:55:28 : INFO] - File: image-5.png, Compression quality: 85 
[2024-04-28 09:55:30 : INFO] - Backing up the original image - 2024/04/image-5-updraft-pre-smush-original.png 
[2024-04-28 09:55:39 : INFO] - There were no WebP conversion tools found on your server. 
[2024-04-28 09:55:39 : INFO] - Successfully optimized the image - /srv/data/web/vhosts/amisdebourronmarlotte.fr/htdocs/wp-content/uploads/2024/04/image-5.png.Le fichier a été compressé de 1.69 MB à 1.08 MB, en économisant 36.18 % à l’aide de WP-Optimize 
[2024-04-28 09:55:39 : INFO] - Completed processing task with ID : 451, and type 'smush' 
[2024-04-28 09:55:39 : INFO] - Lock option (updraft_lock_smush, abm_options) released 
[2024-04-28 09:55:39 : INFO] - Successfully processed the queue (smush). 6 tasks were processed out of 6. 
[2024-04-28 09:55:39 : INFO] - Lock option (updraft_lock_smush, abm_options) was deleted from the database 
[2024-04-28 09:55:39 : INFO] - Cleaning up tasks of type (smush). A total of 6 tasks will be deleted. 
[2024-04-29 16:23:46 : INFO] - Re_Smush_It_Task with attachment ID : 1791, autocreated on : April 29, 2024 04:23:46 
[2024-04-29 16:26:22 : INFO] - Re_Smush_It_Task with attachment ID : 1792, autocreated on : April 29, 2024 04:26:22 
[2024-04-29 16:28:51 : INFO] - A total of 2 tasks of type smush found and will be processed in this iteration 
[2024-04-29 16:28:51 : DEBUG] - Lock option (updraft_lock_smush, abm_options) was created in the database 
[2024-04-29 16:28:51 : INFO] - Lock (updraft_lock_smush, abm_options) acquired after initialising the database 
[2024-04-29 16:28:51 : INFO] - Processing task with ID : 452, and type 'smush' 
[2024-04-29 16:28:51 : INFO] - Re_Smush_It_Task with attachment ID : 1791, autocreated on : April 29, 2024 04:23:46 
[2024-04-29 16:28:51 : INFO] - File: DT3121.jpg, Compression quality: 85 
[2024-04-29 16:28:53 : INFO] - Backing up the original image - 2024/04/DT3121-updraft-pre-smush-original.jpg 
[2024-04-29 16:28:53 : INFO] - There were no WebP conversion tools found on your server. 
[2024-04-29 16:28:53 : INFO] - Successfully optimized the image - /srv/data/web/vhosts/amisdebourronmarlotte.fr/htdocs/wp-content/uploads/2024/04/DT3121.jpg.Le fichier a été compressé de 2.90 MB à 2.40 MB, en économisant 17.16 % à l’aide de WP-Optimize 
[2024-04-29 16:28:54 : INFO] - Completed processing task with ID : 452, and type 'smush' 
[2024-04-29 16:28:54 : INFO] - Processing task with ID : 453, and type 'smush' 
[2024-04-29 16:28:54 : INFO] - Re_Smush_It_Task with attachment ID : 1792, autocreated on : April 29, 2024 04:26:22 
[2024-04-29 16:28:54 : INFO] - File: Pecheurs-decrevisses.png, Compression quality: 85 
[2024-04-29 16:28:54 : INFO] - Backing up the original image - 2024/04/Pecheurs-decrevisses-updraft-pre-smush-original.png 
[2024-04-29 16:28:55 : INFO] - There were no WebP conversion tools found on your server. 
[2024-04-29 16:28:55 : INFO] - Successfully optimized the image - /srv/data/web/vhosts/amisdebourronmarlotte.fr/htdocs/wp-content/uploads/2024/04/Pecheurs-decrevisses.png.Le fichier a été compressé de 289.36 KB à 121.42 KB, en économisant 58.04 % à l’aide de WP-Optimize 
[2024-04-29 16:28:55 : INFO] - Completed processing task with ID : 453, and type 'smush' 
[2024-04-29 16:28:55 : INFO] - Lock option (updraft_lock_smush, abm_options) released 
[2024-04-29 16:28:55 : INFO] - Successfully processed the queue (smush). 2 tasks were processed out of 2. 
[2024-04-29 16:28:55 : INFO] - Lock option (updraft_lock_smush, abm_options) was deleted from the database 
[2024-04-29 16:28:55 : INFO] - Cleaning up tasks of type (smush). A total of 2 tasks will be deleted. 
[2024-04-29 16:32:36 : INFO] - Re_Smush_It_Task with attachment ID : 1795, autocreated on : April 29, 2024 04:32:36 
[2024-04-29 16:33:31 : INFO] - Re_Smush_It_Task with attachment ID : 1796, autocreated on : April 29, 2024 04:33:31 
[2024-04-29 16:34:25 : INFO] - Re_Smush_It_Task with attachment ID : 1797, autocreated on : April 29, 2024 04:34:25 
[2024-04-29 16:34:42 : INFO] - Re_Smush_It_Task with attachment ID : 1798, autocreated on : April 29, 2024 04:34:42 
[2024-04-29 16:34:53 : INFO] - Re_Smush_It_Task with attachment ID : 1799, autocreated on : April 29, 2024 04:34:53 
[2024-04-29 16:38:11 : INFO] - Re_Smush_It_Task with attachment ID : 1800, autocreated on : April 29, 2024 04:38:11 
[2024-04-29 16:38:31 : INFO] - Re_Smush_It_Task with attachment ID : 1801, autocreated on : April 29, 2024 04:38:31 
[2024-04-29 16:38:59 : INFO] - A total of 7 tasks of type smush found and will be processed in this iteration 
[2024-04-29 16:38:59 : DEBUG] - Lock option (updraft_lock_smush, abm_options) was created in the database 
[2024-04-29 16:38:59 : INFO] - Lock (updraft_lock_smush, abm_options) acquired after initialising the database 
[2024-04-29 16:39:00 : INFO] - Processing task with ID : 454, and type 'smush' 
[2024-04-29 16:39:00 : INFO] - Re_Smush_It_Task with attachment ID : 1795, autocreated on : April 29, 2024 04:32:36 
[2024-04-29 16:39:00 : INFO] - File: 217900fgsdl3.jpg, Compression quality: 85 
[2024-04-29 16:39:00 : INFO] - Backing up the original image - 2024/04/217900fgsdl3-updraft-pre-smush-original.jpg 
[2024-04-29 16:39:04 : INFO] - There were no WebP conversion tools found on your server. 
[2024-04-29 16:39:04 : INFO] - Successfully optimized the image - /srv/data/web/vhosts/amisdebourronmarlotte.fr/htdocs/wp-content/uploads/2024/04/217900fgsdl3.jpg.Le fichier a été compressé de 1.64 MB à 428.58 KB, en économisant 74.47 % à l’aide de WP-Optimize 
[2024-04-29 16:39:04 : INFO] - Completed processing task with ID : 454, and type 'smush' 
[2024-04-29 16:39:04 : INFO] - Processing task with ID : 455, and type 'smush' 
[2024-04-29 16:39:04 : INFO] - Re_Smush_It_Task with attachment ID : 1796, autocreated on : April 29, 2024 04:33:31 
[2024-04-29 16:39:04 : INFO] - File: Harpignies.jpg, Compression quality: 85 
[2024-04-29 16:39:04 : INFO] - Backing up the original image - 2024/04/Harpignies-updraft-pre-smush-original.jpg 
[2024-04-29 16:39:05 : INFO] - There were no WebP conversion tools found on your server. 
[2024-04-29 16:39:05 : INFO] - Successfully optimized the image - /srv/data/web/vhosts/amisdebourronmarlotte.fr/htdocs/wp-content/uploads/2024/04/Harpignies.jpg.Le fichier a été compressé de 32.35 KB à 30.92 KB, en économisant 4.41 % à l’aide de WP-Optimize 
[2024-04-29 16:39:05 : INFO] - Completed processing task with ID : 455, and type 'smush' 
[2024-04-29 16:39:05 : INFO] - Processing task with ID : 456, and type 'smush' 
[2024-04-29 16:39:05 : INFO] - Re_Smush_It_Task with attachment ID : 1797, autocreated on : April 29, 2024 04:34:25 
[2024-04-29 16:39:05 : INFO] - File: DT3121-1.jpg, Compression quality: 85 
[2024-04-29 16:39:05 : INFO] - Backing up the original image - 2024/04/DT3121-1-updraft-pre-smush-original.jpg 
[2024-04-29 16:39:06 : INFO] - There were no WebP conversion tools found on your server. 
[2024-04-29 16:39:06 : INFO] - Successfully optimized the image - /srv/data/web/vhosts/amisdebourronmarlotte.fr/htdocs/wp-content/uploads/2024/04/DT3121-1.jpg.Le fichier a été compressé de 716.01 KB à 586.46 KB, en économisant 18.09 % à l’aide de WP-Optimize 
[2024-04-29 16:39:06 : INFO] - Completed processing task with ID : 456, and type 'smush' 
[2024-04-29 16:39:06 : INFO] - Processing task with ID : 457, and type 'smush' 
[2024-04-29 16:39:06 : INFO] - Re_Smush_It_Task with attachment ID : 1798, autocreated on : April 29, 2024 04:34:42 
[2024-04-29 16:39:06 : INFO] - File: Pecheurs-decrevisses-1.png, Compression quality: 85 
[2024-04-29 16:39:06 : INFO] - Backing up the original image - 2024/04/Pecheurs-decrevisses-1-updraft-pre-smush-original.png 
[2024-04-29 16:39:07 : INFO] - There were no WebP conversion tools found on your server. 
[2024-04-29 16:39:07 : INFO] - Successfully optimized the image - /srv/data/web/vhosts/amisdebourronmarlotte.fr/htdocs/wp-content/uploads/2024/04/Pecheurs-decrevisses-1.png.Le fichier a été compressé de 289.36 KB à 121.42 KB, en économisant 58.04 % à l’aide de WP-Optimize 
[2024-04-29 16:39:07 : INFO] - Completed processing task with ID : 457, and type 'smush' 
[2024-04-29 16:39:07 : INFO] - Processing task with ID : 458, and type 'smush' 
[2024-04-29 16:39:07 : INFO] - Re_Smush_It_Task with attachment ID : 1799, autocreated on : April 29, 2024 04:34:53 
[2024-04-29 16:39:07 : INFO] - File: DT3121-2.jpg, Compression quality: 85 
[2024-04-29 16:39:08 : INFO] - Backing up the original image - 2024/04/DT3121-2-updraft-pre-smush-original.jpg 
[2024-04-29 16:39:11 : INFO] - There were no WebP conversion tools found on your server. 
[2024-04-29 16:39:11 : INFO] - Successfully optimized the image - /srv/data/web/vhosts/amisdebourronmarlotte.fr/htdocs/wp-content/uploads/2024/04/DT3121-2.jpg.Le fichier a été compressé de 716.01 KB à 586.46 KB, en économisant 18.09 % à l’aide de WP-Optimize 
[2024-04-29 16:39:11 : INFO] - Completed processing task with ID : 458, and type 'smush' 
[2024-04-29 16:39:11 : INFO] - Processing task with ID : 459, and type 'smush' 
[2024-04-29 16:39:11 : INFO] - Re_Smush_It_Task with attachment ID : 1800, autocreated on : April 29, 2024 04:38:11 
[2024-04-29 16:39:11 : INFO] - File: Capture-decran-2022-10-01-075025.png, Compression quality: 85 
[2024-04-29 16:39:12 : INFO] - Backing up the original image - 2024/04/Capture-decran-2022-10-01-075025-updraft-pre-smush-original.png 
[2024-04-29 16:39:14 : INFO] - There were no WebP conversion tools found on your server. 
[2024-04-29 16:39:14 : INFO] - Successfully optimized the image - /srv/data/web/vhosts/amisdebourronmarlotte.fr/htdocs/wp-content/uploads/2024/04/Capture-decran-2022-10-01-075025.png.Le fichier a été compressé de 467.43 KB à 168.01 KB, en économisant 64.06 % à l’aide de WP-Optimize 
[2024-04-29 16:39:14 : INFO] - Completed processing task with ID : 459, and type 'smush' 
[2024-04-29 16:39:14 : INFO] - Processing task with ID : 460, and type 'smush' 
[2024-04-29 16:39:14 : INFO] - Re_Smush_It_Task with attachment ID : 1801, autocreated on : April 29, 2024 04:38:31 
[2024-04-29 16:39:14 : INFO] - File: Capture-decran-2022-10-01-075025-1.png, Compression quality: 85 
[2024-04-29 16:39:14 : INFO] - Backing up the original image - 2024/04/Capture-decran-2022-10-01-075025-1-updraft-pre-smush-original.png 
[2024-04-29 16:39:16 : INFO] - There were no WebP conversion tools found on your server. 
[2024-04-29 16:39:16 : INFO] - Successfully optimized the image - /srv/data/web/vhosts/amisdebourronmarlotte.fr/htdocs/wp-content/uploads/2024/04/Capture-decran-2022-10-01-075025-1.png.Le fichier a été compressé de 467.43 KB à 168.01 KB, en économisant 64.06 % à l’aide de WP-Optimize 
[2024-04-29 16:39:16 : INFO] - Completed processing task with ID : 460, and type 'smush' 
[2024-04-29 16:39:16 : INFO] - Lock option (updraft_lock_smush, abm_options) released 
[2024-04-29 16:39:16 : INFO] - Successfully processed the queue (smush). 7 tasks were processed out of 7. 
[2024-04-29 16:39:16 : INFO] - Lock option (updraft_lock_smush, abm_options) was deleted from the database 
[2024-04-29 16:39:16 : INFO] - Cleaning up tasks of type (smush). A total of 7 tasks will be deleted. 
[2024-04-29 16:45:47 : INFO] - Re_Smush_It_Task with attachment ID : 1802, autocreated on : April 29, 2024 04:45:47 
[2024-04-29 16:49:58 : INFO] - A total of 1 tasks of type smush found and will be processed in this iteration 
[2024-04-29 16:49:58 : DEBUG] - Lock option (updraft_lock_smush, abm_options) was created in the database 
[2024-04-29 16:49:58 : INFO] - Lock (updraft_lock_smush, abm_options) acquired after initialising the database 
[2024-04-29 16:49:58 : INFO] - Processing task with ID : 461, and type 'smush' 
[2024-04-29 16:49:58 : INFO] - Re_Smush_It_Task with attachment ID : 1802, autocreated on : April 29, 2024 04:45:47 
[2024-04-29 16:49:58 : INFO] - File: telechargement-91.png, Compression quality: 85 
[2024-04-29 16:50:00 : INFO] - Backing up the original image - 2024/04/telechargement-91-updraft-pre-smush-original.png 
[2024-04-29 16:50:08 : INFO] - There were no WebP conversion tools found on your server. 
[2024-04-29 16:50:08 : INFO] - Successfully optimized the image - /srv/data/web/vhosts/amisdebourronmarlotte.fr/htdocs/wp-content/uploads/2024/04/telechargement-91.png.Le fichier a été compressé de 2.57 MB à 1,005.92 KB, en économisant 61.71 % à l’aide de WP-Optimize 
[2024-04-29 16:50:08 : INFO] - Completed processing task with ID : 461, and type 'smush' 
[2024-04-29 16:50:08 : INFO] - Lock option (updraft_lock_smush, abm_options) released 
[2024-04-29 16:50:08 : INFO] - Successfully processed the queue (smush). 1 tasks were processed out of 1. 
[2024-04-29 16:50:08 : INFO] - Lock option (updraft_lock_smush, abm_options) was deleted from the database 
[2024-04-29 16:50:08 : INFO] - Cleaning up tasks of type (smush). A total of 1 tasks will be deleted. 
[2024-04-29 17:03:48 : INFO] - Re_Smush_It_Task with attachment ID : 1803, autocreated on : April 29, 2024 05:03:48 
[2024-04-29 17:04:40 : INFO] - Re_Smush_It_Task with attachment ID : 1804, autocreated on : April 29, 2024 05:04:40 
[2024-04-29 17:05:34 : INFO] - Re_Smush_It_Task with attachment ID : 1805, autocreated on : April 29, 2024 05:05:34 
[2024-04-29 17:09:39 : INFO] - A total of 3 tasks of type smush found and will be processed in this iteration 
[2024-04-29 17:09:39 : DEBUG] - Lock option (updraft_lock_smush, abm_options) was created in the database 
[2024-04-29 17:09:39 : INFO] - Lock (updraft_lock_smush, abm_options) acquired after initialising the database 
[2024-04-29 17:09:39 : INFO] - Processing task with ID : 462, and type 'smush' 
[2024-04-29 17:09:39 : INFO] - Re_Smush_It_Task with attachment ID : 1803, autocreated on : April 29, 2024 05:03:48 
[2024-04-29 17:09:39 : INFO] - File: telechargement-91-1.png, Compression quality: 85 
[2024-04-29 17:09:42 : INFO] - Backing up the original image - 2024/04/telechargement-91-1-updraft-pre-smush-original.png 
[2024-04-29 17:09:48 : INFO] - There were no WebP conversion tools found on your server. 
[2024-04-29 17:09:48 : INFO] - Successfully optimized the image - /srv/data/web/vhosts/amisdebourronmarlotte.fr/htdocs/wp-content/uploads/2024/04/telechargement-91-1.png.Le fichier a été compressé de 2.57 MB à 1,005.92 KB, en économisant 61.71 % à l’aide de WP-Optimize 
[2024-04-29 17:09:48 : INFO] - Completed processing task with ID : 462, and type 'smush' 
[2024-04-29 17:09:48 : INFO] - Processing task with ID : 463, and type 'smush' 
[2024-04-29 17:09:48 : INFO] - Re_Smush_It_Task with attachment ID : 1804, autocreated on : April 29, 2024 05:04:40 
[2024-04-29 17:09:48 : INFO] - File: telechargement-25.png, Compression quality: 85 
[2024-04-29 17:09:50 : INFO] - Backing up the original image - 2024/04/telechargement-25-updraft-pre-smush-original.png 
[2024-04-29 17:09:56 : INFO] - There were no WebP conversion tools found on your server. 
[2024-04-29 17:09:56 : INFO] - Successfully optimized the image - /srv/data/web/vhosts/amisdebourronmarlotte.fr/htdocs/wp-content/uploads/2024/04/telechargement-25.png.Le fichier a été compressé de 2.48 MB à 876.97 KB, en économisant 65.43 % à l’aide de WP-Optimize 
[2024-04-29 17:09:56 : INFO] - Completed processing task with ID : 463, and type 'smush' 
[2024-04-29 17:09:56 : INFO] - Processing task with ID : 464, and type 'smush' 
[2024-04-29 17:09:56 : INFO] - Re_Smush_It_Task with attachment ID : 1805, autocreated on : April 29, 2024 05:05:34 
[2024-04-29 17:09:56 : INFO] - File: telechargement-25-1.png, Compression quality: 85 
[2024-04-29 17:09:58 : INFO] - Backing up the original image - 2024/04/telechargement-25-1-updraft-pre-smush-original.png 
[2024-04-29 17:10:05 : INFO] - There were no WebP conversion tools found on your server. 
[2024-04-29 17:10:05 : INFO] - Successfully optimized the image - /srv/data/web/vhosts/amisdebourronmarlotte.fr/htdocs/wp-content/uploads/2024/04/telechargement-25-1.png.Le fichier a été compressé de 2.48 MB à 876.97 KB, en économisant 65.43 % à l’aide de WP-Optimize 
[2024-04-29 17:10:05 : INFO] - Completed processing task with ID : 464, and type 'smush' 
[2024-04-29 17:10:05 : INFO] - Lock option (updraft_lock_smush, abm_options) released 
[2024-04-29 17:10:05 : INFO] - Successfully processed the queue (smush). 3 tasks were processed out of 3. 
[2024-04-29 17:10:05 : INFO] - Lock option (updraft_lock_smush, abm_options) was deleted from the database 
[2024-04-29 17:10:05 : INFO] - Cleaning up tasks of type (smush). A total of 3 tasks will be deleted. 
[2024-04-29 17:36:00 : INFO] - Re_Smush_It_Task with attachment ID : 1806, autocreated on : April 29, 2024 05:36:00 
[2024-04-29 17:40:56 : INFO] - Re_Smush_It_Task with attachment ID : 1807, autocreated on : April 29, 2024 05:40:56 
[2024-04-29 17:41:59 : INFO] - A total of 2 tasks of type smush found and will be processed in this iteration 
[2024-04-29 17:41:59 : DEBUG] - Lock option (updraft_lock_smush, abm_options) was created in the database 
[2024-04-29 17:41:59 : INFO] - Lock (updraft_lock_smush, abm_options) acquired after initialising the database 
[2024-04-29 17:41:59 : INFO] - Processing task with ID : 465, and type 'smush' 
[2024-04-29 17:41:59 : INFO] - Re_Smush_It_Task with attachment ID : 1806, autocreated on : April 29, 2024 05:36:00 
[2024-04-29 17:41:59 : INFO] - File: 91720820_1_x.jpg, Compression quality: 85 
[2024-04-29 17:42:00 : INFO] - Backing up the original image - 2024/04/91720820_1_x-updraft-pre-smush-original.jpg 
[2024-04-29 17:42:02 : INFO] - There were no WebP conversion tools found on your server. 
[2024-04-29 17:42:02 : INFO] - Successfully optimized the image - /srv/data/web/vhosts/amisdebourronmarlotte.fr/htdocs/wp-content/uploads/2024/04/91720820_1_x.jpg.Le fichier a été compressé de 147.75 KB à 147.75 KB, en économisant 0 % à l’aide de WP-Optimize 
[2024-04-29 17:42:02 : INFO] - Completed processing task with ID : 465, and type 'smush' 
[2024-04-29 17:42:02 : INFO] - Processing task with ID : 466, and type 'smush' 
[2024-04-29 17:42:02 : INFO] - Task with ID 466 and type (smush) failed with error code exceeded_max_filesize - /srv/data/web/vhosts/amisdebourronmarlotte.fr/htdocs/wp-content/uploads/2024/04/image_harpignies_henri_joseph_paysage_a_marlo_ppd651_589505.jpg - cannot be optimized, file size is above service provider limit 
[2024-04-29 17:42:02 : INFO] - Lock option (updraft_lock_smush, abm_options) released 
[2024-04-29 17:42:02 : INFO] - Successfully processed the queue (smush). 2 tasks were processed out of 2. 
[2024-04-29 17:42:02 : INFO] - Lock option (updraft_lock_smush, abm_options) was deleted from the database 
[2024-04-29 17:42:02 : INFO] - Cleaning up tasks of type (smush). A total of 1 tasks will be deleted. 
[2024-04-29 18:46:13 : INFO] - Re_Smush_It_Task with attachment ID : 1809, autocreated on : April 29, 2024 06:46:13 
[2024-04-29 18:51:19 : INFO] - A total of 1 tasks of type smush found and will be processed in this iteration 
[2024-04-29 18:51:19 : DEBUG] - Lock option (updraft_lock_smush, abm_options) was created in the database 
[2024-04-29 18:51:19 : INFO] - Lock (updraft_lock_smush, abm_options) acquired after initialising the database 
[2024-04-29 18:51:19 : INFO] - Processing task with ID : 467, and type 'smush' 
[2024-04-29 18:51:19 : INFO] - Re_Smush_It_Task with attachment ID : 1809, autocreated on : April 29, 2024 06:46:13 
[2024-04-29 18:51:19 : INFO] - File: Capture-decran-2021-08-07-1745091.jpg, Compression quality: 85 
[2024-04-29 18:51:20 : INFO] - Backing up the original image - 2024/04/Capture-decran-2021-08-07-1745091-updraft-pre-smush-original.jpg 
[2024-04-29 18:51:21 : INFO] - There were no WebP conversion tools found on your server. 
[2024-04-29 18:51:21 : INFO] - Successfully optimized the image - /srv/data/web/vhosts/amisdebourronmarlotte.fr/htdocs/wp-content/uploads/2024/04/Capture-decran-2021-08-07-1745091.jpg.Le fichier a été compressé de 139.44 KB à 113.83 KB, en économisant 18.37 % à l’aide de WP-Optimize 
[2024-04-29 18:51:21 : INFO] - Completed processing task with ID : 467, and type 'smush' 
[2024-04-29 18:51:21 : INFO] - Lock option (updraft_lock_smush, abm_options) released 
[2024-04-29 18:51:21 : INFO] - Successfully processed the queue (smush). 1 tasks were processed out of 1. 
[2024-04-29 18:51:21 : INFO] - Lock option (updraft_lock_smush, abm_options) was deleted from the database 
[2024-04-29 18:51:21 : INFO] - Cleaning up tasks of type (smush). A total of 1 tasks will be deleted. 
[2024-04-29 19:05:29 : INFO] - Re_Smush_It_Task with attachment ID : 1810, autocreated on : April 29, 2024 07:05:29 
[2024-04-29 19:08:09 : INFO] - Re_Smush_It_Task with attachment ID : 1811, autocreated on : April 29, 2024 07:08:09 
[2024-04-29 19:10:31 : INFO] - A total of 2 tasks of type smush found and will be processed in this iteration 
[2024-04-29 19:10:31 : DEBUG] - Lock option (updraft_lock_smush, abm_options) was created in the database 
[2024-04-29 19:10:31 : INFO] - Lock (updraft_lock_smush, abm_options) acquired after initialising the database 
[2024-04-29 19:10:31 : INFO] - Processing task with ID : 468, and type 'smush' 
[2024-04-29 19:10:31 : INFO] - Re_Smush_It_Task with attachment ID : 1810, autocreated on : April 29, 2024 07:05:29 
[2024-04-29 19:10:31 : INFO] - File: Capture-decran-2024-04-29-a-13.30.271.png, Compression quality: 85 
[2024-04-29 19:10:32 : INFO] - Backing up the original image - 2024/04/Capture-decran-2024-04-29-a-13.30.271-updraft-pre-smush-original.png 
[2024-04-29 19:10:36 : INFO] - There were no WebP conversion tools found on your server. 
[2024-04-29 19:10:36 : INFO] - Successfully optimized the image - /srv/data/web/vhosts/amisdebourronmarlotte.fr/htdocs/wp-content/uploads/2024/04/Capture-decran-2024-04-29-a-13.30.271.png.Le fichier a été compressé de 1.25 MB à 431.11 KB, en économisant 66.24 % à l’aide de WP-Optimize 
[2024-04-29 19:10:36 : INFO] - Completed processing task with ID : 468, and type 'smush' 
[2024-04-29 19:10:36 : INFO] - Processing task with ID : 469, and type 'smush' 
[2024-04-29 19:10:36 : INFO] - Re_Smush_It_Task with attachment ID : 1811, autocreated on : April 29, 2024 07:08:09 
[2024-04-29 19:10:36 : INFO] - File: Capture-decran-2024-04-29-a-13.29.481.png, Compression quality: 85 
[2024-04-29 19:10:37 : INFO] - Backing up the original image - 2024/04/Capture-decran-2024-04-29-a-13.29.481-updraft-pre-smush-original.png 
[2024-04-29 19:10:42 : INFO] - There were no WebP conversion tools found on your server. 
[2024-04-29 19:10:42 : INFO] - Successfully optimized the image - /srv/data/web/vhosts/amisdebourronmarlotte.fr/htdocs/wp-content/uploads/2024/04/Capture-decran-2024-04-29-a-13.29.481.png.Le fichier a été compressé de 1.94 MB à 819.12 KB, en économisant 58.85 % à l’aide de WP-Optimize 
[2024-04-29 19:10:42 : INFO] - Completed processing task with ID : 469, and type 'smush' 
[2024-04-29 19:10:42 : INFO] - Lock option (updraft_lock_smush, abm_options) released 
[2024-04-29 19:10:42 : INFO] - Successfully processed the queue (smush). 2 tasks were processed out of 2. 
[2024-04-29 19:10:42 : INFO] - Lock option (updraft_lock_smush, abm_options) was deleted from the database 
[2024-04-29 19:10:42 : INFO] - Cleaning up tasks of type (smush). A total of 2 tasks will be deleted. 
[2024-04-29 19:16:46 : INFO] - Re_Smush_It_Task with attachment ID : 1812, autocreated on : April 29, 2024 07:16:46 
[2024-04-29 19:21:22 : INFO] - A total of 1 tasks of type smush found and will be processed in this iteration 
[2024-04-29 19:21:22 : DEBUG] - Lock option (updraft_lock_smush, abm_options) was created in the database 
[2024-04-29 19:21:22 : INFO] - Lock (updraft_lock_smush, abm_options) acquired after initialising the database 
[2024-04-29 19:21:22 : INFO] - Processing task with ID : 470, and type 'smush' 
[2024-04-29 19:21:22 : INFO] - Re_Smush_It_Task with attachment ID : 1812, autocreated on : April 29, 2024 07:16:46 
[2024-04-29 19:21:22 : INFO] - File: Explication_des_ouvrages_de_peinture_.Salon_Auteur_bpt6k98117512_2421.jpg, Compression quality: 85 
[2024-04-29 19:21:22 : INFO] - Backing up the original image - 2024/04/Explication_des_ouvrages_de_peinture_.Salon_Auteur_bpt6k98117512_2421-updraft-pre-smush-original.jpg 
[2024-04-29 19:21:24 : INFO] - There were no WebP conversion tools found on your server. 
[2024-04-29 19:21:24 : INFO] - Successfully optimized the image - /srv/data/web/vhosts/amisdebourronmarlotte.fr/htdocs/wp-content/uploads/2024/04/Explication_des_ouvrages_de_peinture_.Salon_Auteur_bpt6k98117512_2421.jpg.Le fichier a été compressé de 60.89 KB à 60.89 KB, en économisant 0 % à l’aide de WP-Optimize 
[2024-04-29 19:21:24 : INFO] - Completed processing task with ID : 470, and type 'smush' 
[2024-04-29 19:21:24 : INFO] - Lock option (updraft_lock_smush, abm_options) released 
[2024-04-29 19:21:24 : INFO] - Successfully processed the queue (smush). 1 tasks were processed out of 1. 
[2024-04-29 19:21:24 : INFO] - Lock option (updraft_lock_smush, abm_options) was deleted from the database 
[2024-04-29 19:21:24 : INFO] - Cleaning up tasks of type (smush). A total of 1 tasks will be deleted. 
[2024-04-29 19:22:21 : INFO] - Re_Smush_It_Task with attachment ID : 1813, autocreated on : April 29, 2024 07:22:21 
[2024-04-29 19:32:27 : INFO] - A total of 1 tasks of type smush found and will be processed in this iteration 
[2024-04-29 19:32:27 : DEBUG] - Lock option (updraft_lock_smush, abm_options) was created in the database 
[2024-04-29 19:32:27 : INFO] - Lock (updraft_lock_smush, abm_options) acquired after initialising the database 
[2024-04-29 19:32:27 : INFO] - Processing task with ID : 471, and type 'smush' 
[2024-04-29 19:32:27 : INFO] - Re_Smush_It_Task with attachment ID : 1813, autocreated on : April 29, 2024 07:22:21 
[2024-04-29 19:32:27 : INFO] - File: Capture-decran-2024-04-29-a-21.21.34.png, Compression quality: 85 
[2024-04-29 19:32:28 : INFO] - Backing up the original image - 2024/04/Capture-decran-2024-04-29-a-21.21.34-updraft-pre-smush-original.png 
[2024-04-29 19:32:29 : INFO] - There were no WebP conversion tools found on your server. 
[2024-04-29 19:32:29 : INFO] - Successfully optimized the image - /srv/data/web/vhosts/amisdebourronmarlotte.fr/htdocs/wp-content/uploads/2024/04/Capture-decran-2024-04-29-a-21.21.34.png.Le fichier a été compressé de 188.87 KB à 98.56 KB, en économisant 47.82 % à l’aide de WP-Optimize 
[2024-04-29 19:32:29 : INFO] - Completed processing task with ID : 471, and type 'smush' 
[2024-04-29 19:32:29 : INFO] - Lock option (updraft_lock_smush, abm_options) released 
[2024-04-29 19:32:29 : INFO] - Successfully processed the queue (smush). 1 tasks were processed out of 1. 
[2024-04-29 19:32:29 : INFO] - Lock option (updraft_lock_smush, abm_options) was deleted from the database 
[2024-04-29 19:32:29 : INFO] - Cleaning up tasks of type (smush). A total of 1 tasks will be deleted. 
[2024-04-29 20:38:46 : INFO] - Re_Smush_It_Task with attachment ID : 1814, autocreated on : April 29, 2024 08:38:46 
[2024-04-29 20:44:18 : INFO] - A total of 1 tasks of type smush found and will be processed in this iteration 
[2024-04-29 20:44:18 : DEBUG] - Lock option (updraft_lock_smush, abm_options) was created in the database 
[2024-04-29 20:44:18 : INFO] - Lock (updraft_lock_smush, abm_options) acquired after initialising the database 
[2024-04-29 20:44:18 : INFO] - Processing task with ID : 472, and type 'smush' 
[2024-04-29 20:44:18 : INFO] - Re_Smush_It_Task with attachment ID : 1814, autocreated on : April 29, 2024 08:38:46 
[2024-04-29 20:44:18 : INFO] - File: Henri_Harpignies_-_View_towards_Capri_-_NM_7066_-_Nationalmuseum-copie.jpg, Compression quality: 85 
[2024-04-29 20:44:18 : INFO] - Backing up the original image - 2024/04/Henri_Harpignies_-_View_towards_Capri_-_NM_7066_-_Nationalmuseum-copie-updraft-pre-smush-original.jpg 
[2024-04-29 20:44:19 : INFO] - There were no WebP conversion tools found on your server. 
[2024-04-29 20:44:19 : INFO] - Successfully optimized the image - /srv/data/web/vhosts/amisdebourronmarlotte.fr/htdocs/wp-content/uploads/2024/04/Henri_Harpignies_-_View_towards_Capri_-_NM_7066_-_Nationalmuseum-copie.jpg.Le fichier a été compressé de 57.31 KB à 54.49 KB, en économisant 4.92 % à l’aide de WP-Optimize 
[2024-04-29 20:44:19 : INFO] - Completed processing task with ID : 472, and type 'smush' 
[2024-04-29 20:44:19 : INFO] - Lock option (updraft_lock_smush, abm_options) released 
[2024-04-29 20:44:19 : INFO] - Successfully processed the queue (smush). 1 tasks were processed out of 1. 
[2024-04-29 20:44:19 : INFO] - Lock option (updraft_lock_smush, abm_options) was deleted from the database 
[2024-04-29 20:44:19 : INFO] - Cleaning up tasks of type (smush). A total of 1 tasks will be deleted. 
[2024-05-01 13:38:33 : INFO] - Re_Smush_It_Task with attachment ID : 1815, autocreated on : May 01, 2024 01:38:33 
[2024-05-01 13:44:21 : INFO] - A total of 1 tasks of type smush found and will be processed in this iteration 
[2024-05-01 13:44:21 : DEBUG] - Lock option (updraft_lock_smush, abm_options) was created in the database 
[2024-05-01 13:44:21 : INFO] - Lock (updraft_lock_smush, abm_options) acquired after initialising the database 
[2024-05-01 13:44:21 : INFO] - Processing task with ID : 473, and type 'smush' 
[2024-05-01 13:44:22 : INFO] - Re_Smush_It_Task with attachment ID : 1815, autocreated on : May 01, 2024 01:38:33 
[2024-05-01 13:44:22 : INFO] - File: telechargement-91.png, Compression quality: 85 
[2024-05-01 13:44:23 : INFO] - Backing up the original image - 2024/05/telechargement-91-updraft-pre-smush-original.png 
[2024-05-01 13:44:31 : INFO] - There were no WebP conversion tools found on your server. 
[2024-05-01 13:44:31 : INFO] - Successfully optimized the image - /srv/data/web/vhosts/amisdebourronmarlotte.fr/htdocs/wp-content/uploads/2024/05/telechargement-91.png.Le fichier a été compressé de 2.65 MB à 998.29 KB, en économisant 63.2 % à l’aide de WP-Optimize 
[2024-05-01 13:44:31 : INFO] - Completed processing task with ID : 473, and type 'smush' 
[2024-05-01 13:44:31 : INFO] - Lock option (updraft_lock_smush, abm_options) released 
[2024-05-01 13:44:31 : INFO] - Successfully processed the queue (smush). 1 tasks were processed out of 1. 
[2024-05-01 13:44:31 : INFO] - Lock option (updraft_lock_smush, abm_options) was deleted from the database 
[2024-05-01 13:44:31 : INFO] - Cleaning up tasks of type (smush). A total of 1 tasks will be deleted. 
[2024-05-02 08:38:25 : INFO] - Re_Smush_It_Task with attachment ID : 1816, autocreated on : May 02, 2024 08:38:25 
[2024-05-02 08:44:28 : INFO] - A total of 1 tasks of type smush found and will be processed in this iteration 
[2024-05-02 08:44:28 : DEBUG] - Lock option (updraft_lock_smush, abm_options) was created in the database 
[2024-05-02 08:44:28 : INFO] - Lock (updraft_lock_smush, abm_options) acquired after initialising the database 
[2024-05-02 08:44:28 : INFO] - Processing task with ID : 474, and type 'smush' 
[2024-05-02 08:44:28 : INFO] - Re_Smush_It_Task with attachment ID : 1816, autocreated on : May 02, 2024 08:38:25 
[2024-05-02 08:44:28 : INFO] - File: Capture-decran-2024-05-02-a-10.36.32.png, Compression quality: 85 
[2024-05-02 08:44:29 : INFO] - Backing up the original image - 2024/05/Capture-decran-2024-05-02-a-10.36.32-updraft-pre-smush-original.png 
[2024-05-02 08:44:32 : INFO] - There were no WebP conversion tools found on your server. 
[2024-05-02 08:44:32 : INFO] - Successfully optimized the image - /srv/data/web/vhosts/amisdebourronmarlotte.fr/htdocs/wp-content/uploads/2024/05/Capture-decran-2024-05-02-a-10.36.32.png.Le fichier a été compressé de 757.09 KB à 235.17 KB, en économisant 68.94 % à l’aide de WP-Optimize 
[2024-05-02 08:44:32 : INFO] - Completed processing task with ID : 474, and type 'smush' 
[2024-05-02 08:44:32 : INFO] - Lock option (updraft_lock_smush, abm_options) released 
[2024-05-02 08:44:32 : INFO] - Successfully processed the queue (smush). 1 tasks were processed out of 1. 
[2024-05-02 08:44:33 : INFO] - Lock option (updraft_lock_smush, abm_options) was deleted from the database 
[2024-05-02 08:44:33 : INFO] - Cleaning up tasks of type (smush). A total of 1 tasks will be deleted. 
[2024-05-02 09:11:46 : INFO] - Re_Smush_It_Task with attachment ID : 1817, autocreated on : May 02, 2024 09:11:46 
[2024-05-02 09:17:55 : INFO] - A total of 1 tasks of type smush found and will be processed in this iteration 
[2024-05-02 09:17:55 : DEBUG] - Lock option (updraft_lock_smush, abm_options) was created in the database 
[2024-05-02 09:17:55 : INFO] - Lock (updraft_lock_smush, abm_options) acquired after initialising the database 
[2024-05-02 09:17:55 : INFO] - Processing task with ID : 475, and type 'smush' 
[2024-05-02 09:17:55 : INFO] - Re_Smush_It_Task with attachment ID : 1817, autocreated on : May 02, 2024 09:11:46 
[2024-05-02 09:17:55 : INFO] - File: 126280488.jpg, Compression quality: 85 
[2024-05-02 09:17:56 : INFO] - Backing up the original image - 2024/05/126280488-updraft-pre-smush-original.jpg 
[2024-05-02 09:17:57 : INFO] - There were no WebP conversion tools found on your server. 
[2024-05-02 09:17:57 : INFO] - Successfully optimized the image - /srv/data/web/vhosts/amisdebourronmarlotte.fr/htdocs/wp-content/uploads/2024/05/126280488.jpg.Le fichier a été compressé de 89.31 KB à 74.26 KB, en économisant 16.86 % à l’aide de WP-Optimize 
[2024-05-02 09:17:57 : INFO] - Completed processing task with ID : 475, and type 'smush' 
[2024-05-02 09:17:57 : INFO] - Lock option (updraft_lock_smush, abm_options) released 
[2024-05-02 09:17:57 : INFO] - Successfully processed the queue (smush). 1 tasks were processed out of 1. 
[2024-05-02 09:17:57 : INFO] - Lock option (updraft_lock_smush, abm_options) was deleted from the database 
[2024-05-02 09:17:57 : INFO] - Cleaning up tasks of type (smush). A total of 1 tasks will be deleted. 
[2024-05-30 17:48:44 : INFO] - Re_Smush_It_Task with attachment ID : 1825, autocreated on : May 30, 2024 05:48:44 
[2024-05-30 17:51:11 : INFO] - Re_Smush_It_Task with attachment ID : 1826, autocreated on : May 30, 2024 05:51:11 
[2024-05-30 17:53:47 : INFO] - A total of 2 tasks of type smush found and will be processed in this iteration 
[2024-05-30 17:53:47 : DEBUG] - Lock option (updraft_lock_smush, abm_options) was created in the database 
[2024-05-30 17:53:47 : INFO] - Lock (updraft_lock_smush, abm_options) acquired after initialising the database 
[2024-05-30 17:53:47 : INFO] - Processing task with ID : 476, and type 'smush' 
[2024-05-30 17:53:47 : INFO] - Re_Smush_It_Task with attachment ID : 1825, autocreated on : May 30, 2024 05:48:44 
[2024-05-30 17:53:47 : INFO] - File: Autoportrait-Emma-Lowstadt-Chadwick.jpg, Compression quality: 85 
[2024-05-30 17:53:48 : INFO] - Backing up the original image - 2024/05/Autoportrait-Emma-Lowstadt-Chadwick-updraft-pre-smush-original.jpg 
[2024-05-30 17:53:50 : INFO] - There were no WebP conversion tools found on your server. 
[2024-05-30 17:53:50 : INFO] - Successfully optimized the image - /srv/data/web/vhosts/amisdebourronmarlotte.fr/htdocs/wp-content/uploads/2024/05/Autoportrait-Emma-Lowstadt-Chadwick.jpg.Le fichier a été compressé de 931.82 KB à 654.16 KB, en économisant 29.8 % à l’aide de WP-Optimize 
[2024-05-30 17:53:50 : INFO] - Completed processing task with ID : 476, and type 'smush' 
[2024-05-30 17:53:50 : INFO] - Processing task with ID : 477, and type 'smush' 
[2024-05-30 17:53:50 : INFO] - Re_Smush_It_Task with attachment ID : 1826, autocreated on : May 30, 2024 05:51:11 
[2024-05-30 17:53:50 : INFO] - File: Artistes-suedoises-.jpg, Compression quality: 85 
[2024-05-30 17:53:50 : INFO] - Backing up the original image - 2024/05/Artistes-suedoises--updraft-pre-smush-original.jpg 
[2024-05-30 17:53:52 : INFO] - There were no WebP conversion tools found on your server. 
[2024-05-30 17:53:52 : INFO] - Successfully optimized the image - /srv/data/web/vhosts/amisdebourronmarlotte.fr/htdocs/wp-content/uploads/2024/05/Artistes-suedoises-.jpg.Le fichier a été compressé de 466.14 KB à 444.62 KB, en économisant 4.62 % à l’aide de WP-Optimize 
[2024-05-30 17:53:52 : INFO] - Completed processing task with ID : 477, and type 'smush' 
[2024-05-30 17:53:52 : INFO] - Lock option (updraft_lock_smush, abm_options) released 
[2024-05-30 17:53:52 : INFO] - Successfully processed the queue (smush). 2 tasks were processed out of 2. 
[2024-05-30 17:53:52 : INFO] - Lock option (updraft_lock_smush, abm_options) was deleted from the database 
[2024-05-30 17:53:52 : INFO] - Cleaning up tasks of type (smush). A total of 2 tasks will be deleted. 
[2024-06-03 19:38:47 : INFO] - Re_Smush_It_Task with attachment ID : 1840, autocreated on : June 03, 2024 07:38:46 
[2024-06-03 19:41:33 : INFO] - Re_Smush_It_Task with attachment ID : 1841, autocreated on : June 03, 2024 07:41:33 
[2024-06-03 19:43:49 : INFO] - A total of 2 tasks of type smush found and will be processed in this iteration 
[2024-06-03 19:43:49 : DEBUG] - Lock option (updraft_lock_smush, abm_options) was created in the database 
[2024-06-03 19:43:49 : INFO] - Lock (updraft_lock_smush, abm_options) acquired after initialising the database 
[2024-06-03 19:43:49 : INFO] - Processing task with ID : 478, and type 'smush' 
[2024-06-03 19:43:49 : INFO] - Re_Smush_It_Task with attachment ID : 1840, autocreated on : June 03, 2024 07:38:46 
[2024-06-03 19:43:49 : INFO] - File: DL-1970-3.jpg, Compression quality: 85 
[2024-06-03 19:43:50 : INFO] - Backing up the original image - 2024/06/DL-1970-3-updraft-pre-smush-original.jpg 
[2024-06-03 19:43:51 : INFO] - There were no WebP conversion tools found on your server. 
[2024-06-03 19:43:51 : INFO] - Successfully optimized the image - /srv/data/web/vhosts/amisdebourronmarlotte.fr/htdocs/wp-content/uploads/2024/06/DL-1970-3.jpg.Le fichier a été compressé de 303.98 KB à 122.75 KB, en économisant 59.62 % à l’aide de WP-Optimize 
[2024-06-03 19:43:51 : INFO] - Completed processing task with ID : 478, and type 'smush' 
[2024-06-03 19:43:51 : INFO] - Processing task with ID : 479, and type 'smush' 
[2024-06-03 19:43:51 : INFO] - Re_Smush_It_Task with attachment ID : 1841, autocreated on : June 03, 2024 07:41:33 
[2024-06-03 19:43:51 : INFO] - File: image_carjat_cie_portrait_de_rao_ph55821_406532.jpg, Compression quality: 85 
[2024-06-03 19:43:53 : INFO] - Backing up the original image - 2024/06/image_carjat_cie_portrait_de_rao_ph55821_406532-updraft-pre-smush-original.jpg 
[2024-06-03 19:43:53 : INFO] - There were no WebP conversion tools found on your server. 
[2024-06-03 19:43:53 : INFO] - Successfully optimized the image - /srv/data/web/vhosts/amisdebourronmarlotte.fr/htdocs/wp-content/uploads/2024/06/image_carjat_cie_portrait_de_rao_ph55821_406532.jpg.Le fichier a été compressé de 2.74 MB à 2.65 MB, en économisant 3.27 % à l’aide de WP-Optimize 
[2024-06-03 19:43:53 : INFO] - Completed processing task with ID : 479, and type 'smush' 
[2024-06-03 19:43:53 : INFO] - Lock option (updraft_lock_smush, abm_options) released 
[2024-06-03 19:43:53 : INFO] - Successfully processed the queue (smush). 2 tasks were processed out of 2. 
[2024-06-03 19:43:53 : INFO] - Lock option (updraft_lock_smush, abm_options) was deleted from the database 
[2024-06-03 19:43:53 : INFO] - Cleaning up tasks of type (smush). A total of 2 tasks will be deleted. 
[2024-06-11 06:17:23 : INFO] - Re_Smush_It_Task with attachment ID : 1844, autocreated on : June 11, 2024 06:17:22 
[2024-06-11 06:21:25 : INFO] - Re_Smush_It_Task with attachment ID : 1845, autocreated on : June 11, 2024 06:21:24 
[2024-06-11 06:24:11 : INFO] - A total of 2 tasks of type smush found and will be processed in this iteration 
[2024-06-11 06:24:11 : DEBUG] - Lock option (updraft_lock_smush, abm_options) was created in the database 
[2024-06-11 06:24:11 : INFO] - Lock (updraft_lock_smush, abm_options) acquired after initialising the database 
[2024-06-11 06:24:11 : INFO] - Processing task with ID : 480, and type 'smush' 
[2024-06-11 06:24:11 : INFO] - Re_Smush_It_Task with attachment ID : 1844, autocreated on : June 11, 2024 06:17:22 
[2024-06-11 06:24:11 : INFO] - File: La-promenade-1870.jpg, Compression quality: 85 
[2024-06-11 06:24:12 : INFO] - Backing up the original image - 2024/06/La-promenade-1870-updraft-pre-smush-original.jpg 
[2024-06-11 06:24:13 : INFO] - There were no WebP conversion tools found on your server. 
[2024-06-11 06:24:14 : INFO] - Successfully optimized the image - /srv/data/web/vhosts/amisdebourronmarlotte.fr/htdocs/wp-content/uploads/2024/06/La-promenade-1870.jpg.Le fichier a été compressé de 138.36 KB à 138.36 KB, en économisant 0 % à l’aide de WP-Optimize 
[2024-06-11 06:24:14 : INFO] - Completed processing task with ID : 480, and type 'smush' 
[2024-06-11 06:24:14 : INFO] - Processing task with ID : 481, and type 'smush' 
[2024-06-11 06:24:14 : INFO] - Re_Smush_It_Task with attachment ID : 1845, autocreated on : June 11, 2024 06:21:24 
[2024-06-11 06:24:14 : INFO] - File: Pierre-Auguste-Renoir.jpg, Compression quality: 85 
[2024-06-11 06:24:14 : INFO] - Backing up the original image - 2024/06/Pierre-Auguste-Renoir-updraft-pre-smush-original.jpg 
[2024-06-11 06:24:16 : INFO] - There were no WebP conversion tools found on your server. 
[2024-06-11 06:24:16 : INFO] - Successfully optimized the image - /srv/data/web/vhosts/amisdebourronmarlotte.fr/htdocs/wp-content/uploads/2024/06/Pierre-Auguste-Renoir.jpg.Le fichier a été compressé de 56.29 KB à 54.54 KB, en économisant 3.1 % à l’aide de WP-Optimize 
[2024-06-11 06:24:16 : INFO] - Completed processing task with ID : 481, and type 'smush' 
[2024-06-11 06:24:16 : INFO] - Lock option (updraft_lock_smush, abm_options) released 
[2024-06-11 06:24:16 : INFO] - Successfully processed the queue (smush). 2 tasks were processed out of 2. 
[2024-06-11 06:24:16 : INFO] - Lock option (updraft_lock_smush, abm_options) was deleted from the database 
[2024-06-11 06:24:16 : INFO] - Cleaning up tasks of type (smush). A total of 2 tasks will be deleted. 
[2024-06-11 07:35:26 : INFO] - Re_Smush_It_Task with attachment ID : 1846, autocreated on : June 11, 2024 07:35:25 
[2024-06-11 07:38:15 : INFO] - Re_Smush_It_Task with attachment ID : 1847, autocreated on : June 11, 2024 07:38:15 
[2024-06-11 07:39:35 : INFO] - Re_Smush_It_Task with attachment ID : 1848, autocreated on : June 11, 2024 07:39:35 
[2024-06-11 07:41:33 : INFO] - A total of 3 tasks of type smush found and will be processed in this iteration 
[2024-06-11 07:41:33 : DEBUG] - Lock option (updraft_lock_smush, abm_options) was created in the database 
[2024-06-11 07:41:33 : INFO] - Lock (updraft_lock_smush, abm_options) acquired after initialising the database 
[2024-06-11 07:41:33 : INFO] - Processing task with ID : 482, and type 'smush' 
[2024-06-11 07:41:33 : INFO] - Task with ID 482 and type (smush) failed with error code exceeded_max_filesize - /srv/data/web/vhosts/amisdebourronmarlotte.fr/htdocs/wp-content/uploads/2024/06/umn.31951000752342w-seq_53.jpg - cannot be optimized, file size is above service provider limit 
[2024-06-11 07:41:33 : INFO] - Processing task with ID : 483, and type 'smush' 
[2024-06-11 07:41:33 : INFO] - Task with ID 483 and type (smush) failed with error code exceeded_max_filesize - /srv/data/web/vhosts/amisdebourronmarlotte.fr/htdocs/wp-content/uploads/2024/06/umn.31951000752342w-seq_53-1.jpg - cannot be optimized, file size is above service provider limit 
[2024-06-11 07:41:33 : INFO] - Processing task with ID : 484, and type 'smush' 
[2024-06-11 07:41:33 : INFO] - Re_Smush_It_Task with attachment ID : 1848, autocreated on : June 11, 2024 07:39:35 
[2024-06-11 07:41:33 : INFO] - File: Hommes-de-la-commune-copie.jpg, Compression quality: 85 
[2024-06-11 07:41:34 : INFO] - Backing up the original image - 2024/06/Hommes-de-la-commune-copie-updraft-pre-smush-original.jpg 
[2024-06-11 07:41:37 : INFO] - There were no WebP conversion tools found on your server. 
[2024-06-11 07:41:37 : INFO] - Successfully optimized the image - /srv/data/web/vhosts/amisdebourronmarlotte.fr/htdocs/wp-content/uploads/2024/06/Hommes-de-la-commune-copie.jpg.Le fichier a été compressé de 1.60 MB à 889.26 KB, en économisant 45.89 % à l’aide de WP-Optimize 
[2024-06-11 07:41:37 : INFO] - Completed processing task with ID : 484, and type 'smush' 
[2024-06-11 07:41:37 : INFO] - Lock option (updraft_lock_smush, abm_options) released 
[2024-06-11 07:41:38 : INFO] - Successfully processed the queue (smush). 3 tasks were processed out of 3. 
[2024-06-11 07:41:38 : INFO] - Lock option (updraft_lock_smush, abm_options) was deleted from the database 
[2024-06-11 07:41:38 : INFO] - Cleaning up tasks of type (smush). A total of 1 tasks will be deleted. 
[2024-06-11 07:43:40 : INFO] - Re_Smush_It_Task with attachment ID : 1849, autocreated on : June 11, 2024 07:43:40 
[2024-06-11 07:46:19 : INFO] - Re_Smush_It_Task with attachment ID : 1850, autocreated on : June 11, 2024 07:46:19 
[2024-06-11 07:51:54 : INFO] - A total of 2 tasks of type smush found and will be processed in this iteration 
[2024-06-11 07:51:54 : DEBUG] - Lock option (updraft_lock_smush, abm_options) was created in the database 
[2024-06-11 07:51:54 : INFO] - Lock (updraft_lock_smush, abm_options) acquired after initialising the database 
[2024-06-11 07:51:54 : INFO] - Processing task with ID : 485, and type 'smush' 
[2024-06-11 07:51:54 : INFO] - Re_Smush_It_Task with attachment ID : 1849, autocreated on : June 11, 2024 07:43:40 
[2024-06-11 07:51:54 : INFO] - File: Portrait-de-Renoir-par-Bazille.jpg, Compression quality: 85 
[2024-06-11 07:51:55 : INFO] - Backing up the original image - 2024/06/Portrait-de-Renoir-par-Bazille-updraft-pre-smush-original.jpg 
[2024-06-11 07:51:55 : INFO] - There were no WebP conversion tools found on your server. 
[2024-06-11 07:51:55 : INFO] - Successfully optimized the image - /srv/data/web/vhosts/amisdebourronmarlotte.fr/htdocs/wp-content/uploads/2024/06/Portrait-de-Renoir-par-Bazille.jpg.Le fichier a été compressé de 2.21 MB à 585.44 KB, en économisant 74.08 % à l’aide de WP-Optimize 
[2024-06-11 07:51:55 : INFO] - Completed processing task with ID : 485, and type 'smush' 
[2024-06-11 07:51:55 : INFO] - Processing task with ID : 486, and type 'smush' 
[2024-06-11 07:51:56 : INFO] - Re_Smush_It_Task with attachment ID : 1850, autocreated on : June 11, 2024 07:46:19 
[2024-06-11 07:51:56 : INFO] - File: Portrait-de-Renoir-par-Bazille-1.jpg, Compression quality: 85 
[2024-06-11 07:51:56 : INFO] - Backing up the original image - 2024/06/Portrait-de-Renoir-par-Bazille-1-updraft-pre-smush-original.jpg 
[2024-06-11 07:52:00 : INFO] - There were no WebP conversion tools found on your server. 
[2024-06-11 07:52:00 : INFO] - Successfully optimized the image - /srv/data/web/vhosts/amisdebourronmarlotte.fr/htdocs/wp-content/uploads/2024/06/Portrait-de-Renoir-par-Bazille-1.jpg.Le fichier a été compressé de 2.21 MB à 585.44 KB, en économisant 74.08 % à l’aide de WP-Optimize 
[2024-06-11 07:52:00 : INFO] - Completed processing task with ID : 486, and type 'smush' 
[2024-06-11 07:52:00 : INFO] - Lock option (updraft_lock_smush, abm_options) released 
[2024-06-11 07:52:00 : INFO] - Successfully processed the queue (smush). 2 tasks were processed out of 2. 
[2024-06-11 07:52:00 : INFO] - Lock option (updraft_lock_smush, abm_options) was deleted from the database 
[2024-06-11 07:52:00 : INFO] - Cleaning up tasks of type (smush). A total of 2 tasks will be deleted. 
[2024-06-11 08:20:32 : INFO] - Re_Smush_It_Task with attachment ID : 1851, autocreated on : June 11, 2024 08:20:31 
[2024-06-11 08:22:16 : INFO] - Re_Smush_It_Task with attachment ID : 1852, autocreated on : June 11, 2024 08:22:16 
[2024-06-11 08:22:51 : INFO] - Re_Smush_It_Task with attachment ID : 1853, autocreated on : June 11, 2024 08:22:51 
[2024-06-11 08:23:32 : INFO] - Re_Smush_It_Task with attachment ID : 1854, autocreated on : June 11, 2024 08:23:31 
[2024-06-11 08:25:32 : INFO] - A total of 4 tasks of type smush found and will be processed in this iteration 
[2024-06-11 08:25:32 : DEBUG] - Lock option (updraft_lock_smush, abm_options) was created in the database 
[2024-06-11 08:25:32 : INFO] - Lock (updraft_lock_smush, abm_options) acquired after initialising the database 
[2024-06-11 08:25:32 : INFO] - Processing task with ID : 487, and type 'smush' 
[2024-06-11 08:25:32 : INFO] - Re_Smush_It_Task with attachment ID : 1851, autocreated on : June 11, 2024 08:20:31 
[2024-06-11 08:25:32 : INFO] - File: image_zut_alfred_le_petit_dit_raoul_rigault__504884.jpg, Compression quality: 85 
[2024-06-11 08:25:33 : INFO] - Backing up the original image - 2024/06/image_zut_alfred_le_petit_dit_raoul_rigault__504884-updraft-pre-smush-original.jpg 
[2024-06-11 08:25:36 : INFO] - There were no WebP conversion tools found on your server. 
[2024-06-11 08:25:36 : INFO] - Successfully optimized the image - /srv/data/web/vhosts/amisdebourronmarlotte.fr/htdocs/wp-content/uploads/2024/06/image_zut_alfred_le_petit_dit_raoul_rigault__504884.jpg.Le fichier a été compressé de 1.33 MB à 457.81 KB, en économisant 66.38 % à l’aide de WP-Optimize 
[2024-06-11 08:25:36 : INFO] - Completed processing task with ID : 487, and type 'smush' 
[2024-06-11 08:25:36 : INFO] - Processing task with ID : 488, and type 'smush' 
[2024-06-11 08:25:36 : INFO] - Re_Smush_It_Task with attachment ID : 1852, autocreated on : June 11, 2024 08:22:16 
[2024-06-11 08:25:36 : INFO] - File: Hommes-de-la-commune-copie-1.jpg, Compression quality: 85 
[2024-06-11 08:25:38 : INFO] - Backing up the original image - 2024/06/Hommes-de-la-commune-copie-1-updraft-pre-smush-original.jpg 
[2024-06-11 08:25:40 : INFO] - There were no WebP conversion tools found on your server. 
[2024-06-11 08:25:40 : INFO] - Successfully optimized the image - /srv/data/web/vhosts/amisdebourronmarlotte.fr/htdocs/wp-content/uploads/2024/06/Hommes-de-la-commune-copie-1.jpg.Le fichier a été compressé de 1.53 MB à 872.34 KB, en économisant 44.44 % à l’aide de WP-Optimize 
[2024-06-11 08:25:40 : INFO] - Completed processing task with ID : 488, and type 'smush' 
[2024-06-11 08:25:40 : INFO] - Processing task with ID : 489, and type 'smush' 
[2024-06-11 08:25:40 : INFO] - Re_Smush_It_Task with attachment ID : 1853, autocreated on : June 11, 2024 08:22:51 
[2024-06-11 08:25:40 : INFO] - File: Hommes-de-la-commune-copie-2.jpg, Compression quality: 85 
[2024-06-11 08:25:41 : INFO] - Backing up the original image - 2024/06/Hommes-de-la-commune-copie-2-updraft-pre-smush-original.jpg 
[2024-06-11 08:25:43 : INFO] - There were no WebP conversion tools found on your server. 
[2024-06-11 08:25:43 : INFO] - Successfully optimized the image - /srv/data/web/vhosts/amisdebourronmarlotte.fr/htdocs/wp-content/uploads/2024/06/Hommes-de-la-commune-copie-2.jpg.Le fichier a été compressé de 1.53 MB à 872.34 KB, en économisant 44.44 % à l’aide de WP-Optimize 
[2024-06-11 08:25:43 : INFO] - Completed processing task with ID : 489, and type 'smush' 
[2024-06-11 08:25:43 : INFO] - Processing task with ID : 490, and type 'smush' 
[2024-06-11 08:25:43 : INFO] - Re_Smush_It_Task with attachment ID : 1854, autocreated on : June 11, 2024 08:23:31 
[2024-06-11 08:25:43 : INFO] - File: Hommes-de-la-commune-copie-3.jpg, Compression quality: 85 
[2024-06-11 08:25:44 : INFO] - Backing up the original image - 2024/06/Hommes-de-la-commune-copie-3-updraft-pre-smush-original.jpg 
[2024-06-11 08:25:46 : INFO] - There were no WebP conversion tools found on your server. 
[2024-06-11 08:25:46 : INFO] - Successfully optimized the image - /srv/data/web/vhosts/amisdebourronmarlotte.fr/htdocs/wp-content/uploads/2024/06/Hommes-de-la-commune-copie-3.jpg.Le fichier a été compressé de 808.49 KB à 453.36 KB, en économisant 43.93 % à l’aide de WP-Optimize 
[2024-06-11 08:25:46 : INFO] - Completed processing task with ID : 490, and type 'smush' 
[2024-06-11 08:25:46 : INFO] - Lock option (updraft_lock_smush, abm_options) released 
[2024-06-11 08:25:46 : INFO] - Successfully processed the queue (smush). 4 tasks were processed out of 4. 
[2024-06-11 08:25:46 : INFO] - Lock option (updraft_lock_smush, abm_options) was deleted from the database 
[2024-06-11 08:25:46 : INFO] - Cleaning up tasks of type (smush). A total of 4 tasks will be deleted. 
[2024-07-03 08:29:00 : INFO] - Re_Smush_It_Task with attachment ID : 1861, autocreated on : July 03, 2024 08:29:00 
[2024-07-03 08:34:12 : INFO] - A total of 1 tasks of type smush found and will be processed in this iteration 
[2024-07-03 08:34:12 : DEBUG] - Lock option (updraft_lock_smush, abm_options) was created in the database 
[2024-07-03 08:34:12 : INFO] - Lock (updraft_lock_smush, abm_options) acquired after initialising the database 
[2024-07-03 08:34:12 : INFO] - Processing task with ID : 491, and type 'smush' 
[2024-07-03 08:34:13 : INFO] - Re_Smush_It_Task with attachment ID : 1861, autocreated on : July 03, 2024 08:29:00 
[2024-07-03 08:34:13 : INFO] - File: Expo-CMV.jpg, Compression quality: 85 
[2024-07-03 08:34:13 : INFO] - Backing up the original image - 2024/07/Expo-CMV-updraft-pre-smush-original.jpg 
[2024-07-03 08:34:14 : INFO] - There were no WebP conversion tools found on your server. 
[2024-07-03 08:34:14 : INFO] - Successfully optimized the image - /srv/data/web/vhosts/amisdebourronmarlotte.fr/htdocs/wp-content/uploads/2024/07/Expo-CMV.jpg.Le fichier a été compressé de 100.19 KB à 78.91 KB, en économisant 21.24 % à l’aide de WP-Optimize 
[2024-07-03 08:34:14 : INFO] - Completed processing task with ID : 491, and type 'smush' 
[2024-07-03 08:34:14 : INFO] - Lock option (updraft_lock_smush, abm_options) released 
[2024-07-03 08:34:14 : INFO] - Successfully processed the queue (smush). 1 tasks were processed out of 1. 
[2024-07-03 08:34:14 : INFO] - Lock option (updraft_lock_smush, abm_options) was deleted from the database 
[2024-07-03 08:34:14 : INFO] - Cleaning up tasks of type (smush). A total of 1 tasks will be deleted. 
[2024-07-03 08:45:33 : INFO] - Re_Smush_It_Task with attachment ID : 1867, autocreated on : July 03, 2024 08:45:33 
[2024-07-03 08:50:45 : INFO] - A total of 1 tasks of type smush found and will be processed in this iteration 
[2024-07-03 08:50:45 : DEBUG] - Lock option (updraft_lock_smush, abm_options) was created in the database 
[2024-07-03 08:50:45 : INFO] - Lock (updraft_lock_smush, abm_options) acquired after initialising the database 
[2024-07-03 08:50:45 : INFO] - Processing task with ID : 492, and type 'smush' 
[2024-07-03 08:50:45 : INFO] - Re_Smush_It_Task with attachment ID : 1867, autocreated on : July 03, 2024 08:45:33 
[2024-07-03 08:50:45 : INFO] - File: Expo-CMV-2.jpg, Compression quality: 85 
[2024-07-03 08:50:46 : INFO] - Backing up the original image - 2024/07/Expo-CMV-2-updraft-pre-smush-original.jpg 
[2024-07-03 08:50:47 : INFO] - There were no WebP conversion tools found on your server. 
[2024-07-03 08:50:47 : INFO] - Successfully optimized the image - /srv/data/web/vhosts/amisdebourronmarlotte.fr/htdocs/wp-content/uploads/2024/07/Expo-CMV-2.jpg.Le fichier a été compressé de 76.62 KB à 61.93 KB, en économisant 19.16 % à l’aide de WP-Optimize 
[2024-07-03 08:50:47 : INFO] - Completed processing task with ID : 492, and type 'smush' 
[2024-07-03 08:50:47 : INFO] - Lock option (updraft_lock_smush, abm_options) released 
[2024-07-03 08:50:47 : INFO] - Successfully processed the queue (smush). 1 tasks were processed out of 1. 
[2024-07-03 08:50:47 : INFO] - Lock option (updraft_lock_smush, abm_options) was deleted from the database 
[2024-07-03 08:50:47 : INFO] - Cleaning up tasks of type (smush). A total of 1 tasks will be deleted. 
[2024-07-16 07:49:21 : INFO] - Re_Smush_It_Task with attachment ID : 1879, autocreated on : July 16, 2024 07:49:21 
[2024-07-16 07:52:13 : INFO] - Re_Smush_It_Task with attachment ID : 1880, autocreated on : July 16, 2024 07:52:13 
[2024-07-16 07:52:42 : INFO] - Re_Smush_It_Task with attachment ID : 1881, autocreated on : July 16, 2024 07:52:42 
[2024-07-16 07:54:29 : INFO] - Re_Smush_It_Task with attachment ID : 1882, autocreated on : July 16, 2024 07:54:28 
[2024-07-16 07:54:29 : INFO] - A total of 4 tasks of type smush found and will be processed in this iteration 
[2024-07-16 07:54:29 : DEBUG] - Lock option (updraft_lock_smush, abm_options) was created in the database 
[2024-07-16 07:54:29 : INFO] - Lock (updraft_lock_smush, abm_options) acquired after initialising the database 
[2024-07-16 07:54:29 : INFO] - Processing task with ID : 493, and type 'smush' 
[2024-07-16 07:54:29 : INFO] - Task with ID 493 and type (smush) failed with error code invalid_file_path - The linked attachment ID does not have a valid file path 
[2024-07-16 07:54:29 : INFO] - Processing task with ID : 494, and type 'smush' 
[2024-07-16 07:54:30 : INFO] - Re_Smush_It_Task with attachment ID : 1880, autocreated on : July 16, 2024 07:52:13 
[2024-07-16 07:54:30 : INFO] - File: 01-En-route-vers-La-Puisaye.jpg, Compression quality: 85 
[2024-07-16 07:54:31 : INFO] - Backing up the original image - 2024/07/01-En-route-vers-La-Puisaye-updraft-pre-smush-original.jpg 
[2024-07-16 07:54:31 : INFO] - There were no WebP conversion tools found on your server. 
[2024-07-16 07:54:31 : INFO] - Successfully optimized the image - /srv/data/web/vhosts/amisdebourronmarlotte.fr/htdocs/wp-content/uploads/2024/07/01-En-route-vers-La-Puisaye.jpg.Le fichier a été compressé de 1.14 MB à 628.33 KB, en économisant 46 % à l’aide de WP-Optimize 
[2024-07-16 07:54:31 : INFO] - Completed processing task with ID : 494, and type 'smush' 
[2024-07-16 07:54:31 : INFO] - Processing task with ID : 495, and type 'smush' 
[2024-07-16 07:54:31 : INFO] - Re_Smush_It_Task with attachment ID : 1881, autocreated on : July 16, 2024 07:52:42 
[2024-07-16 07:54:31 : INFO] - File: Image10-1.jpg, Compression quality: 85 
[2024-07-16 07:54:32 : INFO] - Backing up the original image - 2024/07/Image10-1-updraft-pre-smush-original.jpg 
[2024-07-16 07:54:34 : INFO] - There were no WebP conversion tools found on your server. 
[2024-07-16 07:54:34 : INFO] - Successfully optimized the image - /srv/data/web/vhosts/amisdebourronmarlotte.fr/htdocs/wp-content/uploads/2024/07/Image10-1.jpg.Le fichier a été compressé de 245.07 KB à 198.26 KB, en économisant 19.1 % à l’aide de WP-Optimize 
[2024-07-16 07:54:34 : INFO] - Completed processing task with ID : 495, and type 'smush' 
[2024-07-16 07:54:34 : INFO] - Processing task with ID : 496, and type 'smush' 
[2024-07-16 07:54:34 : INFO] - Re_Smush_It_Task with attachment ID : 1882, autocreated on : July 16, 2024 07:54:28 
[2024-07-16 07:54:34 : INFO] - File: 07-St.-Henri-donne-la-vie-sauve.jpg, Compression quality: 85 
[2024-07-16 07:54:35 : INFO] - Backing up the original image - 2024/07/07-St.-Henri-donne-la-vie-sauve-updraft-pre-smush-original.jpg 
[2024-07-16 07:54:35 : INFO] - There were no WebP conversion tools found on your server. 
[2024-07-16 07:54:35 : INFO] - Successfully optimized the image - /srv/data/web/vhosts/amisdebourronmarlotte.fr/htdocs/wp-content/uploads/2024/07/07-St.-Henri-donne-la-vie-sauve.jpg.Le fichier a été compressé de 1.64 MB à 1.23 MB, en économisant 25.18 % à l’aide de WP-Optimize 
[2024-07-16 07:54:35 : INFO] - Completed processing task with ID : 496, and type 'smush' 
[2024-07-16 07:54:35 : INFO] - Lock option (updraft_lock_smush, abm_options) released 
[2024-07-16 07:54:35 : INFO] - Successfully processed the queue (smush). 4 tasks were processed out of 4. 
[2024-07-16 07:54:35 : INFO] - Lock option (updraft_lock_smush, abm_options) was deleted from the database 
[2024-07-16 07:54:35 : INFO] - Cleaning up tasks of type (smush). A total of 3 tasks will be deleted. 
[2024-07-16 07:55:22 : INFO] - Re_Smush_It_Task with attachment ID : 1883, autocreated on : July 16, 2024 07:55:22 
[2024-07-16 07:56:31 : INFO] - Re_Smush_It_Task with attachment ID : 1884, autocreated on : July 16, 2024 07:56:31 
[2024-07-16 07:56:40 : INFO] - Re_Smush_It_Task with attachment ID : 1885, autocreated on : July 16, 2024 07:56:40 
[2024-07-16 07:57:16 : INFO] - Re_Smush_It_Task with attachment ID : 1886, autocreated on : July 16, 2024 07:57:16 
[2024-07-16 07:57:55 : INFO] - Re_Smush_It_Task with attachment ID : 1887, autocreated on : July 16, 2024 07:57:55 
[2024-07-16 07:58:52 : INFO] - Re_Smush_It_Task with attachment ID : 1888, autocreated on : July 16, 2024 07:58:52 
[2024-07-16 07:59:54 : INFO] - Re_Smush_It_Task with attachment ID : 1889, autocreated on : July 16, 2024 07:59:53 
[2024-07-16 08:01:01 : INFO] - Re_Smush_It_Task with attachment ID : 1890, autocreated on : July 16, 2024 08:01:01 
[2024-07-16 08:04:40 : INFO] - A total of 8 tasks of type smush found and will be processed in this iteration 
[2024-07-16 08:04:40 : DEBUG] - Lock option (updraft_lock_smush, abm_options) was created in the database 
[2024-07-16 08:04:40 : INFO] - Lock (updraft_lock_smush, abm_options) acquired after initialising the database 
[2024-07-16 08:04:40 : INFO] - Processing task with ID : 497, and type 'smush' 
[2024-07-16 08:04:40 : INFO] - Re_Smush_It_Task with attachment ID : 1883, autocreated on : July 16, 2024 07:55:22 
[2024-07-16 08:04:40 : INFO] - File: Image6.jpg, Compression quality: 85 
[2024-07-16 08:04:40 : INFO] - Backing up the original image - 2024/07/Image6-updraft-pre-smush-original.jpg 
[2024-07-16 08:04:42 : INFO] - There were no WebP conversion tools found on your server. 
[2024-07-16 08:04:43 : INFO] - Successfully optimized the image - /srv/data/web/vhosts/amisdebourronmarlotte.fr/htdocs/wp-content/uploads/2024/07/Image6.jpg.Le fichier a été compressé de 280.48 KB à 222.58 KB, en économisant 20.64 % à l’aide de WP-Optimize 
[2024-07-16 08:04:43 : INFO] - Completed processing task with ID : 497, and type 'smush' 
[2024-07-16 08:04:43 : INFO] - Processing task with ID : 498, and type 'smush' 
[2024-07-16 08:04:43 : INFO] - Re_Smush_It_Task with attachment ID : 1884, autocreated on : July 16, 2024 07:56:31 
[2024-07-16 08:04:43 : INFO] - File: Image2.jpg, Compression quality: 85 
[2024-07-16 08:04:43 : INFO] - Backing up the original image - 2024/07/Image2-updraft-pre-smush-original.jpg 
[2024-07-16 08:04:45 : INFO] - There were no WebP conversion tools found on your server. 
[2024-07-16 08:04:45 : INFO] - Successfully optimized the image - /srv/data/web/vhosts/amisdebourronmarlotte.fr/htdocs/wp-content/uploads/2024/07/Image2.jpg.Le fichier a été compressé de 262.63 KB à 212.25 KB, en économisant 19.18 % à l’aide de WP-Optimize 
[2024-07-16 08:04:45 : INFO] - Completed processing task with ID : 498, and type 'smush' 
[2024-07-16 08:04:45 : INFO] - Processing task with ID : 499, and type 'smush' 
[2024-07-16 08:04:46 : INFO] - Re_Smush_It_Task with attachment ID : 1885, autocreated on : July 16, 2024 07:56:40 
[2024-07-16 08:04:46 : INFO] - File: Image5.jpg, Compression quality: 85 
[2024-07-16 08:04:46 : INFO] - Backing up the original image - 2024/07/Image5-updraft-pre-smush-original.jpg 
[2024-07-16 08:04:48 : INFO] - There were no WebP conversion tools found on your server. 
[2024-07-16 08:04:49 : INFO] - Successfully optimized the image - /srv/data/web/vhosts/amisdebourronmarlotte.fr/htdocs/wp-content/uploads/2024/07/Image5.jpg.Le fichier a été compressé de 238.93 KB à 193.61 KB, en économisant 18.97 % à l’aide de WP-Optimize 
[2024-07-16 08:04:49 : INFO] - Completed processing task with ID : 499, and type 'smush' 
[2024-07-16 08:04:49 : INFO] - Processing task with ID : 500, and type 'smush' 
[2024-07-16 08:04:49 : INFO] - Re_Smush_It_Task with attachment ID : 1886, autocreated on : July 16, 2024 07:57:16 
[2024-07-16 08:04:49 : INFO] - File: Image8.jpg, Compression quality: 85 
[2024-07-16 08:04:49 : INFO] - Backing up the original image - 2024/07/Image8-updraft-pre-smush-original.jpg 
[2024-07-16 08:04:51 : INFO] - There were no WebP conversion tools found on your server. 
[2024-07-16 08:04:51 : INFO] - Successfully optimized the image - /srv/data/web/vhosts/amisdebourronmarlotte.fr/htdocs/wp-content/uploads/2024/07/Image8.jpg.Le fichier a été compressé de 233.73 KB à 193.37 KB, en économisant 17.27 % à l’aide de WP-Optimize 
[2024-07-16 08:04:51 : INFO] - Completed processing task with ID : 500, and type 'smush' 
[2024-07-16 08:04:51 : INFO] - Processing task with ID : 501, and type 'smush' 
[2024-07-16 08:04:51 : INFO] - Re_Smush_It_Task with attachment ID : 1887, autocreated on : July 16, 2024 07:57:55 
[2024-07-16 08:04:51 : INFO] - File: Image3.jpg, Compression quality: 85 
[2024-07-16 08:04:52 : INFO] - Backing up the original image - 2024/07/Image3-updraft-pre-smush-original.jpg 
[2024-07-16 08:04:54 : INFO] - There were no WebP conversion tools found on your server. 
[2024-07-16 08:04:54 : INFO] - Successfully optimized the image - /srv/data/web/vhosts/amisdebourronmarlotte.fr/htdocs/wp-content/uploads/2024/07/Image3.jpg.Le fichier a été compressé de 288.07 KB à 229.42 KB, en économisant 20.36 % à l’aide de WP-Optimize 
[2024-07-16 08:04:54 : INFO] - Completed processing task with ID : 501, and type 'smush' 
[2024-07-16 08:04:54 : INFO] - Processing task with ID : 502, and type 'smush' 
[2024-07-16 08:04:54 : INFO] - Re_Smush_It_Task with attachment ID : 1888, autocreated on : July 16, 2024 07:58:52 
[2024-07-16 08:04:54 : INFO] - File: Image7.jpg, Compression quality: 85 
[2024-07-16 08:04:55 : INFO] - Backing up the original image - 2024/07/Image7-updraft-pre-smush-original.jpg 
[2024-07-16 08:04:55 : INFO] - There were no WebP conversion tools found on your server. 
[2024-07-16 08:04:55 : INFO] - Successfully optimized the image - /srv/data/web/vhosts/amisdebourronmarlotte.fr/htdocs/wp-content/uploads/2024/07/Image7.jpg.Le fichier a été compressé de 220.97 KB à 181.29 KB, en économisant 17.95 % à l’aide de WP-Optimize 
[2024-07-16 08:04:55 : INFO] - Completed processing task with ID : 502, and type 'smush' 
[2024-07-16 08:04:55 : INFO] - Processing task with ID : 503, and type 'smush' 
[2024-07-16 08:04:55 : INFO] - Re_Smush_It_Task with attachment ID : 1889, autocreated on : July 16, 2024 07:59:53 
[2024-07-16 08:04:55 : INFO] - File: Image4.jpg, Compression quality: 85 
[2024-07-16 08:04:55 : INFO] - Backing up the original image - 2024/07/Image4-updraft-pre-smush-original.jpg 
[2024-07-16 08:04:57 : INFO] - There were no WebP conversion tools found on your server. 
[2024-07-16 08:04:57 : INFO] - Successfully optimized the image - /srv/data/web/vhosts/amisdebourronmarlotte.fr/htdocs/wp-content/uploads/2024/07/Image4.jpg.Le fichier a été compressé de 218.69 KB à 174.17 KB, en économisant 20.36 % à l’aide de WP-Optimize 
[2024-07-16 08:04:57 : INFO] - Completed processing task with ID : 503, and type 'smush' 
[2024-07-16 08:04:57 : INFO] - Processing task with ID : 504, and type 'smush' 
[2024-07-16 08:04:57 : INFO] - Re_Smush_It_Task with attachment ID : 1890, autocreated on : July 16, 2024 08:01:01 
[2024-07-16 08:04:57 : INFO] - File: Image9.jpg, Compression quality: 85 
[2024-07-16 08:04:58 : INFO] - Backing up the original image - 2024/07/Image9-updraft-pre-smush-original.jpg 
[2024-07-16 08:05:00 : INFO] - There were no WebP conversion tools found on your server. 
[2024-07-16 08:05:00 : INFO] - Successfully optimized the image - /srv/data/web/vhosts/amisdebourronmarlotte.fr/htdocs/wp-content/uploads/2024/07/Image9.jpg.Le fichier a été compressé de 317.76 KB à 252.69 KB, en économisant 20.48 % à l’aide de WP-Optimize 
[2024-07-16 08:05:00 : INFO] - Completed processing task with ID : 504, and type 'smush' 
[2024-07-16 08:05:00 : INFO] - Lock option (updraft_lock_smush, abm_options) released 
[2024-07-16 08:05:00 : INFO] - Successfully processed the queue (smush). 8 tasks were processed out of 8. 
[2024-07-16 08:05:00 : INFO] - Lock option (updraft_lock_smush, abm_options) was deleted from the database 
[2024-07-16 08:05:00 : INFO] - Cleaning up tasks of type (smush). A total of 8 tasks will be deleted. 
[2024-07-16 08:06:09 : INFO] - Re_Smush_It_Task with attachment ID : 1891, autocreated on : July 16, 2024 08:06:09 
[2024-07-16 08:14:45 : INFO] - A total of 1 tasks of type smush found and will be processed in this iteration 
[2024-07-16 08:14:45 : DEBUG] - Lock option (updraft_lock_smush, abm_options) was created in the database 
[2024-07-16 08:14:45 : INFO] - Lock (updraft_lock_smush, abm_options) acquired after initialising the database 
[2024-07-16 08:14:45 : INFO] - Processing task with ID : 505, and type 'smush' 
[2024-07-16 08:14:46 : INFO] - Re_Smush_It_Task with attachment ID : 1891, autocreated on : July 16, 2024 08:06:09 
[2024-07-16 08:14:46 : INFO] - File: 26-Dejeuner-St.-Fargeau.jpg, Compression quality: 85 
[2024-07-16 08:14:46 : INFO] - Backing up the original image - 2024/07/26-Dejeuner-St.-Fargeau-updraft-pre-smush-original.jpg 
[2024-07-16 08:14:46 : INFO] - There were no WebP conversion tools found on your server. 
[2024-07-16 08:14:47 : INFO] - Successfully optimized the image - /srv/data/web/vhosts/amisdebourronmarlotte.fr/htdocs/wp-content/uploads/2024/07/26-Dejeuner-St.-Fargeau.jpg.Le fichier a été compressé de 1.08 MB à 713.43 KB, en économisant 35.64 % à l’aide de WP-Optimize 
[2024-07-16 08:14:47 : INFO] - Completed processing task with ID : 505, and type 'smush' 
[2024-07-16 08:14:47 : INFO] - Lock option (updraft_lock_smush, abm_options) released 
[2024-07-16 08:14:47 : INFO] - Successfully processed the queue (smush). 1 tasks were processed out of 1. 
[2024-07-16 08:14:47 : INFO] - Lock option (updraft_lock_smush, abm_options) was deleted from the database 
[2024-07-16 08:14:47 : INFO] - Cleaning up tasks of type (smush). A total of 1 tasks will be deleted. 
[2024-07-21 10:02:18 : INFO] - Re_Smush_It_Task with attachment ID : 1898, autocreated on : July 21, 2024 10:02:18 
[2024-07-21 10:07:23 : INFO] - A total of 1 tasks of type smush found and will be processed in this iteration 
[2024-07-21 10:07:23 : DEBUG] - Lock option (updraft_lock_smush, abm_options) was created in the database 
[2024-07-21 10:07:23 : INFO] - Lock (updraft_lock_smush, abm_options) acquired after initialising the database 
[2024-07-21 10:07:23 : INFO] - Processing task with ID : 506, and type 'smush' 
[2024-07-21 10:07:23 : INFO] - Re_Smush_It_Task with attachment ID : 1898, autocreated on : July 21, 2024 10:02:18 
[2024-07-21 10:07:23 : INFO] - File: Image1.jpg, Compression quality: 85 
[2024-07-21 10:07:24 : INFO] - Backing up the original image - 2024/07/Image1-updraft-pre-smush-original.jpg 
[2024-07-21 10:07:25 : INFO] - There were no WebP conversion tools found on your server. 
[2024-07-21 10:07:25 : INFO] - Successfully optimized the image - /srv/data/web/vhosts/amisdebourronmarlotte.fr/htdocs/wp-content/uploads/2024/07/Image1.jpg.Le fichier a été compressé de 128.32 KB à 101.95 KB, en économisant 20.55 % à l’aide de WP-Optimize 
[2024-07-21 10:07:25 : INFO] - Completed processing task with ID : 506, and type 'smush' 
[2024-07-21 10:07:25 : INFO] - Lock option (updraft_lock_smush, abm_options) released 
[2024-07-21 10:07:25 : INFO] - Successfully processed the queue (smush). 1 tasks were processed out of 1. 
[2024-07-21 10:07:25 : INFO] - Lock option (updraft_lock_smush, abm_options) was deleted from the database 
[2024-07-21 10:07:25 : INFO] - Cleaning up tasks of type (smush). A total of 1 tasks will be deleted. 
[2024-08-06 07:25:09 : INFO] - Re_Smush_It_Task with attachment ID : 1915, autocreated on : August 06, 2024 07:25:09 
[2024-08-06 07:27:43 : INFO] - Re_Smush_It_Task with attachment ID : 1916, autocreated on : August 06, 2024 07:27:43 
[2024-08-06 07:30:18 : INFO] - A total of 2 tasks of type smush found and will be processed in this iteration 
[2024-08-06 07:30:18 : DEBUG] - Lock option (updraft_lock_smush, abm_options) was created in the database 
[2024-08-06 07:30:18 : INFO] - Lock (updraft_lock_smush, abm_options) acquired after initialising the database 
[2024-08-06 07:30:19 : INFO] - Processing task with ID : 507, and type 'smush' 
[2024-08-06 07:30:19 : INFO] - Re_Smush_It_Task with attachment ID : 1915, autocreated on : August 06, 2024 07:25:09 
[2024-08-06 07:30:19 : INFO] - File: IMG_2645b.jpg, Compression quality: 85 
[2024-08-06 07:30:20 : INFO] - Backing up the original image - 2024/08/IMG_2645b-updraft-pre-smush-original.jpg 
[2024-08-06 07:30:20 : INFO] - There were no WebP conversion tools found on your server. 
[2024-08-06 07:30:20 : INFO] - Successfully optimized the image - /srv/data/web/vhosts/amisdebourronmarlotte.fr/htdocs/wp-content/uploads/2024/08/IMG_2645b.jpg.Le fichier a été compressé de 1.31 MB à 1.07 MB, en économisant 18.16 % à l’aide de WP-Optimize 
[2024-08-06 07:30:20 : INFO] - Completed processing task with ID : 507, and type 'smush' 
[2024-08-06 07:30:20 : INFO] - Processing task with ID : 508, and type 'smush' 
[2024-08-06 07:30:20 : INFO] - Re_Smush_It_Task with attachment ID : 1916, autocreated on : August 06, 2024 07:27:43 
[2024-08-06 07:30:20 : INFO] - File: Image1.jpg, Compression quality: 85 
[2024-08-06 07:30:21 : INFO] - Backing up the original image - 2024/08/Image1-updraft-pre-smush-original.jpg 
[2024-08-06 07:30:22 : INFO] - There were no WebP conversion tools found on your server. 
[2024-08-06 07:30:22 : INFO] - Successfully optimized the image - /srv/data/web/vhosts/amisdebourronmarlotte.fr/htdocs/wp-content/uploads/2024/08/Image1.jpg.Le fichier a été compressé de 163.19 KB à 131.95 KB, en économisant 19.14 % à l’aide de WP-Optimize 
[2024-08-06 07:30:22 : INFO] - Completed processing task with ID : 508, and type 'smush' 
[2024-08-06 07:30:22 : INFO] - Lock option (updraft_lock_smush, abm_options) released 
[2024-08-06 07:30:22 : INFO] - Successfully processed the queue (smush). 2 tasks were processed out of 2. 
[2024-08-06 07:30:22 : INFO] - Lock option (updraft_lock_smush, abm_options) was deleted from the database 
[2024-08-06 07:30:22 : INFO] - Cleaning up tasks of type (smush). A total of 2 tasks will be deleted. 
[2024-08-06 07:53:19 : INFO] - Re_Smush_It_Task with attachment ID : 1923, autocreated on : August 06, 2024 07:53:19 
[2024-08-06 07:58:35 : INFO] - A total of 1 tasks of type smush found and will be processed in this iteration 
[2024-08-06 07:58:35 : DEBUG] - Lock option (updraft_lock_smush, abm_options) was created in the database 
[2024-08-06 07:58:35 : INFO] - Lock (updraft_lock_smush, abm_options) acquired after initialising the database 
[2024-08-06 07:58:35 : INFO] - Processing task with ID : 509, and type 'smush' 
[2024-08-06 07:58:35 : INFO] - Re_Smush_It_Task with attachment ID : 1923, autocreated on : August 06, 2024 07:53:19 
[2024-08-06 07:58:35 : INFO] - File: Image2.jpg, Compression quality: 85 
[2024-08-06 07:58:36 : INFO] - Backing up the original image - 2024/08/Image2-updraft-pre-smush-original.jpg 
[2024-08-06 07:58:37 : INFO] - There were no WebP conversion tools found on your server. 
[2024-08-06 07:58:37 : INFO] - Successfully optimized the image - /srv/data/web/vhosts/amisdebourronmarlotte.fr/htdocs/wp-content/uploads/2024/08/Image2.jpg.Le fichier a été compressé de 51.02 KB à 41.93 KB, en économisant 17.82 % à l’aide de WP-Optimize 
[2024-08-06 07:58:37 : INFO] - Completed processing task with ID : 509, and type 'smush' 
[2024-08-06 07:58:37 : INFO] - Lock option (updraft_lock_smush, abm_options) released 
[2024-08-06 07:58:37 : INFO] - Successfully processed the queue (smush). 1 tasks were processed out of 1. 
[2024-08-06 07:58:37 : INFO] - Lock option (updraft_lock_smush, abm_options) was deleted from the database 
[2024-08-06 07:58:37 : INFO] - Cleaning up tasks of type (smush). A total of 1 tasks will be deleted. 
[2024-08-08 19:52:29 : INFO] - Re_Smush_It_Task with attachment ID : 1927, autocreated on : August 08, 2024 07:52:29 
[2024-08-08 20:41:54 : INFO] - A total of 1 tasks of type smush found and will be processed in this iteration 
[2024-08-08 20:41:54 : DEBUG] - Lock option (updraft_lock_smush, abm_options) was created in the database 
[2024-08-08 20:41:54 : INFO] - Lock (updraft_lock_smush, abm_options) acquired after initialising the database 
[2024-08-08 20:41:54 : INFO] - Processing task with ID : 510, and type 'smush' 
[2024-08-08 20:41:54 : INFO] - Re_Smush_It_Task with attachment ID : 1927, autocreated on : August 08, 2024 07:52:29 
[2024-08-08 20:41:54 : INFO] - File: Image2-1.jpg, Compression quality: 85 
[2024-08-08 20:41:55 : INFO] - Backing up the original image - 2024/08/Image2-1-updraft-pre-smush-original.jpg 
[2024-08-08 20:41:56 : INFO] - There were no WebP conversion tools found on your server. 
[2024-08-08 20:41:57 : INFO] - Successfully optimized the image - /srv/data/web/vhosts/amisdebourronmarlotte.fr/htdocs/wp-content/uploads/2024/08/Image2-1.jpg.Le fichier a été compressé de 127.61 KB à 104.96 KB, en économisant 17.75 % à l’aide de WP-Optimize 
[2024-08-08 20:41:57 : INFO] - Completed processing task with ID : 510, and type 'smush' 
[2024-08-08 20:41:57 : INFO] - Lock option (updraft_lock_smush, abm_options) released 
[2024-08-08 20:41:57 : INFO] - Successfully processed the queue (smush). 1 tasks were processed out of 1. 
[2024-08-08 20:41:57 : INFO] - Lock option (updraft_lock_smush, abm_options) was deleted from the database 
[2024-08-08 20:41:57 : INFO] - Cleaning up tasks of type (smush). A total of 1 tasks will be deleted. 
[2024-08-23 11:00:05 : INFO] - Re_Smush_It_Task with attachment ID : 1935, autocreated on : August 23, 2024 11:00:05 
[2024-08-23 11:05:20 : INFO] - A total of 1 tasks of type smush found and will be processed in this iteration 
[2024-08-23 11:05:20 : DEBUG] - Lock option (updraft_lock_smush, abm_options) was created in the database 
[2024-08-23 11:05:20 : INFO] - Lock (updraft_lock_smush, abm_options) acquired after initialising the database 
[2024-08-23 11:05:20 : INFO] - Processing task with ID : 511, and type 'smush' 
[2024-08-23 11:05:20 : INFO] - Re_Smush_It_Task with attachment ID : 1935, autocreated on : August 23, 2024 11:00:05 
[2024-08-23 11:05:20 : INFO] - File: IMG_7474.jpg, Compression quality: 85 
[2024-08-23 11:05:21 : INFO] - Backing up the original image - 2024/08/IMG_7474-updraft-pre-smush-original.jpg 
[2024-08-23 11:05:21 : INFO] - There were no WebP conversion tools found on your server. 
[2024-08-23 11:05:21 : INFO] - Successfully optimized the image - /srv/data/web/vhosts/amisdebourronmarlotte.fr/htdocs/wp-content/uploads/2024/08/IMG_7474.jpg.Le fichier a été compressé de 1.31 MB à 1.09 MB, en économisant 17.04 % à l’aide de WP-Optimize 
[2024-08-23 11:05:21 : INFO] - Completed processing task with ID : 511, and type 'smush' 
[2024-08-23 11:05:21 : INFO] - Lock option (updraft_lock_smush, abm_options) released 
[2024-08-23 11:05:22 : INFO] - Successfully processed the queue (smush). 1 tasks were processed out of 1. 
[2024-08-23 11:05:22 : INFO] - Lock option (updraft_lock_smush, abm_options) was deleted from the database 
[2024-08-23 11:05:22 : INFO] - Cleaning up tasks of type (smush). A total of 1 tasks will be deleted. 
[2024-08-23 11:07:45 : INFO] - Re_Smush_It_Task with attachment ID : 1936, autocreated on : August 23, 2024 11:07:45 
[2024-08-23 11:09:43 : INFO] - Re_Smush_It_Task with attachment ID : 1937, autocreated on : August 23, 2024 11:09:43 
[2024-08-23 11:14:00 : INFO] - Re_Smush_It_Task with attachment ID : 1938, autocreated on : August 23, 2024 11:13:59 
[2024-08-23 11:14:51 : INFO] - Re_Smush_It_Task with attachment ID : 1939, autocreated on : August 23, 2024 11:14:51 
[2024-08-23 11:15:38 : INFO] - A total of 4 tasks of type smush found and will be processed in this iteration 
[2024-08-23 11:15:38 : DEBUG] - Lock option (updraft_lock_smush, abm_options) was created in the database 
[2024-08-23 11:15:38 : INFO] - Lock (updraft_lock_smush, abm_options) acquired after initialising the database 
[2024-08-23 11:15:38 : INFO] - Processing task with ID : 512, and type 'smush' 
[2024-08-23 11:15:38 : INFO] - Task with ID 512 and type (smush) failed with error code invalid_file_path - The linked attachment ID does not have a valid file path 
[2024-08-23 11:15:38 : INFO] - Processing task with ID : 513, and type 'smush' 
[2024-08-23 11:15:38 : INFO] - Task with ID 513 and type (smush) failed with error code invalid_file_path - The linked attachment ID does not have a valid file path 
[2024-08-23 11:15:38 : INFO] - Processing task with ID : 514, and type 'smush' 
[2024-08-23 11:15:38 : INFO] - Re_Smush_It_Task with attachment ID : 1938, autocreated on : August 23, 2024 11:13:59 
[2024-08-23 11:15:38 : INFO] - File: Image2-2.jpg, Compression quality: 85 
[2024-08-23 11:15:38 : INFO] - Backing up the original image - 2024/08/Image2-2-updraft-pre-smush-original.jpg 
[2024-08-23 11:15:39 : INFO] - There were no WebP conversion tools found on your server. 
[2024-08-23 11:15:39 : INFO] - Successfully optimized the image - /srv/data/web/vhosts/amisdebourronmarlotte.fr/htdocs/wp-content/uploads/2024/08/Image2-2.jpg.Le fichier a été compressé de 52.58 KB à 43.61 KB, en économisant 17.06 % à l’aide de WP-Optimize 
[2024-08-23 11:15:39 : INFO] - Completed processing task with ID : 514, and type 'smush' 
[2024-08-23 11:15:40 : INFO] - Processing task with ID : 515, and type 'smush' 
[2024-08-23 11:15:40 : INFO] - Re_Smush_It_Task with attachment ID : 1939, autocreated on : August 23, 2024 11:14:51 
[2024-08-23 11:15:40 : INFO] - File: Image1-1.jpg, Compression quality: 85 
[2024-08-23 11:15:41 : INFO] - Backing up the original image - 2024/08/Image1-1-updraft-pre-smush-original.jpg 
[2024-08-23 11:15:41 : INFO] - There were no WebP conversion tools found on your server. 
[2024-08-23 11:15:41 : INFO] - Successfully optimized the image - /srv/data/web/vhosts/amisdebourronmarlotte.fr/htdocs/wp-content/uploads/2024/08/Image1-1.jpg.Le fichier a été compressé de 1.82 MB à 1.49 MB, en économisant 18.49 % à l’aide de WP-Optimize 
[2024-08-23 11:15:41 : INFO] - Completed processing task with ID : 515, and type 'smush' 
[2024-08-23 11:15:41 : INFO] - Lock option (updraft_lock_smush, abm_options) released 
[2024-08-23 11:15:41 : INFO] - Successfully processed the queue (smush). 4 tasks were processed out of 4. 
[2024-08-23 11:15:41 : INFO] - Lock option (updraft_lock_smush, abm_options) was deleted from the database 
[2024-08-23 11:15:41 : INFO] - Cleaning up tasks of type (smush). A total of 2 tasks will be deleted. 
[2024-09-08 14:27:11 : INFO] - Re_Smush_It_Task with attachment ID : 1945, autocreated on : September 08, 2024 02:27:10 
[2024-09-08 14:31:25 : INFO] - Re_Smush_It_Task with attachment ID : 1946, autocreated on : September 08, 2024 02:31:24 
[2024-09-08 14:31:44 : INFO] - Re_Smush_It_Task with attachment ID : 1947, autocreated on : September 08, 2024 02:31:44 
[2024-09-08 14:32:15 : INFO] - A total of 3 tasks of type smush found and will be processed in this iteration 
[2024-09-08 14:32:15 : DEBUG] - Lock option (updraft_lock_smush, abm_options) was created in the database 
[2024-09-08 14:32:15 : INFO] - Lock (updraft_lock_smush, abm_options) acquired after initialising the database 
[2024-09-08 14:32:15 : INFO] - Processing task with ID : 516, and type 'smush' 
[2024-09-08 14:32:16 : INFO] - Re_Smush_It_Task with attachment ID : 1945, autocreated on : September 08, 2024 02:27:10 
[2024-09-08 14:32:16 : INFO] - File: Affiche-conference-Le-Coeur.jpg, Compression quality: 85 
[2024-09-08 14:32:16 : INFO] - Backing up the original image - 2024/09/Affiche-conference-Le-Coeur-updraft-pre-smush-original.jpg 
[2024-09-08 14:32:17 : INFO] - There were no WebP conversion tools found on your server. 
[2024-09-08 14:32:17 : INFO] - Successfully optimized the image - /srv/data/web/vhosts/amisdebourronmarlotte.fr/htdocs/wp-content/uploads/2024/09/Affiche-conference-Le-Coeur.jpg.Le fichier a été compressé de 133.99 KB à 109.76 KB, en économisant 18.08 % à l’aide de WP-Optimize 
[2024-09-08 14:32:17 : INFO] - Completed processing task with ID : 516, and type 'smush' 
[2024-09-08 14:32:17 : INFO] - Processing task with ID : 517, and type 'smush' 
[2024-09-08 14:32:17 : INFO] - Task with ID 517 and type (smush) failed with error code invalid_file_path - The linked attachment ID does not have a valid file path 
[2024-09-08 14:32:17 : INFO] - Processing task with ID : 518, and type 'smush' 
[2024-09-08 14:32:17 : INFO] - Re_Smush_It_Task with attachment ID : 1947, autocreated on : September 08, 2024 02:31:44 
[2024-09-08 14:32:17 : INFO] - File: Image1-1.jpg, Compression quality: 85 
[2024-09-08 14:32:18 : INFO] - Backing up the original image - 2024/09/Image1-1-updraft-pre-smush-original.jpg 
[2024-09-08 14:32:18 : INFO] - There were no WebP conversion tools found on your server. 
[2024-09-08 14:32:18 : INFO] - Successfully optimized the image - /srv/data/web/vhosts/amisdebourronmarlotte.fr/htdocs/wp-content/uploads/2024/09/Image1-1.jpg.Le fichier a été compressé de 1.02 MB à 868.61 KB, en économisant 16.79 % à l’aide de WP-Optimize 
[2024-09-08 14:32:18 : INFO] - Completed processing task with ID : 518, and type 'smush' 
[2024-09-08 14:32:18 : INFO] - Lock option (updraft_lock_smush, abm_options) released 
[2024-09-08 14:32:18 : INFO] - Successfully processed the queue (smush). 3 tasks were processed out of 3. 
[2024-09-08 14:32:18 : INFO] - Lock option (updraft_lock_smush, abm_options) was deleted from the database 
[2024-09-08 14:32:18 : INFO] - Cleaning up tasks of type (smush). A total of 2 tasks will be deleted. 
[2024-09-08 14:44:07 : INFO] - Re_Smush_It_Task with attachment ID : 1952, autocreated on : September 08, 2024 02:44:07 
[2024-09-08 14:49:11 : INFO] - A total of 1 tasks of type smush found and will be processed in this iteration 
[2024-09-08 14:49:11 : DEBUG] - Lock option (updraft_lock_smush, abm_options) was created in the database 
[2024-09-08 14:49:11 : INFO] - Lock (updraft_lock_smush, abm_options) acquired after initialising the database 
[2024-09-08 14:49:11 : INFO] - Processing task with ID : 519, and type 'smush' 
[2024-09-08 14:49:12 : INFO] - Re_Smush_It_Task with attachment ID : 1952, autocreated on : September 08, 2024 02:44:07 
[2024-09-08 14:49:12 : INFO] - File: Image5.jpg, Compression quality: 85 
[2024-09-08 14:49:12 : INFO] - Backing up the original image - 2024/09/Image5-updraft-pre-smush-original.jpg 
[2024-09-08 14:49:14 : INFO] - There were no WebP conversion tools found on your server. 
[2024-09-08 14:49:14 : INFO] - Successfully optimized the image - /srv/data/web/vhosts/amisdebourronmarlotte.fr/htdocs/wp-content/uploads/2024/09/Image5.jpg.Le fichier a été compressé de 130.45 KB à 109.56 KB, en économisant 16.01 % à l’aide de WP-Optimize 
[2024-09-08 14:49:14 : INFO] - Completed processing task with ID : 519, and type 'smush' 
[2024-09-08 14:49:14 : INFO] - Lock option (updraft_lock_smush, abm_options) released 
[2024-09-08 14:49:14 : INFO] - Successfully processed the queue (smush). 1 tasks were processed out of 1. 
[2024-09-08 14:49:14 : INFO] - Lock option (updraft_lock_smush, abm_options) was deleted from the database 
[2024-09-08 14:49:14 : INFO] - Cleaning up tasks of type (smush). A total of 1 tasks will be deleted. 
[2024-09-08 14:50:43 : INFO] - Re_Smush_It_Task with attachment ID : 1953, autocreated on : September 08, 2024 02:50:43 
[2024-09-08 15:10:20 : INFO] - A total of 1 tasks of type smush found and will be processed in this iteration 
[2024-09-08 15:10:20 : DEBUG] - Lock option (updraft_lock_smush, abm_options) was created in the database 
[2024-09-08 15:10:20 : INFO] - Lock (updraft_lock_smush, abm_options) acquired after initialising the database 
[2024-09-08 15:10:20 : INFO] - Processing task with ID : 520, and type 'smush' 
[2024-09-08 15:10:20 : INFO] - Re_Smush_It_Task with attachment ID : 1953, autocreated on : September 08, 2024 02:50:43 
[2024-09-08 15:10:20 : INFO] - File: Image5-1.jpg, Compression quality: 85 
[2024-09-08 15:10:21 : INFO] - Backing up the original image - 2024/09/Image5-1-updraft-pre-smush-original.jpg 
[2024-09-08 15:10:22 : INFO] - There were no WebP conversion tools found on your server. 
[2024-09-08 15:10:22 : INFO] - Successfully optimized the image - /srv/data/web/vhosts/amisdebourronmarlotte.fr/htdocs/wp-content/uploads/2024/09/Image5-1.jpg.Le fichier a été compressé de 163.92 KB à 137.64 KB, en économisant 16.03 % à l’aide de WP-Optimize 
[2024-09-08 15:10:22 : INFO] - Completed processing task with ID : 520, and type 'smush' 
[2024-09-08 15:10:22 : INFO] - Lock option (updraft_lock_smush, abm_options) released 
[2024-09-08 15:10:22 : INFO] - Successfully processed the queue (smush). 1 tasks were processed out of 1. 
[2024-09-08 15:10:22 : INFO] - Lock option (updraft_lock_smush, abm_options) was deleted from the database 
[2024-09-08 15:10:22 : INFO] - Cleaning up tasks of type (smush). A total of 1 tasks will be deleted. 
[2024-09-10 07:23:45 : INFO] - Re_Smush_It_Task with attachment ID : 1955, autocreated on : September 10, 2024 07:23:45 
[2024-09-10 07:23:58 : INFO] - Re_Smush_It_Task with attachment ID : 1956, autocreated on : September 10, 2024 07:23:58 
[2024-09-10 07:25:39 : INFO] - Re_Smush_It_Task with attachment ID : 1957, autocreated on : September 10, 2024 07:25:39 
[2024-09-10 07:25:52 : INFO] - Re_Smush_It_Task with attachment ID : 1958, autocreated on : September 10, 2024 07:25:52 
[2024-09-10 07:27:16 : INFO] - Re_Smush_It_Task with attachment ID : 1959, autocreated on : September 10, 2024 07:27:16 
[2024-09-10 07:29:15 : INFO] - A total of 5 tasks of type smush found and will be processed in this iteration 
[2024-09-10 07:29:15 : DEBUG] - Lock option (updraft_lock_smush, abm_options) was created in the database 
[2024-09-10 07:29:15 : INFO] - Lock (updraft_lock_smush, abm_options) acquired after initialising the database 
[2024-09-10 07:29:15 : INFO] - Processing task with ID : 521, and type 'smush' 
[2024-09-10 07:29:15 : INFO] - Re_Smush_It_Task with attachment ID : 1955, autocreated on : September 10, 2024 07:23:45 
[2024-09-10 07:29:16 : INFO] - File: Image1.jpg, Compression quality: 85 
[2024-09-10 07:29:17 : INFO] - Backing up the original image - 2024/09/Image1-updraft-pre-smush-original.jpg 
[2024-09-10 07:29:18 : INFO] - There were no WebP conversion tools found on your server. 
[2024-09-10 07:29:18 : INFO] - Successfully optimized the image - /srv/data/web/vhosts/amisdebourronmarlotte.fr/htdocs/wp-content/uploads/2024/09/Image1.jpg.Le fichier a été compressé de 16.42 KB à 13.17 KB, en économisant 19.79 % à l’aide de WP-Optimize 
[2024-09-10 07:29:18 : INFO] - Completed processing task with ID : 521, and type 'smush' 
[2024-09-10 07:29:18 : INFO] - Processing task with ID : 522, and type 'smush' 
[2024-09-10 07:29:18 : INFO] - Re_Smush_It_Task with attachment ID : 1956, autocreated on : September 10, 2024 07:23:58 
[2024-09-10 07:29:18 : INFO] - File: Image2.jpg, Compression quality: 85 
[2024-09-10 07:29:18 : INFO] - Backing up the original image - 2024/09/Image2-updraft-pre-smush-original.jpg 
[2024-09-10 07:29:19 : INFO] - There were no WebP conversion tools found on your server. 
[2024-09-10 07:29:19 : INFO] - Successfully optimized the image - /srv/data/web/vhosts/amisdebourronmarlotte.fr/htdocs/wp-content/uploads/2024/09/Image2.jpg.Le fichier a été compressé de 19.02 KB à 14.75 KB, en économisant 22.44 % à l’aide de WP-Optimize 
[2024-09-10 07:29:19 : INFO] - Completed processing task with ID : 522, and type 'smush' 
[2024-09-10 07:29:19 : INFO] - Processing task with ID : 523, and type 'smush' 
[2024-09-10 07:29:19 : INFO] - Re_Smush_It_Task with attachment ID : 1957, autocreated on : September 10, 2024 07:25:39 
[2024-09-10 07:29:19 : INFO] - File: Image3.jpg, Compression quality: 85 
[2024-09-10 07:29:20 : INFO] - Backing up the original image - 2024/09/Image3-updraft-pre-smush-original.jpg 
[2024-09-10 07:29:20 : INFO] - There were no WebP conversion tools found on your server. 
[2024-09-10 07:29:20 : INFO] - Successfully optimized the image - /srv/data/web/vhosts/amisdebourronmarlotte.fr/htdocs/wp-content/uploads/2024/09/Image3.jpg.Le fichier a été compressé de 18.51 KB à 14.35 KB, en économisant 22.48 % à l’aide de WP-Optimize 
[2024-09-10 07:29:20 : INFO] - Completed processing task with ID : 523, and type 'smush' 
[2024-09-10 07:29:20 : INFO] - Processing task with ID : 524, and type 'smush' 
[2024-09-10 07:29:20 : INFO] - Re_Smush_It_Task with attachment ID : 1958, autocreated on : September 10, 2024 07:25:52 
[2024-09-10 07:29:20 : INFO] - File: Image4.jpg, Compression quality: 85 
[2024-09-10 07:29:20 : INFO] - Backing up the original image - 2024/09/Image4-updraft-pre-smush-original.jpg 
[2024-09-10 07:29:21 : INFO] - There were no WebP conversion tools found on your server. 
[2024-09-10 07:29:21 : INFO] - Successfully optimized the image - /srv/data/web/vhosts/amisdebourronmarlotte.fr/htdocs/wp-content/uploads/2024/09/Image4.jpg.Le fichier a été compressé de 16.20 KB à 13.01 KB, en économisant 19.66 % à l’aide de WP-Optimize 
[2024-09-10 07:29:21 : INFO] - Completed processing task with ID : 524, and type 'smush' 
[2024-09-10 07:29:21 : INFO] - Processing task with ID : 525, and type 'smush' 
[2024-09-10 07:29:21 : INFO] - Re_Smush_It_Task with attachment ID : 1959, autocreated on : September 10, 2024 07:27:16 
[2024-09-10 07:29:21 : INFO] - File: Image5.jpg, Compression quality: 85 
[2024-09-10 07:29:21 : INFO] - Backing up the original image - 2024/09/Image5-updraft-pre-smush-original.jpg 
[2024-09-10 07:29:24 : INFO] - There were no WebP conversion tools found on your server. 
[2024-09-10 07:29:24 : INFO] - Successfully optimized the image - /srv/data/web/vhosts/amisdebourronmarlotte.fr/htdocs/wp-content/uploads/2024/09/Image5.jpg.Le fichier a été compressé de 163.98 KB à 137.15 KB, en économisant 16.36 % à l’aide de WP-Optimize 
[2024-09-10 07:29:24 : INFO] - Completed processing task with ID : 525, and type 'smush' 
[2024-09-10 07:29:24 : INFO] - Lock option (updraft_lock_smush, abm_options) released 
[2024-09-10 07:29:24 : INFO] - Successfully processed the queue (smush). 5 tasks were processed out of 5. 
[2024-09-10 07:29:24 : INFO] - Lock option (updraft_lock_smush, abm_options) was deleted from the database 
[2024-09-10 07:29:24 : INFO] - Cleaning up tasks of type (smush). A total of 5 tasks will be deleted. 
[2024-09-10 07:29:41 : INFO] - Re_Smush_It_Task with attachment ID : 1960, autocreated on : September 10, 2024 07:29:41 
[2024-09-10 07:46:31 : INFO] - A total of 1 tasks of type smush found and will be processed in this iteration 
[2024-09-10 07:46:31 : DEBUG] - Lock option (updraft_lock_smush, abm_options) was created in the database 
[2024-09-10 07:46:32 : INFO] - Lock (updraft_lock_smush, abm_options) acquired after initialising the database 
[2024-09-10 07:46:32 : INFO] - Processing task with ID : 526, and type 'smush' 
[2024-09-10 07:46:32 : INFO] - Re_Smush_It_Task with attachment ID : 1960, autocreated on : September 10, 2024 07:29:41 
[2024-09-10 07:46:32 : INFO] - File: Image6.jpg, Compression quality: 85 
[2024-09-10 07:46:32 : INFO] - Backing up the original image - 2024/09/Image6-updraft-pre-smush-original.jpg 
[2024-09-10 07:46:34 : INFO] - There were no WebP conversion tools found on your server. 
[2024-09-10 07:46:34 : INFO] - Successfully optimized the image - /srv/data/web/vhosts/amisdebourronmarlotte.fr/htdocs/wp-content/uploads/2024/09/Image6.jpg.Le fichier a été compressé de 168.67 KB à 140.15 KB, en économisant 16.91 % à l’aide de WP-Optimize 
[2024-09-10 07:46:34 : INFO] - Completed processing task with ID : 526, and type 'smush' 
[2024-09-10 07:46:34 : INFO] - Lock option (updraft_lock_smush, abm_options) released 
[2024-09-10 07:46:34 : INFO] - Successfully processed the queue (smush). 1 tasks were processed out of 1. 
[2024-09-10 07:46:35 : INFO] - Lock option (updraft_lock_smush, abm_options) was deleted from the database 
[2024-09-10 07:46:35 : INFO] - Cleaning up tasks of type (smush). A total of 1 tasks will be deleted. 
[2024-09-10 18:59:40 : INFO] - Re_Smush_It_Task with attachment ID : 1967, autocreated on : September 10, 2024 06:59:39 
[2024-09-10 19:01:22 : INFO] - Re_Smush_It_Task with attachment ID : 1968, autocreated on : September 10, 2024 07:01:22 
[2024-09-10 19:04:25 : INFO] - Re_Smush_It_Task with attachment ID : 1969, autocreated on : September 10, 2024 07:04:25 
[2024-09-10 19:04:37 : INFO] - Re_Smush_It_Task with attachment ID : 1970, autocreated on : September 10, 2024 07:04:37 
[2024-09-10 19:05:09 : INFO] - A total of 4 tasks of type smush found and will be processed in this iteration 
[2024-09-10 19:05:09 : DEBUG] - Lock option (updraft_lock_smush, abm_options) was created in the database 
[2024-09-10 19:05:09 : INFO] - Lock (updraft_lock_smush, abm_options) acquired after initialising the database 
[2024-09-10 19:05:09 : INFO] - Processing task with ID : 527, and type 'smush' 
[2024-09-10 19:05:09 : INFO] - Re_Smush_It_Task with attachment ID : 1967, autocreated on : September 10, 2024 06:59:39 
[2024-09-10 19:05:09 : INFO] - File: Image1-2.jpg, Compression quality: 85 
[2024-09-10 19:05:10 : INFO] - Backing up the original image - 2024/09/Image1-2-updraft-pre-smush-original.jpg 
[2024-09-10 19:05:11 : INFO] - There were no WebP conversion tools found on your server. 
[2024-09-10 19:05:11 : INFO] - Successfully optimized the image - /srv/data/web/vhosts/amisdebourronmarlotte.fr/htdocs/wp-content/uploads/2024/09/Image1-2.jpg.Le fichier a été compressé de 162.93 KB à 128.01 KB, en économisant 21.43 % à l’aide de WP-Optimize 
[2024-09-10 19:05:11 : INFO] - Completed processing task with ID : 527, and type 'smush' 
[2024-09-10 19:05:11 : INFO] - Processing task with ID : 528, and type 'smush' 
[2024-09-10 19:05:11 : INFO] - Re_Smush_It_Task with attachment ID : 1968, autocreated on : September 10, 2024 07:01:22 
[2024-09-10 19:05:11 : INFO] - File: Image2-1.jpg, Compression quality: 85 
[2024-09-10 19:05:11 : INFO] - Backing up the original image - 2024/09/Image2-1-updraft-pre-smush-original.jpg 
[2024-09-10 19:05:12 : INFO] - There were no WebP conversion tools found on your server. 
[2024-09-10 19:05:13 : INFO] - Successfully optimized the image - /srv/data/web/vhosts/amisdebourronmarlotte.fr/htdocs/wp-content/uploads/2024/09/Image2-1.jpg.Le fichier a été compressé de 94.90 KB à 78.50 KB, en économisant 17.28 % à l’aide de WP-Optimize 
[2024-09-10 19:05:13 : INFO] - Completed processing task with ID : 528, and type 'smush' 
[2024-09-10 19:05:13 : INFO] - Processing task with ID : 529, and type 'smush' 
[2024-09-10 19:05:13 : INFO] - Re_Smush_It_Task with attachment ID : 1969, autocreated on : September 10, 2024 07:04:25 
[2024-09-10 19:05:13 : INFO] - File: Image3-1.jpg, Compression quality: 85 
[2024-09-10 19:05:13 : INFO] - Backing up the original image - 2024/09/Image3-1-updraft-pre-smush-original.jpg 
[2024-09-10 19:05:14 : INFO] - There were no WebP conversion tools found on your server. 
[2024-09-10 19:05:14 : INFO] - Successfully optimized the image - /srv/data/web/vhosts/amisdebourronmarlotte.fr/htdocs/wp-content/uploads/2024/09/Image3-1.jpg.Le fichier a été compressé de 40.98 KB à 32.64 KB, en économisant 20.36 % à l’aide de WP-Optimize 
[2024-09-10 19:05:14 : INFO] - Completed processing task with ID : 529, and type 'smush' 
[2024-09-10 19:05:14 : INFO] - Processing task with ID : 530, and type 'smush' 
[2024-09-10 19:05:14 : INFO] - Re_Smush_It_Task with attachment ID : 1970, autocreated on : September 10, 2024 07:04:37 
[2024-09-10 19:05:14 : INFO] - File: Image4-1.jpg, Compression quality: 85 
[2024-09-10 19:05:14 : INFO] - Backing up the original image - 2024/09/Image4-1-updraft-pre-smush-original.jpg 
[2024-09-10 19:05:16 : INFO] - There were no WebP conversion tools found on your server. 
[2024-09-10 19:05:16 : INFO] - Successfully optimized the image - /srv/data/web/vhosts/amisdebourronmarlotte.fr/htdocs/wp-content/uploads/2024/09/Image4-1.jpg.Le fichier a été compressé de 172.66 KB à 137.72 KB, en économisant 20.24 % à l’aide de WP-Optimize 
[2024-09-10 19:05:16 : INFO] - Completed processing task with ID : 530, and type 'smush' 
[2024-09-10 19:05:16 : INFO] - Lock option (updraft_lock_smush, abm_options) released 
[2024-09-10 19:05:16 : INFO] - Successfully processed the queue (smush). 4 tasks were processed out of 4. 
[2024-09-10 19:05:16 : INFO] - Lock option (updraft_lock_smush, abm_options) was deleted from the database 
[2024-09-10 19:05:16 : INFO] - Cleaning up tasks of type (smush). A total of 4 tasks will be deleted. 
[2024-09-10 19:07:51 : INFO] - Re_Smush_It_Task with attachment ID : 1971, autocreated on : September 10, 2024 07:07:51 
[2024-09-10 19:08:51 : INFO] - Re_Smush_It_Task with attachment ID : 1972, autocreated on : September 10, 2024 07:08:51 
[2024-09-10 19:15:40 : INFO] - A total of 2 tasks of type smush found and will be processed in this iteration 
[2024-09-10 19:15:40 : DEBUG] - Lock option (updraft_lock_smush, abm_options) was created in the database 
[2024-09-10 19:15:40 : INFO] - Lock (updraft_lock_smush, abm_options) acquired after initialising the database 
[2024-09-10 19:15:40 : INFO] - Processing task with ID : 531, and type 'smush' 
[2024-09-10 19:15:40 : INFO] - Re_Smush_It_Task with attachment ID : 1971, autocreated on : September 10, 2024 07:07:51 
[2024-09-10 19:15:40 : INFO] - File: Image5-2.jpg, Compression quality: 85 
[2024-09-10 19:15:40 : INFO] - Backing up the original image - 2024/09/Image5-2-updraft-pre-smush-original.jpg 
[2024-09-10 19:15:42 : INFO] - There were no WebP conversion tools found on your server. 
[2024-09-10 19:15:42 : INFO] - Successfully optimized the image - /srv/data/web/vhosts/amisdebourronmarlotte.fr/htdocs/wp-content/uploads/2024/09/Image5-2.jpg.Le fichier a été compressé de 88.60 KB à 73.27 KB, en économisant 17.3 % à l’aide de WP-Optimize 
[2024-09-10 19:15:42 : INFO] - Completed processing task with ID : 531, and type 'smush' 
[2024-09-10 19:15:42 : INFO] - Processing task with ID : 532, and type 'smush' 
[2024-09-10 19:15:42 : INFO] - Re_Smush_It_Task with attachment ID : 1972, autocreated on : September 10, 2024 07:08:51 
[2024-09-10 19:15:42 : INFO] - File: Image6-1.jpg, Compression quality: 85 
[2024-09-10 19:15:43 : INFO] - Backing up the original image - 2024/09/Image6-1-updraft-pre-smush-original.jpg 
[2024-09-10 19:15:44 : INFO] - There were no WebP conversion tools found on your server. 
[2024-09-10 19:15:44 : INFO] - Successfully optimized the image - /srv/data/web/vhosts/amisdebourronmarlotte.fr/htdocs/wp-content/uploads/2024/09/Image6-1.jpg.Le fichier a été compressé de 156.89 KB à 123.39 KB, en économisant 21.35 % à l’aide de WP-Optimize 
[2024-09-10 19:15:44 : INFO] - Completed processing task with ID : 532, and type 'smush' 
[2024-09-10 19:15:44 : INFO] - Lock option (updraft_lock_smush, abm_options) released 
[2024-09-10 19:15:44 : INFO] - Successfully processed the queue (smush). 2 tasks were processed out of 2. 
[2024-09-10 19:15:44 : INFO] - Lock option (updraft_lock_smush, abm_options) was deleted from the database 
[2024-09-10 19:15:44 : INFO] - Cleaning up tasks of type (smush). A total of 2 tasks will be deleted. 
[2024-09-10 19:28:53 : INFO] - Re_Smush_It_Task with attachment ID : 1976, autocreated on : September 10, 2024 07:28:53 
[2024-09-10 19:41:43 : INFO] - A total of 1 tasks of type smush found and will be processed in this iteration 
[2024-09-10 19:41:43 : DEBUG] - Lock option (updraft_lock_smush, abm_options) was created in the database 
[2024-09-10 19:41:43 : INFO] - Lock (updraft_lock_smush, abm_options) acquired after initialising the database 
[2024-09-10 19:41:43 : INFO] - Processing task with ID : 533, and type 'smush' 
[2024-09-10 19:41:43 : INFO] - Re_Smush_It_Task with attachment ID : 1976, autocreated on : September 10, 2024 07:28:53 
[2024-09-10 19:41:43 : INFO] - File: IMG_1637.jpg, Compression quality: 85 
[2024-09-10 19:41:45 : INFO] - Backing up the original image - 2024/09/IMG_1637-updraft-pre-smush-original.jpg 
[2024-09-10 19:41:45 : INFO] - There were no WebP conversion tools found on your server. 
[2024-09-10 19:41:45 : INFO] - Successfully optimized the image - /srv/data/web/vhosts/amisdebourronmarlotte.fr/htdocs/wp-content/uploads/2024/09/IMG_1637.jpg.Le fichier a été compressé de 4.20 MB à 3.05 MB, en économisant 27.51 % à l’aide de WP-Optimize 
[2024-09-10 19:41:45 : INFO] - Completed processing task with ID : 533, and type 'smush' 
[2024-09-10 19:41:45 : INFO] - Lock option (updraft_lock_smush, abm_options) released 
[2024-09-10 19:41:45 : INFO] - Successfully processed the queue (smush). 1 tasks were processed out of 1. 
[2024-09-10 19:41:45 : INFO] - Lock option (updraft_lock_smush, abm_options) was deleted from the database 
[2024-09-10 19:41:45 : INFO] - Cleaning up tasks of type (smush). A total of 1 tasks will be deleted. 
[2024-09-21 07:25:02 : INFO] - Re_Smush_It_Task with attachment ID : 1982, autocreated on : September 21, 2024 07:25:02 
[2024-09-21 07:26:30 : INFO] - Re_Smush_It_Task with attachment ID : 1983, autocreated on : September 21, 2024 07:26:29 
[2024-09-21 07:26:56 : INFO] - Re_Smush_It_Task with attachment ID : 1984, autocreated on : September 21, 2024 07:26:56 
[2024-09-21 07:27:04 : INFO] - Re_Smush_It_Task with attachment ID : 1985, autocreated on : September 21, 2024 07:27:04 
[2024-09-21 07:27:47 : INFO] - Re_Smush_It_Task with attachment ID : 1986, autocreated on : September 21, 2024 07:27:47 
[2024-09-21 07:29:43 : INFO] - Re_Smush_It_Task with attachment ID : 1988, autocreated on : September 21, 2024 07:29:43 
[2024-09-21 07:30:03 : INFO] - A total of 6 tasks of type smush found and will be processed in this iteration 
[2024-09-21 07:30:03 : DEBUG] - Lock option (updraft_lock_smush, abm_options) was created in the database 
[2024-09-21 07:30:03 : INFO] - Lock (updraft_lock_smush, abm_options) acquired after initialising the database 
[2024-09-21 07:30:03 : INFO] - Processing task with ID : 534, and type 'smush' 
[2024-09-21 07:30:04 : INFO] - Task with ID 534 and type (smush) failed with error code exceeded_max_filesize - /srv/data/web/vhosts/amisdebourronmarlotte.fr/htdocs/wp-content/uploads/2024/09/IMG_0581.jpg - cannot be optimized, file size is above service provider limit 
[2024-09-21 07:30:04 : INFO] - Processing task with ID : 535, and type 'smush' 
[2024-09-21 07:30:04 : INFO] - Re_Smush_It_Task with attachment ID : 1983, autocreated on : September 21, 2024 07:26:29 
[2024-09-21 07:30:04 : INFO] - File: IMG_3981.jpg, Compression quality: 85 
[2024-09-21 07:30:06 : INFO] - Backing up the original image - 2024/09/IMG_3981-updraft-pre-smush-original.jpg 
[2024-09-21 07:30:06 : INFO] - There were no WebP conversion tools found on your server. 
[2024-09-21 07:30:06 : INFO] - Successfully optimized the image - /srv/data/web/vhosts/amisdebourronmarlotte.fr/htdocs/wp-content/uploads/2024/09/IMG_3981.jpg.Le fichier a été compressé de 3.63 MB à 2.93 MB, en économisant 19.38 % à l’aide de WP-Optimize 
[2024-09-21 07:30:06 : INFO] - Completed processing task with ID : 535, and type 'smush' 
[2024-09-21 07:30:06 : INFO] - Processing task with ID : 536, and type 'smush' 
[2024-09-21 07:30:06 : INFO] - Re_Smush_It_Task with attachment ID : 1984, autocreated on : September 21, 2024 07:26:56 
[2024-09-21 07:30:06 : INFO] - File: IMG_3978.jpg, Compression quality: 85 
[2024-09-21 07:30:07 : INFO] - Backing up the original image - 2024/09/IMG_3978-updraft-pre-smush-original.jpg 
[2024-09-21 07:30:07 : INFO] - There were no WebP conversion tools found on your server. 
[2024-09-21 07:30:07 : INFO] - Successfully optimized the image - /srv/data/web/vhosts/amisdebourronmarlotte.fr/htdocs/wp-content/uploads/2024/09/IMG_3978.jpg.Le fichier a été compressé de 4.04 MB à 3.26 MB, en économisant 19.21 % à l’aide de WP-Optimize 
[2024-09-21 07:30:07 : INFO] - Completed processing task with ID : 536, and type 'smush' 
[2024-09-21 07:30:07 : INFO] - Processing task with ID : 537, and type 'smush' 
[2024-09-21 07:30:08 : INFO] - Re_Smush_It_Task with attachment ID : 1985, autocreated on : September 21, 2024 07:27:04 
[2024-09-21 07:30:08 : INFO] - File: IMG_4011.jpg, Compression quality: 85 
[2024-09-21 07:30:09 : INFO] - Backing up the original image - 2024/09/IMG_4011-updraft-pre-smush-original.jpg 
[2024-09-21 07:30:09 : INFO] - There were no WebP conversion tools found on your server. 
[2024-09-21 07:30:09 : INFO] - Successfully optimized the image - /srv/data/web/vhosts/amisdebourronmarlotte.fr/htdocs/wp-content/uploads/2024/09/IMG_4011.jpg.Le fichier a été compressé de 4.26 MB à 3.41 MB, en économisant 19.96 % à l’aide de WP-Optimize 
[2024-09-21 07:30:09 : INFO] - Completed processing task with ID : 537, and type 'smush' 
[2024-09-21 07:30:09 : INFO] - Processing task with ID : 538, and type 'smush' 
[2024-09-21 07:30:10 : INFO] - Re_Smush_It_Task with attachment ID : 1986, autocreated on : September 21, 2024 07:27:47 
[2024-09-21 07:30:10 : INFO] - File: Image1-3.jpg, Compression quality: 85 
[2024-09-21 07:30:10 : INFO] - Backing up the original image - 2024/09/Image1-3-updraft-pre-smush-original.jpg 
[2024-09-21 07:30:11 : INFO] - There were no WebP conversion tools found on your server. 
[2024-09-21 07:30:11 : INFO] - Successfully optimized the image - /srv/data/web/vhosts/amisdebourronmarlotte.fr/htdocs/wp-content/uploads/2024/09/Image1-3.jpg.Le fichier a été compressé de 562.27 KB à 456.06 KB, en économisant 18.89 % à l’aide de WP-Optimize 
[2024-09-21 07:30:11 : INFO] - Completed processing task with ID : 538, and type 'smush' 
[2024-09-21 07:30:11 : INFO] - Processing task with ID : 539, and type 'smush' 
[2024-09-21 07:30:11 : INFO] - Re_Smush_It_Task with attachment ID : 1988, autocreated on : September 21, 2024 07:29:43 
[2024-09-21 07:30:11 : INFO] - File: IMG_3975.jpg, Compression quality: 85 
[2024-09-21 07:30:13 : INFO] - Backing up the original image - 2024/09/IMG_3975-updraft-pre-smush-original.jpg 
[2024-09-21 07:30:13 : INFO] - There were no WebP conversion tools found on your server. 
[2024-09-21 07:30:13 : INFO] - Successfully optimized the image - /srv/data/web/vhosts/amisdebourronmarlotte.fr/htdocs/wp-content/uploads/2024/09/IMG_3975.jpg.Le fichier a été compressé de 3.95 MB à 3.18 MB, en économisant 19.4 % à l’aide de WP-Optimize 
[2024-09-21 07:30:13 : INFO] - Completed processing task with ID : 539, and type 'smush' 
[2024-09-21 07:30:13 : INFO] - Lock option (updraft_lock_smush, abm_options) released 
[2024-09-21 07:30:13 : INFO] - Successfully processed the queue (smush). 6 tasks were processed out of 6. 
[2024-09-21 07:30:13 : INFO] - Lock option (updraft_lock_smush, abm_options) was deleted from the database 
[2024-09-21 07:30:13 : INFO] - Cleaning up tasks of type (smush). A total of 5 tasks will be deleted. 
[2024-09-21 07:32:47 : INFO] - Re_Smush_It_Task with attachment ID : 1992, autocreated on : September 21, 2024 07:32:47 
[2024-09-21 08:12:01 : INFO] - A total of 1 tasks of type smush found and will be processed in this iteration 
[2024-09-21 08:12:01 : DEBUG] - Lock option (updraft_lock_smush, abm_options) was created in the database 
[2024-09-21 08:12:01 : INFO] - Lock (updraft_lock_smush, abm_options) acquired after initialising the database 
[2024-09-21 08:12:01 : INFO] - Processing task with ID : 540, and type 'smush' 
[2024-09-21 08:12:01 : INFO] - Re_Smush_It_Task with attachment ID : 1992, autocreated on : September 21, 2024 07:32:47 
[2024-09-21 08:12:01 : INFO] - File: IMG_3975A.jpg, Compression quality: 85 
[2024-09-21 08:12:03 : INFO] - Backing up the original image - 2024/09/IMG_3975A-updraft-pre-smush-original.jpg 
[2024-09-21 08:12:03 : INFO] - There were no WebP conversion tools found on your server. 
[2024-09-21 08:12:03 : INFO] - Successfully optimized the image - /srv/data/web/vhosts/amisdebourronmarlotte.fr/htdocs/wp-content/uploads/2024/09/IMG_3975A.jpg.Le fichier a été compressé de 3.58 MB à 2.89 MB, en économisant 19.34 % à l’aide de WP-Optimize 
[2024-09-21 08:12:03 : INFO] - Completed processing task with ID : 540, and type 'smush' 
[2024-09-21 08:12:03 : INFO] - Lock option (updraft_lock_smush, abm_options) released 
[2024-09-21 08:12:03 : INFO] - Successfully processed the queue (smush). 1 tasks were processed out of 1. 
[2024-09-21 08:12:03 : INFO] - Lock option (updraft_lock_smush, abm_options) was deleted from the database 
[2024-09-21 08:12:03 : INFO] - Cleaning up tasks of type (smush). A total of 1 tasks will be deleted. 
[2024-10-07 07:28:19 : INFO] - Re_Smush_It_Task with attachment ID : 2003, autocreated on : October 07, 2024 07:28:19 
[2024-10-07 07:36:08 : INFO] - A total of 1 tasks of type smush found and will be processed in this iteration 
[2024-10-07 07:36:08 : DEBUG] - Lock option (updraft_lock_smush, abm_options) was created in the database 
[2024-10-07 07:36:08 : INFO] - Lock (updraft_lock_smush, abm_options) acquired after initialising the database 
[2024-10-07 07:36:08 : INFO] - Processing task with ID : 541, and type 'smush' 
[2024-10-07 07:36:08 : INFO] - Re_Smush_It_Task with attachment ID : 2003, autocreated on : October 07, 2024 07:28:19 
[2024-10-07 07:36:08 : INFO] - File: Adele-Moreau-Vauthier-convalescente.jpg, Compression quality: 85 
[2024-10-07 07:36:09 : INFO] - Backing up the original image - 2024/07/Adele-Moreau-Vauthier-convalescente-updraft-pre-smush-original.jpg 
[2024-10-07 07:36:09 : INFO] - There were no WebP conversion tools found on your server. 
[2024-10-07 07:36:09 : INFO] - Successfully optimized the image - /srv/data/web/vhosts/amisdebourronmarlotte.fr/htdocs/wp-content/uploads/2024/07/Adele-Moreau-Vauthier-convalescente.jpg.Le fichier a été compressé de 892.86 KB à 731.27 KB, en économisant 18.1 % à l’aide de WP-Optimize 
[2024-10-07 07:36:09 : INFO] - Completed processing task with ID : 541, and type 'smush' 
[2024-10-07 07:36:09 : INFO] - Lock option (updraft_lock_smush, abm_options) released 
[2024-10-07 07:36:09 : INFO] - Successfully processed the queue (smush). 1 tasks were processed out of 1. 
[2024-10-07 07:36:09 : INFO] - Lock option (updraft_lock_smush, abm_options) was deleted from the database 
[2024-10-07 07:36:09 : INFO] - Cleaning up tasks of type (smush). A total of 1 tasks will be deleted. 
[2024-10-16 10:15:37 : INFO] - Re_Smush_It_Task with attachment ID : 2009, autocreated on : October 16, 2024 10:15:37 
[2024-10-16 10:17:30 : INFO] - Re_Smush_It_Task with attachment ID : 2011, autocreated on : October 16, 2024 10:17:30 
[2024-10-16 10:21:33 : INFO] - A total of 2 tasks of type smush found and will be processed in this iteration 
[2024-10-16 10:21:33 : DEBUG] - Lock option (updraft_lock_smush, abm_options) was created in the database 
[2024-10-16 10:21:33 : INFO] - Lock (updraft_lock_smush, abm_options) acquired after initialising the database 
[2024-10-16 10:21:33 : INFO] - Processing task with ID : 542, and type 'smush' 
[2024-10-16 10:21:33 : INFO] - Task with ID 542 and type (smush) failed with error code invalid_file_path - The linked attachment ID does not have a valid file path 
[2024-10-16 10:21:33 : INFO] - Processing task with ID : 543, and type 'smush' 
[2024-10-16 10:21:33 : INFO] - Re_Smush_It_Task with attachment ID : 2011, autocreated on : October 16, 2024 10:17:30 
[2024-10-16 10:21:33 : INFO] - File: IMG_4426-1.jpg, Compression quality: 85 
[2024-10-16 10:21:35 : INFO] - Backing up the original image - 2024/07/IMG_4426-1-updraft-pre-smush-original.jpg 
[2024-10-16 10:21:35 : INFO] - There were no WebP conversion tools found on your server. 
[2024-10-16 10:21:35 : INFO] - Successfully optimized the image - /srv/data/web/vhosts/amisdebourronmarlotte.fr/htdocs/wp-content/uploads/2024/07/IMG_4426-1.jpg.Le fichier a été compressé de 2.74 MB à 2.26 MB, en économisant 17.55 % à l’aide de WP-Optimize 
[2024-10-16 10:21:35 : INFO] - Completed processing task with ID : 543, and type 'smush' 
[2024-10-16 10:21:35 : INFO] - Lock option (updraft_lock_smush, abm_options) released 
[2024-10-16 10:21:35 : INFO] - Successfully processed the queue (smush). 2 tasks were processed out of 2. 
[2024-10-16 10:21:35 : INFO] - Lock option (updraft_lock_smush, abm_options) was deleted from the database 
[2024-10-16 10:21:35 : INFO] - Cleaning up tasks of type (smush). A total of 1 tasks will be deleted. 
[2024-10-16 10:24:19 : INFO] - Re_Smush_It_Task with attachment ID : 2015, autocreated on : October 16, 2024 10:24:19 
[2024-10-16 10:25:50 : INFO] - Re_Smush_It_Task with attachment ID : 2017, autocreated on : October 16, 2024 10:25:50 
[2024-10-16 10:33:06 : INFO] - A total of 2 tasks of type smush found and will be processed in this iteration 
[2024-10-16 10:33:06 : DEBUG] - Lock option (updraft_lock_smush, abm_options) was created in the database 
[2024-10-16 10:33:06 : INFO] - Lock (updraft_lock_smush, abm_options) acquired after initialising the database 
[2024-10-16 10:33:06 : INFO] - Processing task with ID : 544, and type 'smush' 
[2024-10-16 10:33:06 : INFO] - Re_Smush_It_Task with attachment ID : 2015, autocreated on : October 16, 2024 10:24:19 
[2024-10-16 10:33:06 : INFO] - File: Image1-1.jpg, Compression quality: 85 
[2024-10-16 10:33:06 : INFO] - Backing up the original image - 2024/07/Image1-1-updraft-pre-smush-original.jpg 
[2024-10-16 10:33:07 : INFO] - There were no WebP conversion tools found on your server. 
[2024-10-16 10:33:07 : INFO] - Successfully optimized the image - /srv/data/web/vhosts/amisdebourronmarlotte.fr/htdocs/wp-content/uploads/2024/07/Image1-1.jpg.Le fichier a été compressé de 37.72 KB à 30.21 KB, en économisant 19.92 % à l’aide de WP-Optimize 
[2024-10-16 10:33:07 : INFO] - Completed processing task with ID : 544, and type 'smush' 
[2024-10-16 10:33:07 : INFO] - Processing task with ID : 545, and type 'smush' 
[2024-10-16 10:33:07 : INFO] - Re_Smush_It_Task with attachment ID : 2017, autocreated on : October 16, 2024 10:25:50 
[2024-10-16 10:33:07 : INFO] - File: IMG_2532.jpg, Compression quality: 85 
[2024-10-16 10:33:08 : INFO] - Backing up the original image - 2024/07/IMG_2532-updraft-pre-smush-original.jpg 
[2024-10-16 10:33:08 : INFO] - There were no WebP conversion tools found on your server. 
[2024-10-16 10:33:08 : INFO] - Successfully optimized the image - /srv/data/web/vhosts/amisdebourronmarlotte.fr/htdocs/wp-content/uploads/2024/07/IMG_2532.jpg.Le fichier a été compressé de 436.93 KB à 363.16 KB, en économisant 16.88 % à l’aide de WP-Optimize 
[2024-10-16 10:33:08 : INFO] - Completed processing task with ID : 545, and type 'smush' 
[2024-10-16 10:33:08 : INFO] - Lock option (updraft_lock_smush, abm_options) released 
[2024-10-16 10:33:08 : INFO] - Successfully processed the queue (smush). 2 tasks were processed out of 2. 
[2024-10-16 10:33:08 : INFO] - Lock option (updraft_lock_smush, abm_options) was deleted from the database 
[2024-10-16 10:33:08 : INFO] - Cleaning up tasks of type (smush). A total of 2 tasks will be deleted. 
[2024-10-16 18:30:26 : INFO] - Re_Smush_It_Task with attachment ID : 2018, autocreated on : October 16, 2024 06:30:26 
[2024-10-16 18:35:48 : INFO] - Re_Smush_It_Task with attachment ID : 2019, autocreated on : October 16, 2024 06:35:47 
[2024-10-16 18:35:48 : INFO] - A total of 2 tasks of type smush found and will be processed in this iteration 
[2024-10-16 18:35:48 : DEBUG] - Lock option (updraft_lock_smush, abm_options) was created in the database 
[2024-10-16 18:35:48 : INFO] - Lock (updraft_lock_smush, abm_options) acquired after initialising the database 
[2024-10-16 18:35:48 : INFO] - Processing task with ID : 546, and type 'smush' 
[2024-10-16 18:35:49 : INFO] - Re_Smush_It_Task with attachment ID : 2018, autocreated on : October 16, 2024 06:30:26 
[2024-10-16 18:35:49 : INFO] - File: P1050261.jpg, Compression quality: 85 
[2024-10-16 18:35:51 : INFO] - Backing up the original image - 2024/07/P1050261-updraft-pre-smush-original.jpg 
[2024-10-16 18:35:51 : INFO] - There were no WebP conversion tools found on your server. 
[2024-10-16 18:35:51 : INFO] - Successfully optimized the image - /srv/data/web/vhosts/amisdebourronmarlotte.fr/htdocs/wp-content/uploads/2024/07/P1050261.jpg.Le fichier a été compressé de 2.48 MB à 2.06 MB, en économisant 17.24 % à l’aide de WP-Optimize 
[2024-10-16 18:35:51 : INFO] - Completed processing task with ID : 546, and type 'smush' 
[2024-10-16 18:35:51 : INFO] - Processing task with ID : 547, and type 'smush' 
[2024-10-16 18:35:51 : INFO] - Re_Smush_It_Task with attachment ID : 2019, autocreated on : October 16, 2024 06:35:47 
[2024-10-16 18:35:51 : INFO] - File: IMG_4437.jpg, Compression quality: 85 
[2024-10-16 18:35:52 : INFO] - Backing up the original image - 2024/07/IMG_4437-updraft-pre-smush-original.jpg 
[2024-10-16 18:35:52 : INFO] - There were no WebP conversion tools found on your server. 
[2024-10-16 18:35:52 : INFO] - Successfully optimized the image - /srv/data/web/vhosts/amisdebourronmarlotte.fr/htdocs/wp-content/uploads/2024/07/IMG_4437.jpg.Le fichier a été compressé de 2.15 MB à 1.46 MB, en économisant 32.27 % à l’aide de WP-Optimize 
[2024-10-16 18:35:52 : INFO] - Completed processing task with ID : 547, and type 'smush' 
[2024-10-16 18:35:52 : INFO] - Lock option (updraft_lock_smush, abm_options) released 
[2024-10-16 18:35:52 : INFO] - Successfully processed the queue (smush). 2 tasks were processed out of 2. 
[2024-10-16 18:35:52 : INFO] - Lock option (updraft_lock_smush, abm_options) was deleted from the database 
[2024-10-16 18:35:52 : INFO] - Cleaning up tasks of type (smush). A total of 2 tasks will be deleted. 
[2024-10-16 18:36:03 : INFO] - Re_Smush_It_Task with attachment ID : 2020, autocreated on : October 16, 2024 06:36:03 
[2024-10-16 18:36:14 : INFO] - Re_Smush_It_Task with attachment ID : 2021, autocreated on : October 16, 2024 06:36:14 
[2024-10-16 18:37:43 : INFO] - Re_Smush_It_Task with attachment ID : 2022, autocreated on : October 16, 2024 06:37:43 
[2024-10-16 18:37:56 : INFO] - Re_Smush_It_Task with attachment ID : 2023, autocreated on : October 16, 2024 06:37:56 
[2024-10-16 18:40:01 : INFO] - Re_Smush_It_Task with attachment ID : 2024, autocreated on : October 16, 2024 06:40:01 
[2024-10-16 19:14:36 : INFO] - A total of 5 tasks of type smush found and will be processed in this iteration 
[2024-10-16 19:14:37 : DEBUG] - Lock option (updraft_lock_smush, abm_options) was created in the database 
[2024-10-16 19:14:37 : INFO] - Lock (updraft_lock_smush, abm_options) acquired after initialising the database 
[2024-10-16 19:14:37 : INFO] - Processing task with ID : 548, and type 'smush' 
[2024-10-16 19:14:37 : INFO] - Re_Smush_It_Task with attachment ID : 2020, autocreated on : October 16, 2024 06:36:03 
[2024-10-16 19:14:37 : INFO] - File: IMG_4439.jpg, Compression quality: 85 
[2024-10-16 19:14:38 : INFO] - Backing up the original image - 2024/07/IMG_4439-updraft-pre-smush-original.jpg 
[2024-10-16 19:14:38 : INFO] - There were no WebP conversion tools found on your server. 
[2024-10-16 19:14:38 : INFO] - Successfully optimized the image - /srv/data/web/vhosts/amisdebourronmarlotte.fr/htdocs/wp-content/uploads/2024/07/IMG_4439.jpg.Le fichier a été compressé de 2.27 MB à 1.53 MB, en économisant 32.84 % à l’aide de WP-Optimize 
[2024-10-16 19:14:38 : INFO] - Completed processing task with ID : 548, and type 'smush' 
[2024-10-16 19:14:38 : INFO] - Processing task with ID : 549, and type 'smush' 
[2024-10-16 19:14:38 : INFO] - Re_Smush_It_Task with attachment ID : 2021, autocreated on : October 16, 2024 06:36:14 
[2024-10-16 19:14:38 : INFO] - File: IMG_4438.jpg, Compression quality: 85 
[2024-10-16 19:14:39 : INFO] - Backing up the original image - 2024/07/IMG_4438-updraft-pre-smush-original.jpg 
[2024-10-16 19:14:39 : INFO] - There were no WebP conversion tools found on your server. 
[2024-10-16 19:14:39 : INFO] - Successfully optimized the image - /srv/data/web/vhosts/amisdebourronmarlotte.fr/htdocs/wp-content/uploads/2024/07/IMG_4438.jpg.Le fichier a été compressé de 1.54 MB à 1.17 MB, en économisant 24.25 % à l’aide de WP-Optimize 
[2024-10-16 19:14:39 : INFO] - Completed processing task with ID : 549, and type 'smush' 
[2024-10-16 19:14:39 : INFO] - Processing task with ID : 550, and type 'smush' 
[2024-10-16 19:14:39 : INFO] - Task with ID 550 and type (smush) failed with error code invalid_file_path - The linked attachment ID does not have a valid file path 
[2024-10-16 19:14:39 : INFO] - Processing task with ID : 551, and type 'smush' 
[2024-10-16 19:14:39 : INFO] - Re_Smush_It_Task with attachment ID : 2023, autocreated on : October 16, 2024 06:37:56 
[2024-10-16 19:14:39 : INFO] - File: Adele-Moreau-Vauthier-la-convalescente.jpg, Compression quality: 85 
[2024-10-16 19:14:40 : INFO] - Backing up the original image - 2024/07/Adele-Moreau-Vauthier-la-convalescente-updraft-pre-smush-original.jpg 
[2024-10-16 19:14:40 : INFO] - There were no WebP conversion tools found on your server. 
[2024-10-16 19:14:40 : INFO] - Successfully optimized the image - /srv/data/web/vhosts/amisdebourronmarlotte.fr/htdocs/wp-content/uploads/2024/07/Adele-Moreau-Vauthier-la-convalescente.jpg.Le fichier a été compressé de 892.86 KB à 731.27 KB, en économisant 18.1 % à l’aide de WP-Optimize 
[2024-10-16 19:14:40 : INFO] - Completed processing task with ID : 551, and type 'smush' 
[2024-10-16 19:14:40 : INFO] - Processing task with ID : 552, and type 'smush' 
[2024-10-16 19:14:40 : INFO] - Re_Smush_It_Task with attachment ID : 2024, autocreated on : October 16, 2024 06:40:01 
[2024-10-16 19:14:40 : INFO] - File: IMG_4427-1.jpg, Compression quality: 85 
[2024-10-16 19:14:42 : INFO] - Backing up the original image - 2024/07/IMG_4427-1-updraft-pre-smush-original.jpg 
[2024-10-16 19:14:42 : INFO] - There were no WebP conversion tools found on your server. 
[2024-10-16 19:14:42 : INFO] - Successfully optimized the image - /srv/data/web/vhosts/amisdebourronmarlotte.fr/htdocs/wp-content/uploads/2024/07/IMG_4427-1.jpg.Le fichier a été compressé de 3.27 MB à 2.69 MB, en économisant 17.86 % à l’aide de WP-Optimize 
[2024-10-16 19:14:42 : INFO] - Completed processing task with ID : 552, and type 'smush' 
[2024-10-16 19:14:42 : INFO] - Lock option (updraft_lock_smush, abm_options) released 
[2024-10-16 19:14:42 : INFO] - Successfully processed the queue (smush). 5 tasks were processed out of 5. 
[2024-10-16 19:14:42 : INFO] - Lock option (updraft_lock_smush, abm_options) was deleted from the database 
[2024-10-16 19:14:42 : INFO] - Cleaning up tasks of type (smush). A total of 4 tasks will be deleted. 
[2024-10-24 08:21:19 : INFO] - Re_Smush_It_Task with attachment ID : 2029, autocreated on : October 24, 2024 08:21:19 
[2024-10-24 08:21:28 : INFO] - Re_Smush_It_Task with attachment ID : 2030, autocreated on : October 24, 2024 08:21:28 
[2024-10-24 08:26:21 : INFO] - A total of 2 tasks of type smush found and will be processed in this iteration 
[2024-10-24 08:26:21 : DEBUG] - Lock option (updraft_lock_smush, abm_options) was created in the database 
[2024-10-24 08:26:21 : INFO] - Lock (updraft_lock_smush, abm_options) acquired after initialising the database 
[2024-10-24 08:26:21 : INFO] - Processing task with ID : 553, and type 'smush' 
[2024-10-24 08:26:22 : INFO] - Re_Smush_It_Task with attachment ID : 2029, autocreated on : October 24, 2024 08:21:19 
[2024-10-24 08:26:22 : INFO] - File: Catalogue-Couverture.jpg, Compression quality: 85 
[2024-10-24 08:26:22 : INFO] - Backing up the original image - 2024/10/Catalogue-Couverture-updraft-pre-smush-original.jpg 
[2024-10-24 08:26:24 : INFO] - There were no WebP conversion tools found on your server. 
[2024-10-24 08:26:24 : INFO] - Successfully optimized the image - /srv/data/web/vhosts/amisdebourronmarlotte.fr/htdocs/wp-content/uploads/2024/10/Catalogue-Couverture.jpg.Le fichier a été compressé de 102.69 KB à 81.55 KB, en économisant 20.58 % à l’aide de WP-Optimize 
[2024-10-24 08:26:24 : INFO] - Completed processing task with ID : 553, and type 'smush' 
[2024-10-24 08:26:24 : INFO] - Processing task with ID : 554, and type 'smush' 
[2024-10-24 08:26:24 : INFO] - Re_Smush_It_Task with attachment ID : 2030, autocreated on : October 24, 2024 08:21:28 
[2024-10-24 08:26:24 : INFO] - File: Catalogue-Introduction.jpg, Compression quality: 85 
[2024-10-24 08:26:24 : INFO] - Backing up the original image - 2024/10/Catalogue-Introduction-updraft-pre-smush-original.jpg 
[2024-10-24 08:26:26 : INFO] - There were no WebP conversion tools found on your server. 
[2024-10-24 08:26:26 : INFO] - Successfully optimized the image - /srv/data/web/vhosts/amisdebourronmarlotte.fr/htdocs/wp-content/uploads/2024/10/Catalogue-Introduction.jpg.Le fichier a été compressé de 152.20 KB à 114.30 KB, en économisant 24.9 % à l’aide de WP-Optimize 
[2024-10-24 08:26:26 : INFO] - Completed processing task with ID : 554, and type 'smush' 
[2024-10-24 08:26:26 : INFO] - Lock option (updraft_lock_smush, abm_options) released 
[2024-10-24 08:26:27 : INFO] - Successfully processed the queue (smush). 2 tasks were processed out of 2. 
[2024-10-24 08:26:27 : INFO] - Lock option (updraft_lock_smush, abm_options) was deleted from the database 
[2024-10-24 08:26:27 : INFO] - Cleaning up tasks of type (smush). A total of 2 tasks will be deleted. 
[2024-10-25 07:13:52 : INFO] - Re_Smush_It_Task with attachment ID : 2036, autocreated on : October 25, 2024 07:13:52 
[2024-10-25 07:14:30 : INFO] - Re_Smush_It_Task with attachment ID : 2037, autocreated on : October 25, 2024 07:14:30 
[2024-10-25 07:16:02 : INFO] - Re_Smush_It_Task with attachment ID : 2038, autocreated on : October 25, 2024 07:16:02 
[2024-10-25 07:16:10 : INFO] - Re_Smush_It_Task with attachment ID : 2039, autocreated on : October 25, 2024 07:16:10 
[2024-10-25 07:19:23 : INFO] - A total of 4 tasks of type smush found and will be processed in this iteration 
[2024-10-25 07:19:23 : DEBUG] - Lock option (updraft_lock_smush, abm_options) was created in the database 
[2024-10-25 07:19:23 : INFO] - Lock (updraft_lock_smush, abm_options) acquired after initialising the database 
[2024-10-25 07:19:23 : INFO] - Processing task with ID : 555, and type 'smush' 
[2024-10-25 07:19:23 : INFO] - Re_Smush_It_Task with attachment ID : 2036, autocreated on : October 25, 2024 07:13:52 
[2024-10-25 07:19:23 : INFO] - File: Image2.jpg, Compression quality: 85 
[2024-10-25 07:19:23 : INFO] - Backing up the original image - 2024/10/Image2-updraft-pre-smush-original.jpg 
[2024-10-25 07:19:24 : INFO] - There were no WebP conversion tools found on your server. 
[2024-10-25 07:19:24 : INFO] - Successfully optimized the image - /srv/data/web/vhosts/amisdebourronmarlotte.fr/htdocs/wp-content/uploads/2024/10/Image2.jpg.Le fichier a été compressé de 269.97 KB à 219.36 KB, en économisant 18.74 % à l’aide de WP-Optimize 
[2024-10-25 07:19:24 : INFO] - Completed processing task with ID : 555, and type 'smush' 
[2024-10-25 07:19:24 : INFO] - Processing task with ID : 556, and type 'smush' 
[2024-10-25 07:19:24 : INFO] - Re_Smush_It_Task with attachment ID : 2037, autocreated on : October 25, 2024 07:14:30 
[2024-10-25 07:19:24 : INFO] - File: Image3.jpg, Compression quality: 85 
[2024-10-25 07:19:24 : INFO] - Backing up the original image - 2024/10/Image3-updraft-pre-smush-original.jpg 
[2024-10-25 07:19:26 : INFO] - There were no WebP conversion tools found on your server. 
[2024-10-25 07:19:26 : INFO] - Successfully optimized the image - /srv/data/web/vhosts/amisdebourronmarlotte.fr/htdocs/wp-content/uploads/2024/10/Image3.jpg.Le fichier a été compressé de 148.55 KB à 120.21 KB, en économisant 19.08 % à l’aide de WP-Optimize 
[2024-10-25 07:19:26 : INFO] - Completed processing task with ID : 556, and type 'smush' 
[2024-10-25 07:19:26 : INFO] - Processing task with ID : 557, and type 'smush' 
[2024-10-25 07:19:26 : INFO] - Re_Smush_It_Task with attachment ID : 2038, autocreated on : October 25, 2024 07:16:02 
[2024-10-25 07:19:26 : INFO] - File: Image4.jpg, Compression quality: 85 
[2024-10-25 07:19:26 : INFO] - Backing up the original image - 2024/10/Image4-updraft-pre-smush-original.jpg 
[2024-10-25 07:19:28 : INFO] - There were no WebP conversion tools found on your server. 
[2024-10-25 07:19:28 : INFO] - Successfully optimized the image - /srv/data/web/vhosts/amisdebourronmarlotte.fr/htdocs/wp-content/uploads/2024/10/Image4.jpg.Le fichier a été compressé de 234.06 KB à 185.21 KB, en économisant 20.87 % à l’aide de WP-Optimize 
[2024-10-25 07:19:28 : INFO] - Completed processing task with ID : 557, and type 'smush' 
[2024-10-25 07:19:28 : INFO] - Processing task with ID : 558, and type 'smush' 
[2024-10-25 07:19:28 : INFO] - Re_Smush_It_Task with attachment ID : 2039, autocreated on : October 25, 2024 07:16:10 
[2024-10-25 07:19:28 : INFO] - File: Image5.jpg, Compression quality: 85 
[2024-10-25 07:19:28 : INFO] - Backing up the original image - 2024/10/Image5-updraft-pre-smush-original.jpg 
[2024-10-25 07:19:29 : INFO] - There were no WebP conversion tools found on your server. 
[2024-10-25 07:19:29 : INFO] - Successfully optimized the image - /srv/data/web/vhosts/amisdebourronmarlotte.fr/htdocs/wp-content/uploads/2024/10/Image5.jpg.Le fichier a été compressé de 108.66 KB à 89.80 KB, en économisant 17.35 % à l’aide de WP-Optimize 
[2024-10-25 07:19:29 : INFO] - Completed processing task with ID : 558, and type 'smush' 
[2024-10-25 07:19:29 : INFO] - Lock option (updraft_lock_smush, abm_options) released 
[2024-10-25 07:19:29 : INFO] - Successfully processed the queue (smush). 4 tasks were processed out of 4. 
[2024-10-25 07:19:29 : INFO] - Lock option (updraft_lock_smush, abm_options) was deleted from the database 
[2024-10-25 07:19:29 : INFO] - Cleaning up tasks of type (smush). A total of 4 tasks will be deleted. 
[2024-10-25 07:20:45 : INFO] - Re_Smush_It_Task with attachment ID : 2040, autocreated on : October 25, 2024 07:20:45 
[2024-10-25 07:29:40 : INFO] - A total of 1 tasks of type smush found and will be processed in this iteration 
[2024-10-25 07:29:40 : DEBUG] - Lock option (updraft_lock_smush, abm_options) was created in the database 
[2024-10-25 07:29:40 : INFO] - Lock (updraft_lock_smush, abm_options) acquired after initialising the database 
[2024-10-25 07:29:41 : INFO] - Processing task with ID : 559, and type 'smush' 
[2024-10-25 07:29:41 : INFO] - Re_Smush_It_Task with attachment ID : 2040, autocreated on : October 25, 2024 07:20:45 
[2024-10-25 07:29:41 : INFO] - File: Image6.jpg, Compression quality: 85 
[2024-10-25 07:29:42 : INFO] - Backing up the original image - 2024/10/Image6-updraft-pre-smush-original.jpg 
[2024-10-25 07:29:44 : INFO] - There were no WebP conversion tools found on your server. 
[2024-10-25 07:29:44 : INFO] - Successfully optimized the image - /srv/data/web/vhosts/amisdebourronmarlotte.fr/htdocs/wp-content/uploads/2024/10/Image6.jpg.Le fichier a été compressé de 284.84 KB à 224.86 KB, en économisant 21.06 % à l’aide de WP-Optimize 
[2024-10-25 07:29:44 : INFO] - Completed processing task with ID : 559, and type 'smush' 
[2024-10-25 07:29:44 : INFO] - Lock option (updraft_lock_smush, abm_options) released 
[2024-10-25 07:29:44 : INFO] - Successfully processed the queue (smush). 1 tasks were processed out of 1. 
[2024-10-25 07:29:44 : INFO] - Lock option (updraft_lock_smush, abm_options) was deleted from the database 
[2024-10-25 07:29:44 : INFO] - Cleaning up tasks of type (smush). A total of 1 tasks will be deleted. 
[2024-10-25 07:37:00 : INFO] - Re_Smush_It_Task with attachment ID : 2043, autocreated on : October 25, 2024 07:37:00 
[2024-10-25 07:40:19 : INFO] - Re_Smush_It_Task with attachment ID : 2044, autocreated on : October 25, 2024 07:40:19 
[2024-10-25 07:40:19 : INFO] - A total of 2 tasks of type smush found and will be processed in this iteration 
[2024-10-25 07:40:19 : DEBUG] - Lock option (updraft_lock_smush, abm_options) was created in the database 
[2024-10-25 07:40:19 : INFO] - Lock (updraft_lock_smush, abm_options) acquired after initialising the database 
[2024-10-25 07:40:19 : INFO] - Processing task with ID : 560, and type 'smush' 
[2024-10-25 07:40:19 : INFO] - Re_Smush_It_Task with attachment ID : 2043, autocreated on : October 25, 2024 07:37:00 
[2024-10-25 07:40:19 : INFO] - File: Image7.jpg, Compression quality: 85 
[2024-10-25 07:40:20 : INFO] - Backing up the original image - 2024/10/Image7-updraft-pre-smush-original.jpg 
[2024-10-25 07:40:21 : INFO] - There were no WebP conversion tools found on your server. 
[2024-10-25 07:40:21 : INFO] - Successfully optimized the image - /srv/data/web/vhosts/amisdebourronmarlotte.fr/htdocs/wp-content/uploads/2024/10/Image7.jpg.Le fichier a été compressé de 240.74 KB à 199.19 KB, en économisant 17.26 % à l’aide de WP-Optimize 
[2024-10-25 07:40:21 : INFO] - Completed processing task with ID : 560, and type 'smush' 
[2024-10-25 07:40:21 : INFO] - Processing task with ID : 561, and type 'smush' 
[2024-10-25 07:40:21 : INFO] - Re_Smush_It_Task with attachment ID : 2044, autocreated on : October 25, 2024 07:40:19 
[2024-10-25 07:40:21 : INFO] - File: Image8.jpg, Compression quality: 85 
[2024-10-25 07:40:21 : INFO] - Backing up the original image - 2024/10/Image8-updraft-pre-smush-original.jpg 
[2024-10-25 07:40:22 : INFO] - There were no WebP conversion tools found on your server. 
[2024-10-25 07:40:22 : INFO] - Successfully optimized the image - /srv/data/web/vhosts/amisdebourronmarlotte.fr/htdocs/wp-content/uploads/2024/10/Image8.jpg.Le fichier a été compressé de 18.72 KB à 15.22 KB, en économisant 18.7 % à l’aide de WP-Optimize 
[2024-10-25 07:40:22 : INFO] - Completed processing task with ID : 561, and type 'smush' 
[2024-10-25 07:40:22 : INFO] - Lock option (updraft_lock_smush, abm_options) released 
[2024-10-25 07:40:22 : INFO] - Successfully processed the queue (smush). 2 tasks were processed out of 2. 
[2024-10-25 07:40:22 : INFO] - Lock option (updraft_lock_smush, abm_options) was deleted from the database 
[2024-10-25 07:40:22 : INFO] - Cleaning up tasks of type (smush). A total of 2 tasks will be deleted. 
[2024-10-25 07:40:28 : INFO] - Re_Smush_It_Task with attachment ID : 2046, autocreated on : October 25, 2024 07:40:28 
[2024-10-25 07:55:08 : INFO] - A total of 1 tasks of type smush found and will be processed in this iteration 
[2024-10-25 07:55:08 : DEBUG] - Lock option (updraft_lock_smush, abm_options) was created in the database 
[2024-10-25 07:55:08 : INFO] - Lock (updraft_lock_smush, abm_options) acquired after initialising the database 
[2024-10-25 07:55:08 : INFO] - Processing task with ID : 562, and type 'smush' 
[2024-10-25 07:55:08 : INFO] - Re_Smush_It_Task with attachment ID : 2046, autocreated on : October 25, 2024 07:40:28 
[2024-10-25 07:55:08 : INFO] - File: Image9.jpg, Compression quality: 85 
[2024-10-25 07:55:08 : INFO] - Backing up the original image - 2024/10/Image9-updraft-pre-smush-original.jpg 
[2024-10-25 07:55:09 : INFO] - There were no WebP conversion tools found on your server. 
[2024-10-25 07:55:09 : INFO] - Successfully optimized the image - /srv/data/web/vhosts/amisdebourronmarlotte.fr/htdocs/wp-content/uploads/2024/10/Image9.jpg.Le fichier a été compressé de 20.26 KB à 16.83 KB, en économisant 16.91 % à l’aide de WP-Optimize 
[2024-10-25 07:55:09 : INFO] - Completed processing task with ID : 562, and type 'smush' 
[2024-10-25 07:55:09 : INFO] - Lock option (updraft_lock_smush, abm_options) released 
[2024-10-25 07:55:09 : INFO] - Successfully processed the queue (smush). 1 tasks were processed out of 1. 
[2024-10-25 07:55:09 : INFO] - Lock option (updraft_lock_smush, abm_options) was deleted from the database 
[2024-10-25 07:55:09 : INFO] - Cleaning up tasks of type (smush). A total of 1 tasks will be deleted. 
[2024-11-04 13:09:31 : INFO] - Re_Smush_It_Task with attachment ID : 2054, autocreated on : November 04, 2024 01:09:30 
[2024-11-04 13:09:57 : INFO] - Re_Smush_It_Task with attachment ID : 2055, autocreated on : November 04, 2024 01:09:57 
[2024-11-04 13:10:41 : INFO] - Re_Smush_It_Task with attachment ID : 2056, autocreated on : November 04, 2024 01:10:41 
[2024-11-04 13:12:31 : INFO] - Re_Smush_It_Task with attachment ID : 2057, autocreated on : November 04, 2024 01:12:30 
[2024-11-04 13:13:38 : INFO] - Re_Smush_It_Task with attachment ID : 2058, autocreated on : November 04, 2024 01:13:37 
[2024-11-04 13:14:21 : INFO] - Re_Smush_It_Task with attachment ID : 2059, autocreated on : November 04, 2024 01:14:20 
[2024-11-04 13:14:32 : INFO] - A total of 6 tasks of type smush found and will be processed in this iteration 
[2024-11-04 13:14:32 : DEBUG] - Lock option (updraft_lock_smush, abm_options) was created in the database 
[2024-11-04 13:14:32 : INFO] - Lock (updraft_lock_smush, abm_options) acquired after initialising the database 
[2024-11-04 13:14:32 : INFO] - Processing task with ID : 563, and type 'smush' 
[2024-11-04 13:14:32 : INFO] - Re_Smush_It_Task with attachment ID : 2054, autocreated on : November 04, 2024 01:09:30 
[2024-11-04 13:14:32 : INFO] - File: Figure-1.jpg, Compression quality: 85 
[2024-11-04 13:14:33 : INFO] - Backing up the original image - 2024/11/Figure-1-updraft-pre-smush-original.jpg 
[2024-11-04 13:14:33 : INFO] - There were no WebP conversion tools found on your server. 
[2024-11-04 13:14:33 : INFO] - Successfully optimized the image - /srv/data/web/vhosts/amisdebourronmarlotte.fr/htdocs/wp-content/uploads/2024/11/Figure-1.jpg.Le fichier a été compressé de 330.20 KB à 211.91 KB, en économisant 35.82 % à l’aide de WP-Optimize 
[2024-11-04 13:14:33 : INFO] - Completed processing task with ID : 563, and type 'smush' 
[2024-11-04 13:14:33 : INFO] - Processing task with ID : 564, and type 'smush' 
[2024-11-04 13:14:33 : INFO] - Task with ID 564 and type (smush) failed with error code invalid_file_path - The linked attachment ID does not have a valid file path 
[2024-11-04 13:14:33 : INFO] - Processing task with ID : 565, and type 'smush' 
[2024-11-04 13:14:33 : INFO] - Task with ID 565 and type (smush) failed with error code invalid_file_path - The linked attachment ID does not have a valid file path 
[2024-11-04 13:14:33 : INFO] - Processing task with ID : 566, and type 'smush' 
[2024-11-04 13:14:33 : INFO] - Task with ID 566 and type (smush) failed with error code invalid_file_path - The linked attachment ID does not have a valid file path 
[2024-11-04 13:14:33 : INFO] - Processing task with ID : 567, and type 'smush' 
[2024-11-04 13:14:33 : INFO] - Task with ID 567 and type (smush) failed with error code invalid_file_path - The linked attachment ID does not have a valid file path 
[2024-11-04 13:14:34 : INFO] - Processing task with ID : 568, and type 'smush' 
[2024-11-04 13:14:34 : INFO] - Re_Smush_It_Task with attachment ID : 2059, autocreated on : November 04, 2024 01:14:20 
[2024-11-04 13:14:34 : INFO] - File: Antiq-devant-ses-porcelaines-Photo-J.Telinge-.jpg, Compression quality: 85 
[2024-11-04 13:14:35 : INFO] - Backing up the original image - 2024/11/Antiq-devant-ses-porcelaines-Photo-J.Telinge--updraft-pre-smush-original.jpg 
[2024-11-04 13:14:35 : INFO] - There were no WebP conversion tools found on your server. 
[2024-11-04 13:14:35 : INFO] - Successfully optimized the image - /srv/data/web/vhosts/amisdebourronmarlotte.fr/htdocs/wp-content/uploads/2024/11/Antiq-devant-ses-porcelaines-Photo-J.Telinge-.jpg.Le fichier a été compressé de 1.39 MB à 1.15 MB, en économisant 17.21 % à l’aide de WP-Optimize 
[2024-11-04 13:14:35 : INFO] - Completed processing task with ID : 568, and type 'smush' 
[2024-11-04 13:14:35 : INFO] - Lock option (updraft_lock_smush, abm_options) released 
[2024-11-04 13:14:35 : INFO] - Successfully processed the queue (smush). 6 tasks were processed out of 6. 
[2024-11-04 13:14:35 : INFO] - Lock option (updraft_lock_smush, abm_options) was deleted from the database 
[2024-11-04 13:14:35 : INFO] - Cleaning up tasks of type (smush). A total of 2 tasks will be deleted. 
[2024-11-04 13:15:17 : INFO] - Re_Smush_It_Task with attachment ID : 2060, autocreated on : November 04, 2024 01:15:17 
[2024-11-04 13:22:50 : INFO] - Re_Smush_It_Task with attachment ID : 2063, autocreated on : November 04, 2024 01:22:50 
[2024-11-04 13:25:11 : INFO] - A total of 2 tasks of type smush found and will be processed in this iteration 
[2024-11-04 13:25:11 : DEBUG] - Lock option (updraft_lock_smush, abm_options) was created in the database 
[2024-11-04 13:25:11 : INFO] - Lock (updraft_lock_smush, abm_options) acquired after initialising the database 
[2024-11-04 13:25:11 : INFO] - Processing task with ID : 569, and type 'smush' 
[2024-11-04 13:25:11 : INFO] - Re_Smush_It_Task with attachment ID : 2060, autocreated on : November 04, 2024 01:15:17 
[2024-11-04 13:25:11 : INFO] - File: Antiq-.jpg, Compression quality: 85 
[2024-11-04 13:25:12 : INFO] - Backing up the original image - 2024/11/Antiq--updraft-pre-smush-original.jpg 
[2024-11-04 13:25:12 : INFO] - There were no WebP conversion tools found on your server. 
[2024-11-04 13:25:12 : INFO] - Successfully optimized the image - /srv/data/web/vhosts/amisdebourronmarlotte.fr/htdocs/wp-content/uploads/2024/11/Antiq-.jpg.Le fichier a été compressé de 1.39 MB à 1.15 MB, en économisant 17.21 % à l’aide de WP-Optimize 
[2024-11-04 13:25:12 : INFO] - Completed processing task with ID : 569, and type 'smush' 
[2024-11-04 13:25:12 : INFO] - Processing task with ID : 570, and type 'smush' 
[2024-11-04 13:25:12 : INFO] - Re_Smush_It_Task with attachment ID : 2063, autocreated on : November 04, 2024 01:22:50 
[2024-11-04 13:25:12 : INFO] - File: Ch-Bardinet-collection-Chateau-Joyeux.jpg, Compression quality: 85 
[2024-11-04 13:25:13 : INFO] - Backing up the original image - 2024/11/Ch-Bardinet-collection-Chateau-Joyeux-updraft-pre-smush-original.jpg 
[2024-11-04 13:25:13 : INFO] - There were no WebP conversion tools found on your server. 
[2024-11-04 13:25:13 : INFO] - Successfully optimized the image - /srv/data/web/vhosts/amisdebourronmarlotte.fr/htdocs/wp-content/uploads/2024/11/Ch-Bardinet-collection-Chateau-Joyeux.jpg.Le fichier a été compressé de 1.60 MB à 1.33 MB, en économisant 17.04 % à l’aide de WP-Optimize 
[2024-11-04 13:25:13 : INFO] - Completed processing task with ID : 570, and type 'smush' 
[2024-11-04 13:25:13 : INFO] - Lock option (updraft_lock_smush, abm_options) released 
[2024-11-04 13:25:13 : INFO] - Successfully processed the queue (smush). 2 tasks were processed out of 2. 
[2024-11-04 13:25:13 : INFO] - Lock option (updraft_lock_smush, abm_options) was deleted from the database 
[2024-11-04 13:25:13 : INFO] - Cleaning up tasks of type (smush). A total of 2 tasks will be deleted. 
[2024-11-04 14:58:55 : INFO] - Re_Smush_It_Task with attachment ID : 2066, autocreated on : November 04, 2024 02:58:55 
[2024-11-04 14:59:04 : INFO] - Re_Smush_It_Task with attachment ID : 2067, autocreated on : November 04, 2024 02:59:04 
[2024-11-04 15:01:36 : INFO] - Re_Smush_It_Task with attachment ID : 2068, autocreated on : November 04, 2024 03:01:36 
[2024-11-04 15:03:56 : INFO] - A total of 3 tasks of type smush found and will be processed in this iteration 
[2024-11-04 15:03:56 : DEBUG] - Lock option (updraft_lock_smush, abm_options) was created in the database 
[2024-11-04 15:03:56 : INFO] - Lock (updraft_lock_smush, abm_options) acquired after initialising the database 
[2024-11-04 15:03:56 : INFO] - Processing task with ID : 571, and type 'smush' 
[2024-11-04 15:03:56 : INFO] - Re_Smush_It_Task with attachment ID : 2066, autocreated on : November 04, 2024 02:58:55 
[2024-11-04 15:03:56 : INFO] - File: Image1.jpg, Compression quality: 85 
[2024-11-04 15:03:56 : INFO] - Backing up the original image - 2024/11/Image1-updraft-pre-smush-original.jpg 
[2024-11-04 15:03:57 : INFO] - There were no WebP conversion tools found on your server. 
[2024-11-04 15:03:57 : INFO] - Successfully optimized the image - /srv/data/web/vhosts/amisdebourronmarlotte.fr/htdocs/wp-content/uploads/2024/11/Image1.jpg.Le fichier a été compressé de 55.63 KB à 46.10 KB, en économisant 17.13 % à l’aide de WP-Optimize 
[2024-11-04 15:03:57 : INFO] - Completed processing task with ID : 571, and type 'smush' 
[2024-11-04 15:03:57 : INFO] - Processing task with ID : 572, and type 'smush' 
[2024-11-04 15:03:57 : INFO] - Re_Smush_It_Task with attachment ID : 2067, autocreated on : November 04, 2024 02:59:04 
[2024-11-04 15:03:57 : INFO] - File: Image2.jpg, Compression quality: 85 
[2024-11-04 15:03:58 : INFO] - Backing up the original image - 2024/11/Image2-updraft-pre-smush-original.jpg 
[2024-11-04 15:03:58 : INFO] - There were no WebP conversion tools found on your server. 
[2024-11-04 15:03:58 : INFO] - Successfully optimized the image - /srv/data/web/vhosts/amisdebourronmarlotte.fr/htdocs/wp-content/uploads/2024/11/Image2.jpg.Le fichier a été compressé de 3.44 MB à 1.71 MB, en économisant 50.27 % à l’aide de WP-Optimize 
[2024-11-04 15:03:58 : INFO] - Completed processing task with ID : 572, and type 'smush' 
[2024-11-04 15:03:58 : INFO] - Processing task with ID : 573, and type 'smush' 
[2024-11-04 15:03:59 : INFO] - Re_Smush_It_Task with attachment ID : 2068, autocreated on : November 04, 2024 03:01:36 
[2024-11-04 15:03:59 : INFO] - File: Image3.jpg, Compression quality: 85 
[2024-11-04 15:03:59 : INFO] - Backing up the original image - 2024/11/Image3-updraft-pre-smush-original.jpg 
[2024-11-04 15:03:59 : INFO] - There were no WebP conversion tools found on your server. 
[2024-11-04 15:04:00 : INFO] - Successfully optimized the image - /srv/data/web/vhosts/amisdebourronmarlotte.fr/htdocs/wp-content/uploads/2024/11/Image3.jpg.Le fichier a été compressé de 50.81 KB à 42.03 KB, en économisant 17.28 % à l’aide de WP-Optimize 
[2024-11-04 15:04:00 : INFO] - Completed processing task with ID : 573, and type 'smush' 
[2024-11-04 15:04:00 : INFO] - Lock option (updraft_lock_smush, abm_options) released 
[2024-11-04 15:04:00 : INFO] - Successfully processed the queue (smush). 3 tasks were processed out of 3. 
[2024-11-04 15:04:00 : INFO] - Lock option (updraft_lock_smush, abm_options) was deleted from the database 
[2024-11-04 15:04:00 : INFO] - Cleaning up tasks of type (smush). A total of 3 tasks will be deleted. 
[2024-11-04 16:40:09 : INFO] - Re_Smush_It_Task with attachment ID : 2073, autocreated on : November 04, 2024 04:40:09 
[2024-11-04 16:40:52 : INFO] - Re_Smush_It_Task with attachment ID : 2074, autocreated on : November 04, 2024 04:40:52 
[2024-11-04 16:41:59 : INFO] - Re_Smush_It_Task with attachment ID : 2075, autocreated on : November 04, 2024 04:41:59 
[2024-11-04 16:43:21 : INFO] - Re_Smush_It_Task with attachment ID : 2077, autocreated on : November 04, 2024 04:43:21 
[2024-11-04 16:45:23 : INFO] - A total of 4 tasks of type smush found and will be processed in this iteration 
[2024-11-04 16:45:23 : DEBUG] - Lock option (updraft_lock_smush, abm_options) was created in the database 
[2024-11-04 16:45:23 : INFO] - Lock (updraft_lock_smush, abm_options) acquired after initialising the database 
[2024-11-04 16:45:23 : INFO] - Processing task with ID : 574, and type 'smush' 
[2024-11-04 16:45:23 : INFO] - Task with ID 574 and type (smush) failed with error code invalid_file_path - The linked attachment ID does not have a valid file path 
[2024-11-04 16:45:23 : INFO] - Processing task with ID : 575, and type 'smush' 
[2024-11-04 16:45:23 : INFO] - Re_Smush_It_Task with attachment ID : 2074, autocreated on : November 04, 2024 04:40:52 
[2024-11-04 16:45:23 : INFO] - File: Chorale-paroissiale.jpg, Compression quality: 85 
[2024-11-04 16:45:24 : INFO] - Backing up the original image - 2024/11/Chorale-paroissiale-updraft-pre-smush-original.jpg 
[2024-11-04 16:45:24 : INFO] - There were no WebP conversion tools found on your server. 
[2024-11-04 16:45:24 : INFO] - Successfully optimized the image - /srv/data/web/vhosts/amisdebourronmarlotte.fr/htdocs/wp-content/uploads/2024/11/Chorale-paroissiale.jpg.Le fichier a été compressé de 1.57 MB à 1.30 MB, en économisant 17.48 % à l’aide de WP-Optimize 
[2024-11-04 16:45:24 : INFO] - Completed processing task with ID : 575, and type 'smush' 
[2024-11-04 16:45:24 : INFO] - Processing task with ID : 576, and type 'smush' 
[2024-11-04 16:45:24 : INFO] - Task with ID 576 and type (smush) failed with error code invalid_file_path - The linked attachment ID does not have a valid file path 
[2024-11-04 16:45:24 : INFO] - Processing task with ID : 577, and type 'smush' 
[2024-11-04 16:45:24 : INFO] - Re_Smush_It_Task with attachment ID : 2077, autocreated on : November 04, 2024 04:43:21 
[2024-11-04 16:45:24 : INFO] - File: Image5-1.jpg, Compression quality: 85 
[2024-11-04 16:45:25 : INFO] - Backing up the original image - 2024/11/Image5-1-updraft-pre-smush-original.jpg 
[2024-11-04 16:45:25 : INFO] - There were no WebP conversion tools found on your server. 
[2024-11-04 16:45:25 : INFO] - Successfully optimized the image - /srv/data/web/vhosts/amisdebourronmarlotte.fr/htdocs/wp-content/uploads/2024/11/Image5-1.jpg.Le fichier a été compressé de 1.62 MB à 1.33 MB, en économisant 17.94 % à l’aide de WP-Optimize 
[2024-11-04 16:45:25 : INFO] - Completed processing task with ID : 577, and type 'smush' 
[2024-11-04 16:45:25 : INFO] - Lock option (updraft_lock_smush, abm_options) released 
[2024-11-04 16:45:25 : INFO] - Successfully processed the queue (smush). 4 tasks were processed out of 4. 
[2024-11-04 16:45:25 : INFO] - Lock option (updraft_lock_smush, abm_options) was deleted from the database 
[2024-11-04 16:45:25 : INFO] - Cleaning up tasks of type (smush). A total of 2 tasks will be deleted. 
[2024-11-04 17:05:25 : INFO] - Re_Smush_It_Task with attachment ID : 2083, autocreated on : November 04, 2024 05:05:25 
[2024-11-04 17:09:15 : INFO] - Re_Smush_It_Task with attachment ID : 2084, autocreated on : November 04, 2024 05:09:15 
[2024-11-04 17:10:48 : INFO] - A total of 2 tasks of type smush found and will be processed in this iteration 
[2024-11-04 17:10:48 : DEBUG] - Lock option (updraft_lock_smush, abm_options) was created in the database 
[2024-11-04 17:10:48 : INFO] - Lock (updraft_lock_smush, abm_options) acquired after initialising the database 
[2024-11-04 17:10:48 : INFO] - Processing task with ID : 578, and type 'smush' 
[2024-11-04 17:10:48 : INFO] - Re_Smush_It_Task with attachment ID : 2083, autocreated on : November 04, 2024 05:05:25 
[2024-11-04 17:10:48 : INFO] - File: LeCoeur-Bord-du-Loing-1867.jpg, Compression quality: 85 
[2024-11-04 17:10:48 : INFO] - Backing up the original image - 2024/11/LeCoeur-Bord-du-Loing-1867-updraft-pre-smush-original.jpg 
[2024-11-04 17:10:49 : INFO] - There were no WebP conversion tools found on your server. 
[2024-11-04 17:10:49 : INFO] - Successfully optimized the image - /srv/data/web/vhosts/amisdebourronmarlotte.fr/htdocs/wp-content/uploads/2024/11/LeCoeur-Bord-du-Loing-1867.jpg.Le fichier a été compressé de 62.92 KB à 52.38 KB, en économisant 16.76 % à l’aide de WP-Optimize 
[2024-11-04 17:10:49 : INFO] - Completed processing task with ID : 578, and type 'smush' 
[2024-11-04 17:10:49 : INFO] - Processing task with ID : 579, and type 'smush' 
[2024-11-04 17:10:49 : INFO] - Re_Smush_It_Task with attachment ID : 2084, autocreated on : November 04, 2024 05:09:15 
[2024-11-04 17:10:49 : INFO] - File: Renoir.jpg, Compression quality: 85 
[2024-11-04 17:10:50 : INFO] - Backing up the original image - 2024/11/Renoir-updraft-pre-smush-original.jpg 
[2024-11-04 17:10:50 : INFO] - There were no WebP conversion tools found on your server. 
[2024-11-04 17:10:50 : INFO] - Successfully optimized the image - /srv/data/web/vhosts/amisdebourronmarlotte.fr/htdocs/wp-content/uploads/2024/11/Renoir.jpg.Le fichier a été compressé de 60.58 KB à 50.61 KB, en économisant 16.45 % à l’aide de WP-Optimize 
[2024-11-04 17:10:50 : INFO] - Completed processing task with ID : 579, and type 'smush' 
[2024-11-04 17:10:50 : INFO] - Lock option (updraft_lock_smush, abm_options) released 
[2024-11-04 17:10:50 : INFO] - Successfully processed the queue (smush). 2 tasks were processed out of 2. 
[2024-11-04 17:10:50 : INFO] - Lock option (updraft_lock_smush, abm_options) was deleted from the database 
[2024-11-04 17:10:51 : INFO] - Cleaning up tasks of type (smush). A total of 2 tasks will be deleted. 
[2024-11-06 07:27:39 : INFO] - Re_Smush_It_Task with attachment ID : 2092, autocreated on : November 06, 2024 07:27:39 
[2024-11-06 07:27:47 : INFO] - Re_Smush_It_Task with attachment ID : 2093, autocreated on : November 06, 2024 07:27:47 
[2024-11-06 07:27:55 : INFO] - Re_Smush_It_Task with attachment ID : 2095, autocreated on : November 06, 2024 07:27:55 
[2024-11-06 07:29:30 : INFO] - Re_Smush_It_Task with attachment ID : 2096, autocreated on : November 06, 2024 07:29:30 
[2024-11-06 07:31:09 : INFO] - Re_Smush_It_Task with attachment ID : 2097, autocreated on : November 06, 2024 07:31:09 
[2024-11-06 07:32:02 : INFO] - Re_Smush_It_Task with attachment ID : 2098, autocreated on : November 06, 2024 07:32:02 
[2024-11-06 07:32:43 : INFO] - A total of 6 tasks of type smush found and will be processed in this iteration 
[2024-11-06 07:32:43 : DEBUG] - Lock option (updraft_lock_smush, abm_options) was created in the database 
[2024-11-06 07:32:43 : INFO] - Lock (updraft_lock_smush, abm_options) acquired after initialising the database 
[2024-11-06 07:32:43 : INFO] - Processing task with ID : 580, and type 'smush' 
[2024-11-06 07:32:43 : INFO] - Task with ID 580 and type (smush) failed with error code invalid_file_path - The linked attachment ID does not have a valid file path 
[2024-11-06 07:32:43 : INFO] - Processing task with ID : 581, and type 'smush' 
[2024-11-06 07:32:44 : INFO] - Re_Smush_It_Task with attachment ID : 2093, autocreated on : November 06, 2024 07:27:47 
[2024-11-06 07:32:44 : INFO] - File: Pierre-Bourdin-autoportrait.jpg, Compression quality: 85 
[2024-11-06 07:32:44 : INFO] - Backing up the original image - 2024/11/Pierre-Bourdin-autoportrait-updraft-pre-smush-original.jpg 
[2024-11-06 07:32:45 : INFO] - There were no WebP conversion tools found on your server. 
[2024-11-06 07:32:45 : INFO] - Successfully optimized the image - /srv/data/web/vhosts/amisdebourronmarlotte.fr/htdocs/wp-content/uploads/2024/11/Pierre-Bourdin-autoportrait.jpg.Le fichier a été compressé de 33.27 KB à 27.02 KB, en économisant 18.77 % à l’aide de WP-Optimize 
[2024-11-06 07:32:45 : INFO] - Completed processing task with ID : 581, and type 'smush' 
[2024-11-06 07:32:45 : INFO] - Processing task with ID : 582, and type 'smush' 
[2024-11-06 07:32:45 : INFO] - Task with ID 582 and type (smush) failed with error code invalid_file_path - The linked attachment ID does not have a valid file path 
[2024-11-06 07:32:45 : INFO] - Processing task with ID : 583, and type 'smush' 
[2024-11-06 07:32:45 : INFO] - Task with ID 583 and type (smush) failed with error code invalid_file_path - The linked attachment ID does not have a valid file path 
[2024-11-06 07:32:45 : INFO] - Processing task with ID : 584, and type 'smush' 
[2024-11-06 07:32:45 : INFO] - Task with ID 584 and type (smush) failed with error code invalid_file_path - The linked attachment ID does not have a valid file path 
[2024-11-06 07:32:45 : INFO] - Processing task with ID : 585, and type 'smush' 
[2024-11-06 07:32:46 : INFO] - Re_Smush_It_Task with attachment ID : 2098, autocreated on : November 06, 2024 07:32:02 
[2024-11-06 07:32:46 : INFO] - File: Pierrette-a-18-ans-par-P.-Bourdin-Marlotte-05-1906-1.jpg, Compression quality: 85 
[2024-11-06 07:32:47 : INFO] - Backing up the original image - 2024/11/Pierrette-a-18-ans-par-P.-Bourdin-Marlotte-05-1906-1-updraft-pre-smush-original.jpg 
[2024-11-06 07:32:47 : INFO] - There were no WebP conversion tools found on your server. 
[2024-11-06 07:32:47 : INFO] - Successfully optimized the image - /srv/data/web/vhosts/amisdebourronmarlotte.fr/htdocs/wp-content/uploads/2024/11/Pierrette-a-18-ans-par-P.-Bourdin-Marlotte-05-1906-1.jpg.Le fichier a été compressé de 1.83 MB à 1.50 MB, en économisant 18.22 % à l’aide de WP-Optimize 
[2024-11-06 07:32:47 : INFO] - Completed processing task with ID : 585, and type 'smush' 
[2024-11-06 07:32:47 : INFO] - Lock option (updraft_lock_smush, abm_options) released 
[2024-11-06 07:32:47 : INFO] - Successfully processed the queue (smush). 6 tasks were processed out of 6. 
[2024-11-06 07:32:47 : INFO] - Lock option (updraft_lock_smush, abm_options) was deleted from the database 
[2024-11-06 07:32:47 : INFO] - Cleaning up tasks of type (smush). A total of 2 tasks will be deleted. 
[2024-11-06 07:33:01 : INFO] - Re_Smush_It_Task with attachment ID : 2099, autocreated on : November 06, 2024 07:33:00 
[2024-11-06 07:33:54 : INFO] - Re_Smush_It_Task with attachment ID : 2100, autocreated on : November 06, 2024 07:33:53 
[2024-11-06 07:44:12 : INFO] - A total of 2 tasks of type smush found and will be processed in this iteration 
[2024-11-06 07:44:12 : DEBUG] - Lock option (updraft_lock_smush, abm_options) was created in the database 
[2024-11-06 07:44:12 : INFO] - Lock (updraft_lock_smush, abm_options) acquired after initialising the database 
[2024-11-06 07:44:12 : INFO] - Processing task with ID : 586, and type 'smush' 
[2024-11-06 07:44:12 : INFO] - Task with ID 586 and type (smush) failed with error code invalid_file_path - The linked attachment ID does not have a valid file path 
[2024-11-06 07:44:12 : INFO] - Processing task with ID : 587, and type 'smush' 
[2024-11-06 07:44:12 : INFO] - Re_Smush_It_Task with attachment ID : 2100, autocreated on : November 06, 2024 07:33:53 
[2024-11-06 07:44:12 : INFO] - File: Pierrette-a-18-ans-par-P.-Bourdin-Marlotte-05-1906.jpg, Compression quality: 85 
[2024-11-06 07:44:14 : INFO] - Backing up the original image - 2024/11/Pierrette-a-18-ans-par-P.-Bourdin-Marlotte-05-1906-updraft-pre-smush-original.jpg 
[2024-11-06 07:44:14 : INFO] - There were no WebP conversion tools found on your server. 
[2024-11-06 07:44:14 : INFO] - Successfully optimized the image - /srv/data/web/vhosts/amisdebourronmarlotte.fr/htdocs/wp-content/uploads/2024/11/Pierrette-a-18-ans-par-P.-Bourdin-Marlotte-05-1906.jpg.Le fichier a été compressé de 1.83 MB à 1.50 MB, en économisant 18.22 % à l’aide de WP-Optimize 
[2024-11-06 07:44:14 : INFO] - Completed processing task with ID : 587, and type 'smush' 
[2024-11-06 07:44:14 : INFO] - Lock option (updraft_lock_smush, abm_options) released 
[2024-11-06 07:44:14 : INFO] - Successfully processed the queue (smush). 2 tasks were processed out of 2. 
[2024-11-06 07:44:14 : INFO] - Lock option (updraft_lock_smush, abm_options) was deleted from the database 
[2024-11-06 07:44:14 : INFO] - Cleaning up tasks of type (smush). A total of 1 tasks will be deleted. 
[2024-11-06 07:45:40 : INFO] - Re_Smush_It_Task with attachment ID : 2101, autocreated on : November 06, 2024 07:45:40 
[2024-11-06 07:45:47 : INFO] - Re_Smush_It_Task with attachment ID : 2102, autocreated on : November 06, 2024 07:45:47 
[2024-11-06 07:51:42 : INFO] - Re_Smush_It_Task with attachment ID : 2103, autocreated on : November 06, 2024 07:51:42 
[2024-11-06 07:51:54 : INFO] - Re_Smush_It_Task with attachment ID : 2104, autocreated on : November 06, 2024 07:51:54 
[2024-11-06 07:52:15 : INFO] - Re_Smush_It_Task with attachment ID : 2105, autocreated on : November 06, 2024 07:52:15 
[2024-11-06 07:54:24 : INFO] - A total of 5 tasks of type smush found and will be processed in this iteration 
[2024-11-06 07:54:24 : DEBUG] - Lock option (updraft_lock_smush, abm_options) was created in the database 
[2024-11-06 07:54:24 : INFO] - Lock (updraft_lock_smush, abm_options) acquired after initialising the database 
[2024-11-06 07:54:24 : INFO] - Processing task with ID : 588, and type 'smush' 
[2024-11-06 07:54:24 : INFO] - Re_Smush_It_Task with attachment ID : 2101, autocreated on : November 06, 2024 07:45:40 
[2024-11-06 07:54:24 : INFO] - File: Image1-1.jpg, Compression quality: 85 
[2024-11-06 07:54:25 : INFO] - Backing up the original image - 2024/11/Image1-1-updraft-pre-smush-original.jpg 
[2024-11-06 07:54:26 : INFO] - There were no WebP conversion tools found on your server. 
[2024-11-06 07:54:26 : INFO] - Successfully optimized the image - /srv/data/web/vhosts/amisdebourronmarlotte.fr/htdocs/wp-content/uploads/2024/11/Image1-1.jpg.Le fichier a été compressé de 192.14 KB à 155.85 KB, en économisant 18.89 % à l’aide de WP-Optimize 
[2024-11-06 07:54:26 : INFO] - Completed processing task with ID : 588, and type 'smush' 
[2024-11-06 07:54:26 : INFO] - Processing task with ID : 589, and type 'smush' 
[2024-11-06 07:54:26 : INFO] - Re_Smush_It_Task with attachment ID : 2102, autocreated on : November 06, 2024 07:45:47 
[2024-11-06 07:54:26 : INFO] - File: Image2-1.jpg, Compression quality: 85 
[2024-11-06 07:54:27 : INFO] - Backing up the original image - 2024/11/Image2-1-updraft-pre-smush-original.jpg 
[2024-11-06 07:54:28 : INFO] - There were no WebP conversion tools found on your server. 
[2024-11-06 07:54:28 : INFO] - Successfully optimized the image - /srv/data/web/vhosts/amisdebourronmarlotte.fr/htdocs/wp-content/uploads/2024/11/Image2-1.jpg.Le fichier a été compressé de 90.88 KB à 73.78 KB, en économisant 18.82 % à l’aide de WP-Optimize 
[2024-11-06 07:54:28 : INFO] - Completed processing task with ID : 589, and type 'smush' 
[2024-11-06 07:54:28 : INFO] - Processing task with ID : 590, and type 'smush' 
[2024-11-06 07:54:28 : INFO] - Re_Smush_It_Task with attachment ID : 2103, autocreated on : November 06, 2024 07:51:42 
[2024-11-06 07:54:28 : INFO] - File: Henri_de_Toulouse-Lautrec_044.jpg, Compression quality: 85 
[2024-11-06 07:54:29 : INFO] - Backing up the original image - 2024/11/Henri_de_Toulouse-Lautrec_044-updraft-pre-smush-original.jpg 
[2024-11-06 07:54:29 : INFO] - There were no WebP conversion tools found on your server. 
[2024-11-06 07:54:29 : INFO] - Successfully optimized the image - /srv/data/web/vhosts/amisdebourronmarlotte.fr/htdocs/wp-content/uploads/2024/11/Henri_de_Toulouse-Lautrec_044.jpg.Le fichier a été compressé de 494.07 KB à 484.78 KB, en économisant 1.88 % à l’aide de WP-Optimize 
[2024-11-06 07:54:29 : INFO] - Completed processing task with ID : 590, and type 'smush' 
[2024-11-06 07:54:29 : INFO] - Processing task with ID : 591, and type 'smush' 
[2024-11-06 07:54:29 : INFO] - Task with ID 591 and type (smush) failed with error code invalid_file_path - The linked attachment ID does not have a valid file path 
[2024-11-06 07:54:29 : INFO] - Processing task with ID : 592, and type 'smush' 
[2024-11-06 07:54:29 : INFO] - Task with ID 592 and type (smush) failed with error code exceeded_max_filesize - /srv/data/web/vhosts/amisdebourronmarlotte.fr/htdocs/wp-content/uploads/2024/11/Albi_Musee_Toulouse-Lautrec_-_Portrait_de_Toulouse-Lautrec_en_pied_en_costume_de_plage_1898-_Maxime_Dethomas-1.jpg - cannot be optimized, file size is above service provider limit 
[2024-11-06 07:54:29 : INFO] - Lock option (updraft_lock_smush, abm_options) released 
[2024-11-06 07:54:29 : INFO] - Successfully processed the queue (smush). 5 tasks were processed out of 5. 
[2024-11-06 07:54:29 : INFO] - Lock option (updraft_lock_smush, abm_options) was deleted from the database 
[2024-11-06 07:54:29 : INFO] - Cleaning up tasks of type (smush). A total of 3 tasks will be deleted. 
[2024-11-07 19:45:19 : INFO] - Re_Smush_It_Task with attachment ID : 2108, autocreated on : November 07, 2024 07:45:19 
[2024-11-07 19:45:35 : INFO] - Re_Smush_It_Task with attachment ID : 2109, autocreated on : November 07, 2024 07:45:35 
[2024-11-07 19:47:11 : INFO] - Re_Smush_It_Task with attachment ID : 2111, autocreated on : November 07, 2024 07:47:11 
[2024-11-07 19:51:01 : INFO] - Re_Smush_It_Task with attachment ID : 2116, autocreated on : November 07, 2024 07:51:01 
[2024-11-07 19:51:02 : INFO] - A total of 4 tasks of type smush found and will be processed in this iteration 
[2024-11-07 19:51:02 : DEBUG] - Lock option (updraft_lock_smush, abm_options) was created in the database 
[2024-11-07 19:51:02 : INFO] - Lock (updraft_lock_smush, abm_options) acquired after initialising the database 
[2024-11-07 19:51:02 : INFO] - Processing task with ID : 593, and type 'smush' 
[2024-11-07 19:51:02 : INFO] - Re_Smush_It_Task with attachment ID : 2108, autocreated on : November 07, 2024 07:45:19 
[2024-11-07 19:51:02 : INFO] - File: Image2-2.jpg, Compression quality: 85 
[2024-11-07 19:51:02 : INFO] - Backing up the original image - 2024/11/Image2-2-updraft-pre-smush-original.jpg 
[2024-11-07 19:51:04 : INFO] - There were no WebP conversion tools found on your server. 
[2024-11-07 19:51:04 : INFO] - Successfully optimized the image - /srv/data/web/vhosts/amisdebourronmarlotte.fr/htdocs/wp-content/uploads/2024/11/Image2-2.jpg.Le fichier a été compressé de 105.96 KB à 80.64 KB, en économisant 23.89 % à l’aide de WP-Optimize 
[2024-11-07 19:51:04 : INFO] - Completed processing task with ID : 593, and type 'smush' 
[2024-11-07 19:51:04 : INFO] - Processing task with ID : 594, and type 'smush' 
[2024-11-07 19:51:04 : INFO] - Re_Smush_It_Task with attachment ID : 2109, autocreated on : November 07, 2024 07:45:35 
[2024-11-07 19:51:04 : INFO] - File: Image1-2.jpg, Compression quality: 85 
[2024-11-07 19:51:04 : INFO] - Backing up the original image - 2024/11/Image1-2-updraft-pre-smush-original.jpg 
[2024-11-07 19:51:05 : INFO] - There were no WebP conversion tools found on your server. 
[2024-11-07 19:51:05 : INFO] - Successfully optimized the image - /srv/data/web/vhosts/amisdebourronmarlotte.fr/htdocs/wp-content/uploads/2024/11/Image1-2.jpg.Le fichier a été compressé de 4.72 KB à 3.54 KB, en économisant 25.07 % à l’aide de WP-Optimize 
[2024-11-07 19:51:05 : INFO] - Completed processing task with ID : 594, and type 'smush' 
[2024-11-07 19:51:05 : INFO] - Processing task with ID : 595, and type 'smush' 
[2024-11-07 19:51:05 : INFO] - Re_Smush_It_Task with attachment ID : 2111, autocreated on : November 07, 2024 07:47:11 
[2024-11-07 19:51:05 : INFO] - File: Bourron-Marlotte-Renoir.jpg, Compression quality: 85 
[2024-11-07 19:51:06 : INFO] - Backing up the original image - 2024/11/Bourron-Marlotte-Renoir-updraft-pre-smush-original.jpg 
[2024-11-07 19:51:06 : INFO] - There were no WebP conversion tools found on your server. 
[2024-11-07 19:51:06 : INFO] - Successfully optimized the image - /srv/data/web/vhosts/amisdebourronmarlotte.fr/htdocs/wp-content/uploads/2024/11/Bourron-Marlotte-Renoir.jpg.Le fichier a été compressé de 1.31 MB à 1.07 MB, en économisant 18.16 % à l’aide de WP-Optimize 
[2024-11-07 19:51:06 : INFO] - Completed processing task with ID : 595, and type 'smush' 
[2024-11-07 19:51:06 : INFO] - Processing task with ID : 596, and type 'smush' 
[2024-11-07 19:51:06 : INFO] - Re_Smush_It_Task with attachment ID : 2116, autocreated on : November 07, 2024 07:51:01 
[2024-11-07 19:51:06 : INFO] - File: Cernay-Harpignies.jpg, Compression quality: 85 
[2024-11-07 19:51:06 : INFO] - Backing up the original image - 2024/11/Cernay-Harpignies-updraft-pre-smush-original.jpg 
[2024-11-07 19:51:07 : INFO] - There were no WebP conversion tools found on your server. 
[2024-11-07 19:51:07 : INFO] - Successfully optimized the image - /srv/data/web/vhosts/amisdebourronmarlotte.fr/htdocs/wp-content/uploads/2024/11/Cernay-Harpignies.jpg.Le fichier a été compressé de 77.72 KB à 62.80 KB, en économisant 19.2 % à l’aide de WP-Optimize 
[2024-11-07 19:51:07 : INFO] - Completed processing task with ID : 596, and type 'smush' 
[2024-11-07 19:51:07 : INFO] - Lock option (updraft_lock_smush, abm_options) released 
[2024-11-07 19:51:07 : INFO] - Successfully processed the queue (smush). 4 tasks were processed out of 4. 
[2024-11-07 19:51:07 : INFO] - Lock option (updraft_lock_smush, abm_options) was deleted from the database 
[2024-11-07 19:51:07 : INFO] - Cleaning up tasks of type (smush). A total of 4 tasks will be deleted. 
[2024-11-07 19:51:24 : INFO] - Re_Smush_It_Task with attachment ID : 2117, autocreated on : November 07, 2024 07:51:24 
[2024-11-07 19:52:06 : INFO] - Re_Smush_It_Task with attachment ID : 2118, autocreated on : November 07, 2024 07:52:06 
[2024-11-07 19:58:37 : INFO] - Re_Smush_It_Task with attachment ID : 2120, autocreated on : November 07, 2024 07:58:37 
[2024-11-07 20:01:04 : INFO] - A total of 3 tasks of type smush found and will be processed in this iteration 
[2024-11-07 20:01:04 : DEBUG] - Lock option (updraft_lock_smush, abm_options) was created in the database 
[2024-11-07 20:01:04 : INFO] - Lock (updraft_lock_smush, abm_options) acquired after initialising the database 
[2024-11-07 20:01:04 : INFO] - Processing task with ID : 597, and type 'smush' 
[2024-11-07 20:01:04 : INFO] - Re_Smush_It_Task with attachment ID : 2117, autocreated on : November 07, 2024 07:51:24 
[2024-11-07 20:01:04 : INFO] - File: Grez-Sadler.jpg, Compression quality: 85 
[2024-11-07 20:01:04 : INFO] - Backing up the original image - 2024/11/Grez-Sadler-updraft-pre-smush-original.jpg 
[2024-11-07 20:01:04 : INFO] - There were no WebP conversion tools found on your server. 
[2024-11-07 20:01:04 : INFO] - Successfully optimized the image - /srv/data/web/vhosts/amisdebourronmarlotte.fr/htdocs/wp-content/uploads/2024/11/Grez-Sadler.jpg.Le fichier a été compressé de 333.28 KB à 188.01 KB, en économisant 43.59 % à l’aide de WP-Optimize 
[2024-11-07 20:01:04 : INFO] - Completed processing task with ID : 597, and type 'smush' 
[2024-11-07 20:01:05 : INFO] - Processing task with ID : 598, and type 'smush' 
[2024-11-07 20:01:05 : INFO] - Re_Smush_It_Task with attachment ID : 2118, autocreated on : November 07, 2024 07:52:06 
[2024-11-07 20:01:05 : INFO] - File: Moret-Sisley.jpg, Compression quality: 85 
[2024-11-07 20:01:05 : INFO] - Backing up the original image - 2024/11/Moret-Sisley-updraft-pre-smush-original.jpg 
[2024-11-07 20:01:06 : INFO] - There were no WebP conversion tools found on your server. 
[2024-11-07 20:01:06 : INFO] - Successfully optimized the image - /srv/data/web/vhosts/amisdebourronmarlotte.fr/htdocs/wp-content/uploads/2024/11/Moret-Sisley.jpg.Le fichier a été compressé de 85.48 KB à 68.98 KB, en économisant 19.3 % à l’aide de WP-Optimize 
[2024-11-07 20:01:06 : INFO] - Completed processing task with ID : 598, and type 'smush' 
[2024-11-07 20:01:06 : INFO] - Processing task with ID : 599, and type 'smush' 
[2024-11-07 20:01:06 : INFO] - Re_Smush_It_Task with attachment ID : 2120, autocreated on : November 07, 2024 07:58:37 
[2024-11-07 20:01:06 : INFO] - File: Image1-3.jpg, Compression quality: 85 
[2024-11-07 20:01:06 : INFO] - Backing up the original image - 2024/11/Image1-3-updraft-pre-smush-original.jpg 
[2024-11-07 20:01:07 : INFO] - There were no WebP conversion tools found on your server. 
[2024-11-07 20:01:07 : INFO] - Successfully optimized the image - /srv/data/web/vhosts/amisdebourronmarlotte.fr/htdocs/wp-content/uploads/2024/11/Image1-3.jpg.Le fichier a été compressé de 4.72 KB à 3.54 KB, en économisant 25.07 % à l’aide de WP-Optimize 
[2024-11-07 20:01:07 : INFO] - Completed processing task with ID : 599, and type 'smush' 
[2024-11-07 20:01:07 : INFO] - Lock option (updraft_lock_smush, abm_options) released 
[2024-11-07 20:01:07 : INFO] - Successfully processed the queue (smush). 3 tasks were processed out of 3. 
[2024-11-07 20:01:07 : INFO] - Lock option (updraft_lock_smush, abm_options) was deleted from the database 
[2024-11-07 20:01:07 : INFO] - Cleaning up tasks of type (smush). A total of 3 tasks will be deleted. 
[2024-11-07 20:08:35 : INFO] - Re_Smush_It_Task with attachment ID : 2124, autocreated on : November 07, 2024 08:08:35 
[2024-11-07 20:25:34 : INFO] - A total of 1 tasks of type smush found and will be processed in this iteration 
[2024-11-07 20:25:34 : DEBUG] - Lock option (updraft_lock_smush, abm_options) was created in the database 
[2024-11-07 20:25:34 : INFO] - Lock (updraft_lock_smush, abm_options) acquired after initialising the database 
[2024-11-07 20:25:34 : INFO] - Processing task with ID : 600, and type 'smush' 
[2024-11-07 20:25:34 : INFO] - Re_Smush_It_Task with attachment ID : 2124, autocreated on : November 07, 2024 08:08:35 
[2024-11-07 20:25:34 : INFO] - File: Image5.jpg, Compression quality: 85 
[2024-11-07 20:25:35 : INFO] - Backing up the original image - 2024/11/Image5-updraft-pre-smush-original.jpg 
[2024-11-07 20:25:36 : INFO] - There were no WebP conversion tools found on your server. 
[2024-11-07 20:25:36 : INFO] - Successfully optimized the image - /srv/data/web/vhosts/amisdebourronmarlotte.fr/htdocs/wp-content/uploads/2024/11/Image5.jpg.Le fichier a été compressé de 20.49 KB à 15.44 KB, en économisant 24.63 % à l’aide de WP-Optimize 
[2024-11-07 20:25:37 : INFO] - Completed processing task with ID : 600, and type 'smush' 
[2024-11-07 20:25:37 : INFO] - Lock option (updraft_lock_smush, abm_options) released 
[2024-11-07 20:25:37 : INFO] - Successfully processed the queue (smush). 1 tasks were processed out of 1. 
[2024-11-07 20:25:37 : INFO] - Lock option (updraft_lock_smush, abm_options) was deleted from the database 
[2024-11-07 20:25:37 : INFO] - Cleaning up tasks of type (smush). A total of 1 tasks will be deleted. 
[2024-11-14 13:41:55 : INFO] - Re_Smush_It_Task with attachment ID : 2129, autocreated on : November 14, 2024 01:41:55 
[2024-11-14 13:42:53 : INFO] - Re_Smush_It_Task with attachment ID : 2130, autocreated on : November 14, 2024 01:42:52 
[2024-11-14 13:43:39 : INFO] - Re_Smush_It_Task with attachment ID : 2131, autocreated on : November 14, 2024 01:43:38 
[2024-11-14 13:43:50 : INFO] - Re_Smush_It_Task with attachment ID : 2132, autocreated on : November 14, 2024 01:43:49 
[2024-11-14 13:44:32 : INFO] - Re_Smush_It_Task with attachment ID : 2133, autocreated on : November 14, 2024 01:44:32 
[2024-11-14 13:46:55 : INFO] - A total of 5 tasks of type smush found and will be processed in this iteration 
[2024-11-14 13:46:55 : DEBUG] - Lock option (updraft_lock_smush, abm_options) was created in the database 
[2024-11-14 13:46:55 : INFO] - Lock (updraft_lock_smush, abm_options) acquired after initialising the database 
[2024-11-14 13:46:55 : INFO] - Processing task with ID : 601, and type 'smush' 
[2024-11-14 13:46:55 : INFO] - Re_Smush_It_Task with attachment ID : 2129, autocreated on : November 14, 2024 01:41:55 
[2024-11-14 13:46:55 : INFO] - File: Image1-2.jpg, Compression quality: 85 
[2024-11-14 13:46:56 : INFO] - Backing up the original image - 2024/11/Image1-2-updraft-pre-smush-original.jpg 
[2024-11-14 13:46:57 : INFO] - There were no WebP conversion tools found on your server. 
[2024-11-14 13:46:57 : INFO] - Successfully optimized the image - /srv/data/web/vhosts/amisdebourronmarlotte.fr/htdocs/wp-content/uploads/2024/11/Image1-2.jpg.Le fichier a été compressé de 75.02 KB à 59.23 KB, en économisant 21.04 % à l’aide de WP-Optimize 
[2024-11-14 13:46:58 : INFO] - Completed processing task with ID : 601, and type 'smush' 
[2024-11-14 13:46:58 : INFO] - Processing task with ID : 602, and type 'smush' 
[2024-11-14 13:46:58 : INFO] - Re_Smush_It_Task with attachment ID : 2130, autocreated on : November 14, 2024 01:42:52 
[2024-11-14 13:46:58 : INFO] - File: IMG_2827.jpg, Compression quality: 85 
[2024-11-14 13:47:00 : INFO] - Backing up the original image - 2024/11/IMG_2827-updraft-pre-smush-original.jpg 
[2024-11-14 13:47:00 : INFO] - There were no WebP conversion tools found on your server. 
[2024-11-14 13:47:00 : INFO] - Successfully optimized the image - /srv/data/web/vhosts/amisdebourronmarlotte.fr/htdocs/wp-content/uploads/2024/11/IMG_2827.jpg.Le fichier a été compressé de 4.25 MB à 3.43 MB, en économisant 19.37 % à l’aide de WP-Optimize 
[2024-11-14 13:47:00 : INFO] - Completed processing task with ID : 602, and type 'smush' 
[2024-11-14 13:47:00 : INFO] - Processing task with ID : 603, and type 'smush' 
[2024-11-14 13:47:00 : INFO] - Re_Smush_It_Task with attachment ID : 2131, autocreated on : November 14, 2024 01:43:38 
[2024-11-14 13:47:00 : INFO] - File: IMG_2839.jpg, Compression quality: 85 
[2024-11-14 13:47:02 : INFO] - Backing up the original image - 2024/11/IMG_2839-updraft-pre-smush-original.jpg 
[2024-11-14 13:47:02 : INFO] - There were no WebP conversion tools found on your server. 
[2024-11-14 13:47:02 : INFO] - Successfully optimized the image - /srv/data/web/vhosts/amisdebourronmarlotte.fr/htdocs/wp-content/uploads/2024/11/IMG_2839.jpg.Le fichier a été compressé de 3.91 MB à 3.16 MB, en économisant 19.21 % à l’aide de WP-Optimize 
[2024-11-14 13:47:02 : INFO] - Completed processing task with ID : 603, and type 'smush' 
[2024-11-14 13:47:02 : INFO] - Processing task with ID : 604, and type 'smush' 
[2024-11-14 13:47:02 : INFO] - Re_Smush_It_Task with attachment ID : 2132, autocreated on : November 14, 2024 01:43:49 
[2024-11-14 13:47:02 : INFO] - File: IMG_2834.jpg, Compression quality: 85 
[2024-11-14 13:47:04 : INFO] - Backing up the original image - 2024/11/IMG_2834-updraft-pre-smush-original.jpg 
[2024-11-14 13:47:04 : INFO] - There were no WebP conversion tools found on your server. 
[2024-11-14 13:47:04 : INFO] - Successfully optimized the image - /srv/data/web/vhosts/amisdebourronmarlotte.fr/htdocs/wp-content/uploads/2024/11/IMG_2834.jpg.Le fichier a été compressé de 3.70 MB à 3.00 MB, en économisant 18.99 % à l’aide de WP-Optimize 
[2024-11-14 13:47:04 : INFO] - Completed processing task with ID : 604, and type 'smush' 
[2024-11-14 13:47:04 : INFO] - Processing task with ID : 605, and type 'smush' 
[2024-11-14 13:47:04 : INFO] - Re_Smush_It_Task with attachment ID : 2133, autocreated on : November 14, 2024 01:44:32 
[2024-11-14 13:47:04 : INFO] - File: IMG_2856.jpg, Compression quality: 85 
[2024-11-14 13:47:06 : INFO] - Backing up the original image - 2024/11/IMG_2856-updraft-pre-smush-original.jpg 
[2024-11-14 13:47:06 : INFO] - There were no WebP conversion tools found on your server. 
[2024-11-14 13:47:06 : INFO] - Successfully optimized the image - /srv/data/web/vhosts/amisdebourronmarlotte.fr/htdocs/wp-content/uploads/2024/11/IMG_2856.jpg.Le fichier a été compressé de 4.00 MB à 3.23 MB, en économisant 19.16 % à l’aide de WP-Optimize 
[2024-11-14 13:47:06 : INFO] - Completed processing task with ID : 605, and type 'smush' 
[2024-11-14 13:47:06 : INFO] - Lock option (updraft_lock_smush, abm_options) released 
[2024-11-14 13:47:06 : INFO] - Successfully processed the queue (smush). 5 tasks were processed out of 5. 
[2024-11-14 13:47:06 : INFO] - Lock option (updraft_lock_smush, abm_options) was deleted from the database 
[2024-11-14 13:47:06 : INFO] - Cleaning up tasks of type (smush). A total of 5 tasks will be deleted. 
[2024-11-16 12:30:16 : INFO] - Re_Smush_It_Task with attachment ID : 2139, autocreated on : November 16, 2024 12:30:16 
[2024-11-16 12:44:32 : INFO] - A total of 1 tasks of type smush found and will be processed in this iteration 
[2024-11-16 12:44:32 : DEBUG] - Lock option (updraft_lock_smush, abm_options) was created in the database 
[2024-11-16 12:44:33 : INFO] - Lock (updraft_lock_smush, abm_options) acquired after initialising the database 
[2024-11-16 12:44:33 : INFO] - Processing task with ID : 606, and type 'smush' 
[2024-11-16 12:44:33 : INFO] - Re_Smush_It_Task with attachment ID : 2139, autocreated on : November 16, 2024 12:30:16 
[2024-11-16 12:44:33 : INFO] - File: Image1-3.jpg, Compression quality: 85 
[2024-11-16 12:44:34 : INFO] - Backing up the original image - 2024/11/Image1-3-updraft-pre-smush-original.jpg 
[2024-11-16 12:44:34 : INFO] - There were no WebP conversion tools found on your server. 
[2024-11-16 12:44:34 : INFO] - Successfully optimized the image - /srv/data/web/vhosts/amisdebourronmarlotte.fr/htdocs/wp-content/uploads/2024/11/Image1-3.jpg.Le fichier a été compressé de 587.46 KB à 485.36 KB, en économisant 17.38 % à l’aide de WP-Optimize 
[2024-11-16 12:44:34 : INFO] - Completed processing task with ID : 606, and type 'smush' 
[2024-11-16 12:44:34 : INFO] - Lock option (updraft_lock_smush, abm_options) released 
[2024-11-16 12:44:34 : INFO] - Successfully processed the queue (smush). 1 tasks were processed out of 1. 
[2024-11-16 12:44:34 : INFO] - Lock option (updraft_lock_smush, abm_options) was deleted from the database 
[2024-11-16 12:44:34 : INFO] - Cleaning up tasks of type (smush). A total of 1 tasks will be deleted. 
[2024-11-19 14:48:26 : INFO] - Re_Smush_It_Task with attachment ID : 2146, autocreated on : November 19, 2024 02:48:26 
[2024-11-19 14:56:14 : INFO] - A total of 1 tasks of type smush found and will be processed in this iteration 
[2024-11-19 14:56:14 : DEBUG] - Lock option (updraft_lock_smush, abm_options) was created in the database 
[2024-11-19 14:56:14 : INFO] - Lock (updraft_lock_smush, abm_options) acquired after initialising the database 
[2024-11-19 14:56:14 : INFO] - Processing task with ID : 607, and type 'smush' 
[2024-11-19 14:56:14 : INFO] - Re_Smush_It_Task with attachment ID : 2146, autocreated on : November 19, 2024 02:48:26 
[2024-11-19 14:56:14 : INFO] - File: N57.jpg, Compression quality: 85 
[2024-11-19 14:56:15 : INFO] - Backing up the original image - 2024/11/N57-updraft-pre-smush-original.jpg 
[2024-11-19 14:56:16 : INFO] - There were no WebP conversion tools found on your server. 
[2024-11-19 14:56:16 : INFO] - Successfully optimized the image - /srv/data/web/vhosts/amisdebourronmarlotte.fr/htdocs/wp-content/uploads/2024/11/N57.jpg.Le fichier a été compressé de 1.24 MB à 1,012.24 KB, en économisant 20.55 % à l’aide de WP-Optimize 
[2024-11-19 14:56:16 : INFO] - Completed processing task with ID : 607, and type 'smush' 
[2024-11-19 14:56:16 : INFO] - Lock option (updraft_lock_smush, abm_options) released 
[2024-11-19 14:56:16 : INFO] - Successfully processed the queue (smush). 1 tasks were processed out of 1. 
[2024-11-19 14:56:16 : INFO] - Lock option (updraft_lock_smush, abm_options) was deleted from the database 
[2024-11-19 14:56:16 : INFO] - Cleaning up tasks of type (smush). A total of 1 tasks will be deleted. 
[2024-11-22 08:54:58 : INFO] - Re_Smush_It_Task with attachment ID : 2148, autocreated on : November 22, 2024 08:54:58 
[2024-11-22 08:55:49 : INFO] - Re_Smush_It_Task with attachment ID : 2149, autocreated on : November 22, 2024 08:55:48 
[2024-11-22 08:56:46 : INFO] - Re_Smush_It_Task with attachment ID : 2150, autocreated on : November 22, 2024 08:56:46 
[2024-11-22 08:57:44 : INFO] - Re_Smush_It_Task with attachment ID : 2151, autocreated on : November 22, 2024 08:57:44 
[2024-11-22 08:58:22 : INFO] - Re_Smush_It_Task with attachment ID : 2153, autocreated on : November 22, 2024 08:58:22 
[2024-11-22 09:00:02 : INFO] - A total of 5 tasks of type smush found and will be processed in this iteration 
[2024-11-22 09:00:02 : DEBUG] - Lock option (updraft_lock_smush, abm_options) was created in the database 
[2024-11-22 09:00:02 : INFO] - Lock (updraft_lock_smush, abm_options) acquired after initialising the database 
[2024-11-22 09:00:02 : INFO] - Processing task with ID : 608, and type 'smush' 
[2024-11-22 09:00:02 : INFO] - Re_Smush_It_Task with attachment ID : 2148, autocreated on : November 22, 2024 08:54:58 
[2024-11-22 09:00:02 : INFO] - File: Figure-1.jpg, Compression quality: 85 
[2024-11-22 09:00:03 : INFO] - Backing up the original image - 2024/08/Figure-1-updraft-pre-smush-original.jpg 
[2024-11-22 09:00:03 : INFO] - There were no WebP conversion tools found on your server. 
[2024-11-22 09:00:03 : INFO] - Successfully optimized the image - /srv/data/web/vhosts/amisdebourronmarlotte.fr/htdocs/wp-content/uploads/2024/08/Figure-1.jpg.Le fichier a été compressé de 330.20 KB à 211.91 KB, en économisant 35.82 % à l’aide de WP-Optimize 
[2024-11-22 09:00:03 : INFO] - Completed processing task with ID : 608, and type 'smush' 
[2024-11-22 09:00:04 : INFO] - Processing task with ID : 609, and type 'smush' 
[2024-11-22 09:00:04 : INFO] - Task with ID 609 and type (smush) failed with error code invalid_file_path - The linked attachment ID does not have a valid file path 
[2024-11-22 09:00:04 : INFO] - Processing task with ID : 610, and type 'smush' 
[2024-11-22 09:00:04 : INFO] - Task with ID 610 and type (smush) failed with error code invalid_file_path - The linked attachment ID does not have a valid file path 
[2024-11-22 09:00:04 : INFO] - Processing task with ID : 611, and type 'smush' 
[2024-11-22 09:00:04 : INFO] - Re_Smush_It_Task with attachment ID : 2151, autocreated on : November 22, 2024 08:57:44 
[2024-11-22 09:00:04 : INFO] - File: Antiq-1-1.jpg, Compression quality: 85 
[2024-11-22 09:00:05 : INFO] - Backing up the original image - 2024/11/Antiq-1-1-updraft-pre-smush-original.jpg 
[2024-11-22 09:00:05 : INFO] - There were no WebP conversion tools found on your server. 
[2024-11-22 09:00:05 : INFO] - Successfully optimized the image - /srv/data/web/vhosts/amisdebourronmarlotte.fr/htdocs/wp-content/uploads/2024/11/Antiq-1-1.jpg.Le fichier a été compressé de 1.15 MB à 1.15 MB, en économisant 0 % à l’aide de WP-Optimize 
[2024-11-22 09:00:05 : INFO] - Completed processing task with ID : 611, and type 'smush' 
[2024-11-22 09:00:05 : INFO] - Processing task with ID : 612, and type 'smush' 
[2024-11-22 09:00:05 : INFO] - Re_Smush_It_Task with attachment ID : 2153, autocreated on : November 22, 2024 08:58:22 
[2024-11-22 09:00:05 : INFO] - File: Antiq-.jpg, Compression quality: 85 
[2024-11-22 09:00:06 : INFO] - Backing up the original image - 2024/08/Antiq--updraft-pre-smush-original.jpg 
[2024-11-22 09:00:06 : INFO] - There were no WebP conversion tools found on your server. 
[2024-11-22 09:00:07 : INFO] - Successfully optimized the image - /srv/data/web/vhosts/amisdebourronmarlotte.fr/htdocs/wp-content/uploads/2024/08/Antiq-.jpg.Le fichier a été compressé de 1.15 MB à 1.15 MB, en économisant 0 % à l’aide de WP-Optimize 
[2024-11-22 09:00:07 : INFO] - Completed processing task with ID : 612, and type 'smush' 
[2024-11-22 09:00:07 : INFO] - Lock option (updraft_lock_smush, abm_options) released 
[2024-11-22 09:00:07 : INFO] - Successfully processed the queue (smush). 5 tasks were processed out of 5. 
[2024-11-22 09:00:07 : INFO] - Lock option (updraft_lock_smush, abm_options) was deleted from the database 
[2024-11-22 09:00:07 : INFO] - Cleaning up tasks of type (smush). A total of 3 tasks will be deleted. 
[2024-11-22 09:00:35 : INFO] - Re_Smush_It_Task with attachment ID : 2154, autocreated on : November 22, 2024 09:00:34 
[2024-11-22 09:03:35 : INFO] - Re_Smush_It_Task with attachment ID : 2155, autocreated on : November 22, 2024 09:03:35 
[2024-11-22 09:03:47 : INFO] - Re_Smush_It_Task with attachment ID : 2156, autocreated on : November 22, 2024 09:03:47 
[2024-11-22 09:06:58 : INFO] - Re_Smush_It_Task with attachment ID : 2157, autocreated on : November 22, 2024 09:06:58 
[2024-11-22 09:07:09 : INFO] - Re_Smush_It_Task with attachment ID : 2158, autocreated on : November 22, 2024 09:07:08 
[2024-11-22 09:08:58 : INFO] - Re_Smush_It_Task with attachment ID : 2159, autocreated on : November 22, 2024 09:08:58 
[2024-11-22 09:09:45 : INFO] - Re_Smush_It_Task with attachment ID : 2160, autocreated on : November 22, 2024 09:09:45 
[2024-11-22 09:10:06 : INFO] - A total of 7 tasks of type smush found and will be processed in this iteration 
[2024-11-22 09:10:06 : DEBUG] - Lock option (updraft_lock_smush, abm_options) was created in the database 
[2024-11-22 09:10:06 : INFO] - Lock (updraft_lock_smush, abm_options) acquired after initialising the database 
[2024-11-22 09:10:06 : INFO] - Processing task with ID : 613, and type 'smush' 
[2024-11-22 09:10:06 : INFO] - Re_Smush_It_Task with attachment ID : 2154, autocreated on : November 22, 2024 09:00:34 
[2024-11-22 09:10:06 : INFO] - File: Ch-Bardinet-collection-Chateau-Joyeux.jpg, Compression quality: 85 
[2024-11-22 09:10:07 : INFO] - Backing up the original image - 2024/08/Ch-Bardinet-collection-Chateau-Joyeux-updraft-pre-smush-original.jpg 
[2024-11-22 09:10:07 : INFO] - There were no WebP conversion tools found on your server. 
[2024-11-22 09:10:07 : INFO] - Successfully optimized the image - /srv/data/web/vhosts/amisdebourronmarlotte.fr/htdocs/wp-content/uploads/2024/08/Ch-Bardinet-collection-Chateau-Joyeux.jpg.Le fichier a été compressé de 1.60 MB à 1.33 MB, en économisant 17.04 % à l’aide de WP-Optimize 
[2024-11-22 09:10:07 : INFO] - Completed processing task with ID : 613, and type 'smush' 
[2024-11-22 09:10:07 : INFO] - Processing task with ID : 614, and type 'smush' 
[2024-11-22 09:10:07 : INFO] - Re_Smush_It_Task with attachment ID : 2155, autocreated on : November 22, 2024 09:03:35 
[2024-11-22 09:10:07 : INFO] - File: Brunet.jpg, Compression quality: 85 
[2024-11-22 09:10:08 : INFO] - Backing up the original image - 2024/08/Brunet-updraft-pre-smush-original.jpg 
[2024-11-22 09:10:10 : INFO] - There were no WebP conversion tools found on your server. 
[2024-11-22 09:10:10 : INFO] - Successfully optimized the image - /srv/data/web/vhosts/amisdebourronmarlotte.fr/htdocs/wp-content/uploads/2024/08/Brunet.jpg.Le fichier a été compressé de 100.03 KB à 96.19 KB, en économisant 3.84 % à l’aide de WP-Optimize 
[2024-11-22 09:10:10 : INFO] - Completed processing task with ID : 614, and type 'smush' 
[2024-11-22 09:10:10 : INFO] - Processing task with ID : 615, and type 'smush' 
[2024-11-22 09:10:10 : INFO] - Re_Smush_It_Task with attachment ID : 2156, autocreated on : November 22, 2024 09:03:47 
[2024-11-22 09:10:10 : INFO] - File: Image2-3.jpg, Compression quality: 85 
[2024-11-22 09:10:11 : INFO] - Backing up the original image - 2024/08/Image2-3-updraft-pre-smush-original.jpg 
[2024-11-22 09:10:11 : INFO] - There were no WebP conversion tools found on your server. 
[2024-11-22 09:10:11 : INFO] - Successfully optimized the image - /srv/data/web/vhosts/amisdebourronmarlotte.fr/htdocs/wp-content/uploads/2024/08/Image2-3.jpg.Le fichier a été compressé de 1.61 MB à 1.29 MB, en économisant 19.97 % à l’aide de WP-Optimize 
[2024-11-22 09:10:11 : INFO] - Completed processing task with ID : 615, and type 'smush' 
[2024-11-22 09:10:11 : INFO] - Processing task with ID : 616, and type 'smush' 
[2024-11-22 09:10:11 : INFO] - Re_Smush_It_Task with attachment ID : 2157, autocreated on : November 22, 2024 09:06:58 
[2024-11-22 09:10:11 : INFO] - File: Image5-1.jpg, Compression quality: 85 
[2024-11-22 09:10:13 : INFO] - Backing up the original image - 2024/08/Image5-1-updraft-pre-smush-original.jpg 
[2024-11-22 09:10:13 : INFO] - There were no WebP conversion tools found on your server. 
[2024-11-22 09:10:13 : INFO] - Successfully optimized the image - /srv/data/web/vhosts/amisdebourronmarlotte.fr/htdocs/wp-content/uploads/2024/08/Image5-1.jpg.Le fichier a été compressé de 1.33 MB à 1.33 MB, en économisant 0 % à l’aide de WP-Optimize 
[2024-11-22 09:10:13 : INFO] - Completed processing task with ID : 616, and type 'smush' 
[2024-11-22 09:10:13 : INFO] - Processing task with ID : 617, and type 'smush' 
[2024-11-22 09:10:13 : INFO] - Re_Smush_It_Task with attachment ID : 2158, autocreated on : November 22, 2024 09:07:08 
[2024-11-22 09:10:13 : INFO] - File: Chorale-paroissiale-1.jpg, Compression quality: 85 
[2024-11-22 09:10:14 : INFO] - Backing up the original image - 2024/08/Chorale-paroissiale-1-updraft-pre-smush-original.jpg 
[2024-11-22 09:10:14 : INFO] - There were no WebP conversion tools found on your server. 
[2024-11-22 09:10:14 : INFO] - Successfully optimized the image - /srv/data/web/vhosts/amisdebourronmarlotte.fr/htdocs/wp-content/uploads/2024/08/Chorale-paroissiale-1.jpg.Le fichier a été compressé de 1.30 MB à 1.30 MB, en économisant 0.01 % à l’aide de WP-Optimize 
[2024-11-22 09:10:14 : INFO] - Completed processing task with ID : 617, and type 'smush' 
[2024-11-22 09:10:14 : INFO] - Processing task with ID : 618, and type 'smush' 
[2024-11-22 09:10:14 : INFO] - Re_Smush_It_Task with attachment ID : 2159, autocreated on : November 22, 2024 09:08:58 
[2024-11-22 09:10:14 : INFO] - File: LeCoeur-Bord-du-Loing-1867.jpg, Compression quality: 85 
[2024-11-22 09:10:14 : INFO] - Backing up the original image - 2024/08/LeCoeur-Bord-du-Loing-1867-updraft-pre-smush-original.jpg 
[2024-11-22 09:10:16 : INFO] - There were no WebP conversion tools found on your server. 
[2024-11-22 09:10:16 : INFO] - Successfully optimized the image - /srv/data/web/vhosts/amisdebourronmarlotte.fr/htdocs/wp-content/uploads/2024/08/LeCoeur-Bord-du-Loing-1867.jpg.Le fichier a été compressé de 52.38 KB à 52.38 KB, en économisant 0 % à l’aide de WP-Optimize 
[2024-11-22 09:10:16 : INFO] - Completed processing task with ID : 618, and type 'smush' 
[2024-11-22 09:10:16 : INFO] - Processing task with ID : 619, and type 'smush' 
[2024-11-22 09:10:16 : INFO] - Re_Smush_It_Task with attachment ID : 2160, autocreated on : November 22, 2024 09:09:45 
[2024-11-22 09:10:16 : INFO] - File: Renoir.jpg, Compression quality: 85 
[2024-11-22 09:10:16 : INFO] - Backing up the original image - 2024/08/Renoir-updraft-pre-smush-original.jpg 
[2024-11-22 09:10:17 : INFO] - There were no WebP conversion tools found on your server. 
[2024-11-22 09:10:17 : INFO] - Successfully optimized the image - /srv/data/web/vhosts/amisdebourronmarlotte.fr/htdocs/wp-content/uploads/2024/08/Renoir.jpg.Le fichier a été compressé de 50.61 KB à 50.61 KB, en économisant 0 % à l’aide de WP-Optimize 
[2024-11-22 09:10:17 : INFO] - Completed processing task with ID : 619, and type 'smush' 
[2024-11-22 09:10:17 : INFO] - Lock option (updraft_lock_smush, abm_options) released 
[2024-11-22 09:10:17 : INFO] - Successfully processed the queue (smush). 7 tasks were processed out of 7. 
[2024-11-22 09:10:17 : INFO] - Lock option (updraft_lock_smush, abm_options) was deleted from the database 
[2024-11-22 09:10:17 : INFO] - Cleaning up tasks of type (smush). A total of 7 tasks will be deleted. 
[2024-11-22 09:11:54 : INFO] - Re_Smush_It_Task with attachment ID : 2161, autocreated on : November 22, 2024 09:11:54 
[2024-11-22 09:12:18 : INFO] - Re_Smush_It_Task with attachment ID : 2162, autocreated on : November 22, 2024 09:12:17 
[2024-11-22 09:14:04 : INFO] - Re_Smush_It_Task with attachment ID : 2163, autocreated on : November 22, 2024 09:14:04 
[2024-11-22 09:14:11 : INFO] - Re_Smush_It_Task with attachment ID : 2164, autocreated on : November 22, 2024 09:14:11 
[2024-11-22 09:15:48 : INFO] - Re_Smush_It_Task with attachment ID : 2165, autocreated on : November 22, 2024 09:15:48 
[2024-11-22 09:16:15 : INFO] - Re_Smush_It_Task with attachment ID : 2166, autocreated on : November 22, 2024 09:16:15 
[2024-11-22 09:25:06 : INFO] - A total of 6 tasks of type smush found and will be processed in this iteration 
[2024-11-22 09:25:06 : DEBUG] - Lock option (updraft_lock_smush, abm_options) was created in the database 
[2024-11-22 09:25:06 : INFO] - Lock (updraft_lock_smush, abm_options) acquired after initialising the database 
[2024-11-22 09:25:06 : INFO] - Processing task with ID : 620, and type 'smush' 
[2024-11-22 09:25:06 : INFO] - Re_Smush_It_Task with attachment ID : 2161, autocreated on : November 22, 2024 09:11:54 
[2024-11-22 09:25:06 : INFO] - File: Pierre-Bourdin-autoportrait.jpg, Compression quality: 85 
[2024-11-22 09:25:06 : INFO] - Backing up the original image - 2024/08/Pierre-Bourdin-autoportrait-updraft-pre-smush-original.jpg 
[2024-11-22 09:25:07 : INFO] - There were no WebP conversion tools found on your server. 
[2024-11-22 09:25:07 : INFO] - Successfully optimized the image - /srv/data/web/vhosts/amisdebourronmarlotte.fr/htdocs/wp-content/uploads/2024/08/Pierre-Bourdin-autoportrait.jpg.Le fichier a été compressé de 27.02 KB à 27.01 KB, en économisant 0.04 % à l’aide de WP-Optimize 
[2024-11-22 09:25:07 : INFO] - Completed processing task with ID : 620, and type 'smush' 
[2024-11-22 09:25:07 : INFO] - Processing task with ID : 621, and type 'smush' 
[2024-11-22 09:25:07 : INFO] - Re_Smush_It_Task with attachment ID : 2162, autocreated on : November 22, 2024 09:12:17 
[2024-11-22 09:25:07 : INFO] - File: Pierrette-a-18-ans-par-P.-Bourdin-Marlotte-05-1906.jpg, Compression quality: 85 
[2024-11-22 09:25:08 : INFO] - Backing up the original image - 2024/08/Pierrette-a-18-ans-par-P.-Bourdin-Marlotte-05-1906-updraft-pre-smush-original.jpg 
[2024-11-22 09:25:09 : INFO] - There were no WebP conversion tools found on your server. 
[2024-11-22 09:25:09 : INFO] - Successfully optimized the image - /srv/data/web/vhosts/amisdebourronmarlotte.fr/htdocs/wp-content/uploads/2024/08/Pierrette-a-18-ans-par-P.-Bourdin-Marlotte-05-1906.jpg.Le fichier a été compressé de 1.50 MB à 1.50 MB, en économisant 0 % à l’aide de WP-Optimize 
[2024-11-22 09:25:09 : INFO] - Completed processing task with ID : 621, and type 'smush' 
[2024-11-22 09:25:09 : INFO] - Processing task with ID : 622, and type 'smush' 
[2024-11-22 09:25:09 : INFO] - Re_Smush_It_Task with attachment ID : 2163, autocreated on : November 22, 2024 09:14:04 
[2024-11-22 09:25:09 : INFO] - File: Image1-1-1.jpg, Compression quality: 85 
[2024-11-22 09:25:09 : INFO] - Backing up the original image - 2024/08/Image1-1-1-updraft-pre-smush-original.jpg 
[2024-11-22 09:25:10 : INFO] - There were no WebP conversion tools found on your server. 
[2024-11-22 09:25:10 : INFO] - Successfully optimized the image - /srv/data/web/vhosts/amisdebourronmarlotte.fr/htdocs/wp-content/uploads/2024/08/Image1-1-1.jpg.Le fichier a été compressé de 155.85 KB à 155.85 KB, en économisant 0 % à l’aide de WP-Optimize 
[2024-11-22 09:25:11 : INFO] - Completed processing task with ID : 622, and type 'smush' 
[2024-11-22 09:25:11 : INFO] - Processing task with ID : 623, and type 'smush' 
[2024-11-22 09:25:11 : INFO] - Re_Smush_It_Task with attachment ID : 2164, autocreated on : November 22, 2024 09:14:11 
[2024-11-22 09:25:11 : INFO] - File: Image2-1-1.jpg, Compression quality: 85 
[2024-11-22 09:25:11 : INFO] - Backing up the original image - 2024/08/Image2-1-1-updraft-pre-smush-original.jpg 
[2024-11-22 09:25:13 : INFO] - There were no WebP conversion tools found on your server. 
[2024-11-22 09:25:13 : INFO] - Successfully optimized the image - /srv/data/web/vhosts/amisdebourronmarlotte.fr/htdocs/wp-content/uploads/2024/08/Image2-1-1.jpg.Le fichier a été compressé de 73.78 KB à 73.78 KB, en économisant 0 % à l’aide de WP-Optimize 
[2024-11-22 09:25:13 : INFO] - Completed processing task with ID : 623, and type 'smush' 
[2024-11-22 09:25:13 : INFO] - Processing task with ID : 624, and type 'smush' 
[2024-11-22 09:25:13 : INFO] - Task with ID 624 and type (smush) failed with error code exceeded_max_filesize - /srv/data/web/vhosts/amisdebourronmarlotte.fr/htdocs/wp-content/uploads/2024/08/Albi_Musee_Toulouse-Lautrec_-_Portrait_de_Toulouse-Lautrec_en_pied_en_costume_de_plage_1898-_Maxime_Dethomas-1.jpg - cannot be optimized, file size is above service provider limit 
[2024-11-22 09:25:13 : INFO] - Processing task with ID : 625, and type 'smush' 
[2024-11-22 09:25:13 : INFO] - Re_Smush_It_Task with attachment ID : 2166, autocreated on : November 22, 2024 09:16:15 
[2024-11-22 09:25:13 : INFO] - File: Henri_de_Toulouse-Lautrec_044.jpg, Compression quality: 85 
[2024-11-22 09:25:14 : INFO] - Backing up the original image - 2024/08/Henri_de_Toulouse-Lautrec_044-updraft-pre-smush-original.jpg 
[2024-11-22 09:25:14 : INFO] - There were no WebP conversion tools found on your server. 
[2024-11-22 09:25:14 : INFO] - Successfully optimized the image - /srv/data/web/vhosts/amisdebourronmarlotte.fr/htdocs/wp-content/uploads/2024/08/Henri_de_Toulouse-Lautrec_044.jpg.Le fichier a été compressé de 484.78 KB à 484.78 KB, en économisant 0 % à l’aide de WP-Optimize 
[2024-11-22 09:25:14 : INFO] - Completed processing task with ID : 625, and type 'smush' 
[2024-11-22 09:25:14 : INFO] - Lock option (updraft_lock_smush, abm_options) released 
[2024-11-22 09:25:14 : INFO] - Successfully processed the queue (smush). 6 tasks were processed out of 6. 
[2024-11-22 09:25:14 : INFO] - Lock option (updraft_lock_smush, abm_options) was deleted from the database 
[2024-11-22 09:25:14 : INFO] - Cleaning up tasks of type (smush). A total of 5 tasks will be deleted. 
[2024-11-22 09:32:02 : INFO] - Re_Smush_It_Task with attachment ID : 2169, autocreated on : November 22, 2024 09:32:02 
[2024-11-22 09:35:13 : INFO] - A total of 1 tasks of type smush found and will be processed in this iteration 
[2024-11-22 09:35:13 : DEBUG] - Lock option (updraft_lock_smush, abm_options) was created in the database 
[2024-11-22 09:35:13 : INFO] - Lock (updraft_lock_smush, abm_options) acquired after initialising the database 
[2024-11-22 09:35:13 : INFO] - Processing task with ID : 626, and type 'smush' 
[2024-11-22 09:35:13 : INFO] - Re_Smush_It_Task with attachment ID : 2169, autocreated on : November 22, 2024 09:32:02 
[2024-11-22 09:35:13 : INFO] - File: Image1-4.jpg, Compression quality: 85 
[2024-11-22 09:35:14 : INFO] - Backing up the original image - 2024/11/Image1-4-updraft-pre-smush-original.jpg 
[2024-11-22 09:35:15 : INFO] - There were no WebP conversion tools found on your server. 
[2024-11-22 09:35:15 : INFO] - Successfully optimized the image - /srv/data/web/vhosts/amisdebourronmarlotte.fr/htdocs/wp-content/uploads/2024/11/Image1-4.jpg.Le fichier a été compressé de 74.82 KB à 59.18 KB, en économisant 20.91 % à l’aide de WP-Optimize 
[2024-11-22 09:35:15 : INFO] - Completed processing task with ID : 626, and type 'smush' 
[2024-11-22 09:35:15 : INFO] - Lock option (updraft_lock_smush, abm_options) released 
[2024-11-22 09:35:15 : INFO] - Successfully processed the queue (smush). 1 tasks were processed out of 1. 
[2024-11-22 09:35:15 : INFO] - Lock option (updraft_lock_smush, abm_options) was deleted from the database 
[2024-11-22 09:35:15 : INFO] - Cleaning up tasks of type (smush). A total of 1 tasks will be deleted. 
[2024-11-22 09:41:14 : INFO] - Re_Smush_It_Task with attachment ID : 2171, autocreated on : November 22, 2024 09:41:14 
[2024-11-22 09:45:15 : INFO] - A total of 1 tasks of type smush found and will be processed in this iteration 
[2024-11-22 09:45:15 : DEBUG] - Lock option (updraft_lock_smush, abm_options) was created in the database 
[2024-11-22 09:45:15 : INFO] - Lock (updraft_lock_smush, abm_options) acquired after initialising the database 
[2024-11-22 09:45:15 : INFO] - Processing task with ID : 627, and type 'smush' 
[2024-11-22 09:45:15 : INFO] - Re_Smush_It_Task with attachment ID : 2171, autocreated on : November 22, 2024 09:41:14 
[2024-11-22 09:45:15 : INFO] - File: IMG_2853.jpg, Compression quality: 85 
[2024-11-22 09:45:17 : INFO] - Backing up the original image - 2024/11/IMG_2853-updraft-pre-smush-original.jpg 
[2024-11-22 09:45:17 : INFO] - There were no WebP conversion tools found on your server. 
[2024-11-22 09:45:17 : INFO] - Successfully optimized the image - /srv/data/web/vhosts/amisdebourronmarlotte.fr/htdocs/wp-content/uploads/2024/11/IMG_2853.jpg.Le fichier a été compressé de 1.89 MB à 1.28 MB, en économisant 32.06 % à l’aide de WP-Optimize 
[2024-11-22 09:45:17 : INFO] - Completed processing task with ID : 627, and type 'smush' 
[2024-11-22 09:45:17 : INFO] - Lock option (updraft_lock_smush, abm_options) released 
[2024-11-22 09:45:17 : INFO] - Successfully processed the queue (smush). 1 tasks were processed out of 1. 
[2024-11-22 09:45:17 : INFO] - Lock option (updraft_lock_smush, abm_options) was deleted from the database 
[2024-11-22 09:45:17 : INFO] - Cleaning up tasks of type (smush). A total of 1 tasks will be deleted. 
[2024-11-22 09:54:34 : INFO] - Re_Smush_It_Task with attachment ID : 2176, autocreated on : November 22, 2024 09:54:34 
[2024-11-22 09:55:21 : INFO] - A total of 1 tasks of type smush found and will be processed in this iteration 
[2024-11-22 09:55:21 : DEBUG] - Lock option (updraft_lock_smush, abm_options) was created in the database 
[2024-11-22 09:55:21 : INFO] - Lock (updraft_lock_smush, abm_options) acquired after initialising the database 
[2024-11-22 09:55:21 : INFO] - Processing task with ID : 628, and type 'smush' 
[2024-11-22 09:55:21 : INFO] - Re_Smush_It_Task with attachment ID : 2176, autocreated on : November 22, 2024 09:54:34 
[2024-11-22 09:55:21 : INFO] - File: Plan-BM-20241122.jpg, Compression quality: 85 
[2024-11-22 09:55:22 : INFO] - Backing up the original image - 2024/11/Plan-BM-20241122-updraft-pre-smush-original.jpg 
[2024-11-22 09:55:22 : INFO] - There were no WebP conversion tools found on your server. 
[2024-11-22 09:55:22 : INFO] - Successfully optimized the image - /srv/data/web/vhosts/amisdebourronmarlotte.fr/htdocs/wp-content/uploads/2024/11/Plan-BM-20241122.jpg.Le fichier a été compressé de 741.06 KB à 590.54 KB, en économisant 20.31 % à l’aide de WP-Optimize 
[2024-11-22 09:55:22 : INFO] - Completed processing task with ID : 628, and type 'smush' 
[2024-11-22 09:55:22 : INFO] - Lock option (updraft_lock_smush, abm_options) released 
[2024-11-22 09:55:22 : INFO] - Successfully processed the queue (smush). 1 tasks were processed out of 1. 
[2024-11-22 09:55:22 : INFO] - Lock option (updraft_lock_smush, abm_options) was deleted from the database 
[2024-11-22 09:55:22 : INFO] - Cleaning up tasks of type (smush). A total of 1 tasks will be deleted. 
[2024-11-26 16:02:42 : INFO] - Re_Smush_It_Task with attachment ID : 2191, autocreated on : November 26, 2024 04:02:42 
[2024-11-26 16:02:44 : INFO] - Re_Smush_It_Task with attachment ID : 2192, autocreated on : November 26, 2024 04:02:44 
[2024-11-26 16:02:45 : INFO] - Re_Smush_It_Task with attachment ID : 2193, autocreated on : November 26, 2024 04:02:45 
[2024-11-26 16:02:51 : INFO] - Re_Smush_It_Task with attachment ID : 2194, autocreated on : November 26, 2024 04:02:51 
[2024-11-26 16:02:54 : INFO] - Re_Smush_It_Task with attachment ID : 2195, autocreated on : November 26, 2024 04:02:54 
[2024-11-26 16:03:14 : INFO] - Re_Smush_It_Task with attachment ID : 2196, autocreated on : November 26, 2024 04:03:14 
[2024-11-26 16:04:15 : INFO] - Re_Smush_It_Task with attachment ID : 2197, autocreated on : November 26, 2024 04:04:15 
[2024-11-26 16:21:38 : INFO] - A total of 7 tasks of type smush found and will be processed in this iteration 
[2024-11-26 16:21:38 : DEBUG] - Lock option (updraft_lock_smush, abm_options) was created in the database 
[2024-11-26 16:21:38 : INFO] - Lock (updraft_lock_smush, abm_options) acquired after initialising the database 
[2024-11-26 16:21:38 : INFO] - Processing task with ID : 629, and type 'smush' 
[2024-11-26 16:21:38 : INFO] - Re_Smush_It_Task with attachment ID : 2191, autocreated on : November 26, 2024 04:02:42 
[2024-11-26 16:21:38 : INFO] - File: logo_77.png, Compression quality: 85 
[2024-11-26 16:21:39 : INFO] - Backing up the original image - 2024/11/logo_77-updraft-pre-smush-original.png 
[2024-11-26 16:21:39 : INFO] - There were no WebP conversion tools found on your server. 
[2024-11-26 16:21:40 : INFO] - Successfully optimized the image - /srv/data/web/vhosts/amisdebourronmarlotte.fr/htdocs/wp-content/uploads/2024/11/logo_77.png.Le fichier a été compressé de 28.60 KB à 10.43 KB, en économisant 63.52 % à l’aide de WP-Optimize 
[2024-11-26 16:21:40 : INFO] - Completed processing task with ID : 629, and type 'smush' 
[2024-11-26 16:21:40 : INFO] - Processing task with ID : 630, and type 'smush' 
[2024-11-26 16:21:40 : INFO] - Re_Smush_It_Task with attachment ID : 2192, autocreated on : November 26, 2024 04:02:44 
[2024-11-26 16:21:40 : INFO] - File: logo_BM.png, Compression quality: 85 
[2024-11-26 16:21:40 : INFO] - Backing up the original image - 2024/11/logo_BM-updraft-pre-smush-original.png 
[2024-11-26 16:21:41 : INFO] - There were no WebP conversion tools found on your server. 
[2024-11-26 16:21:41 : INFO] - Successfully optimized the image - /srv/data/web/vhosts/amisdebourronmarlotte.fr/htdocs/wp-content/uploads/2024/11/logo_BM.png.Le fichier a été compressé de 27.10 KB à 8.27 KB, en économisant 69.48 % à l’aide de WP-Optimize 
[2024-11-26 16:21:41 : INFO] - Completed processing task with ID : 630, and type 'smush' 
[2024-11-26 16:21:41 : INFO] - Processing task with ID : 631, and type 'smush' 
[2024-11-26 16:21:41 : INFO] - Re_Smush_It_Task with attachment ID : 2193, autocreated on : November 26, 2024 04:02:45 
[2024-11-26 16:21:41 : INFO] - File: Logo_ABM.png, Compression quality: 85 
[2024-11-26 16:21:41 : INFO] - Backing up the original image - 2024/11/Logo_ABM-updraft-pre-smush-original.png 
[2024-11-26 16:21:42 : INFO] - There were no WebP conversion tools found on your server. 
[2024-11-26 16:21:42 : INFO] - Successfully optimized the image - /srv/data/web/vhosts/amisdebourronmarlotte.fr/htdocs/wp-content/uploads/2024/11/Logo_ABM.png.Le fichier a été compressé de 85.15 KB à 43.39 KB, en économisant 49.05 % à l’aide de WP-Optimize 
[2024-11-26 16:21:42 : INFO] - Completed processing task with ID : 631, and type 'smush' 
[2024-11-26 16:21:42 : INFO] - Processing task with ID : 632, and type 'smush' 
[2024-11-26 16:21:43 : INFO] - Re_Smush_It_Task with attachment ID : 2194, autocreated on : November 26, 2024 04:02:51 
[2024-11-26 16:21:43 : INFO] - File: Image1-4.jpg, Compression quality: 85 
[2024-11-26 16:21:43 : INFO] - Backing up the original image - 2024/11/Image1-4-updraft-pre-smush-original.jpg 
[2024-11-26 16:21:44 : INFO] - There were no WebP conversion tools found on your server. 
[2024-11-26 16:21:44 : INFO] - Successfully optimized the image - /srv/data/web/vhosts/amisdebourronmarlotte.fr/htdocs/wp-content/uploads/2024/11/Image1-4.jpg.Le fichier a été compressé de 19.65 KB à 14.71 KB, en économisant 25.16 % à l’aide de WP-Optimize 
[2024-11-26 16:21:44 : INFO] - Completed processing task with ID : 632, and type 'smush' 
[2024-11-26 16:21:44 : INFO] - Processing task with ID : 633, and type 'smush' 
[2024-11-26 16:21:44 : INFO] - Re_Smush_It_Task with attachment ID : 2195, autocreated on : November 26, 2024 04:02:54 
[2024-11-26 16:21:44 : INFO] - File: LOGO-HCP-HD-BLANC.jpg, Compression quality: 85 
[2024-11-26 16:21:45 : INFO] - Backing up the original image - 2024/11/LOGO-HCP-HD-BLANC-updraft-pre-smush-original.jpg 
[2024-11-26 16:21:45 : INFO] - There were no WebP conversion tools found on your server. 
[2024-11-26 16:21:45 : INFO] - Successfully optimized the image - /srv/data/web/vhosts/amisdebourronmarlotte.fr/htdocs/wp-content/uploads/2024/11/LOGO-HCP-HD-BLANC.jpg.Le fichier a été compressé de 1.19 MB à 490.87 KB, en économisant 59.86 % à l’aide de WP-Optimize 
[2024-11-26 16:21:45 : INFO] - Completed processing task with ID : 633, and type 'smush' 
[2024-11-26 16:21:45 : INFO] - Processing task with ID : 634, and type 'smush' 
[2024-11-26 16:21:45 : INFO] - Re_Smush_It_Task with attachment ID : 2196, autocreated on : November 26, 2024 04:03:14 
[2024-11-26 16:21:45 : INFO] - File: LOGO-HCP-HD-BLANC-1.jpg, Compression quality: 85 
[2024-11-26 16:21:47 : INFO] - Backing up the original image - 2024/11/LOGO-HCP-HD-BLANC-1-updraft-pre-smush-original.jpg 
[2024-11-26 16:21:47 : INFO] - There were no WebP conversion tools found on your server. 
[2024-11-26 16:21:47 : INFO] - Successfully optimized the image - /srv/data/web/vhosts/amisdebourronmarlotte.fr/htdocs/wp-content/uploads/2024/11/LOGO-HCP-HD-BLANC-1.jpg.Le fichier a été compressé de 1.19 MB à 490.87 KB, en économisant 59.86 % à l’aide de WP-Optimize 
[2024-11-26 16:21:47 : INFO] - Completed processing task with ID : 634, and type 'smush' 
[2024-11-26 16:21:47 : INFO] - Processing task with ID : 635, and type 'smush' 
[2024-11-26 16:21:47 : INFO] - Re_Smush_It_Task with attachment ID : 2197, autocreated on : November 26, 2024 04:04:15 
[2024-11-26 16:21:47 : INFO] - File: LOGO-HCP-HD-BLANC-2.jpg, Compression quality: 85 
[2024-11-26 16:21:47 : INFO] - Backing up the original image - 2024/11/LOGO-HCP-HD-BLANC-2-updraft-pre-smush-original.jpg 
[2024-11-26 16:21:48 : INFO] - There were no WebP conversion tools found on your server. 
[2024-11-26 16:21:48 : INFO] - Successfully optimized the image - /srv/data/web/vhosts/amisdebourronmarlotte.fr/htdocs/wp-content/uploads/2024/11/LOGO-HCP-HD-BLANC-2.jpg.Le fichier a été compressé de 26.34 KB à 16.00 KB, en économisant 39.28 % à l’aide de WP-Optimize 
[2024-11-26 16:21:48 : INFO] - Completed processing task with ID : 635, and type 'smush' 
[2024-11-26 16:21:48 : INFO] - Lock option (updraft_lock_smush, abm_options) released 
[2024-11-26 16:21:48 : INFO] - Successfully processed the queue (smush). 7 tasks were processed out of 7. 
[2024-11-26 16:21:48 : INFO] - Lock option (updraft_lock_smush, abm_options) was deleted from the database 
[2024-11-26 16:21:48 : INFO] - Cleaning up tasks of type (smush). A total of 7 tasks will be deleted. 
[2024-11-27 12:31:44 : INFO] - Re_Smush_It_Task with attachment ID : 2200, autocreated on : November 27, 2024 12:31:44 
[2024-11-27 12:40:03 : INFO] - A total of 1 tasks of type smush found and will be processed in this iteration 
[2024-11-27 12:40:03 : DEBUG] - Lock option (updraft_lock_smush, abm_options) was created in the database 
[2024-11-27 12:40:03 : INFO] - Lock (updraft_lock_smush, abm_options) acquired after initialising the database 
[2024-11-27 12:40:03 : INFO] - Processing task with ID : 636, and type 'smush' 
[2024-11-27 12:40:03 : INFO] - Re_Smush_It_Task with attachment ID : 2200, autocreated on : November 27, 2024 12:31:44 
[2024-11-27 12:40:03 : INFO] - File: Image2-2.jpg, Compression quality: 85 
[2024-11-27 12:40:04 : INFO] - Backing up the original image - 2024/11/Image2-2-updraft-pre-smush-original.jpg 
[2024-11-27 12:40:05 : INFO] - There were no WebP conversion tools found on your server. 
[2024-11-27 12:40:05 : INFO] - Successfully optimized the image - /srv/data/web/vhosts/amisdebourronmarlotte.fr/htdocs/wp-content/uploads/2024/11/Image2-2.jpg.Le fichier a été compressé de 65.32 KB à 50.11 KB, en économisant 23.28 % à l’aide de WP-Optimize 
[2024-11-27 12:40:05 : INFO] - Completed processing task with ID : 636, and type 'smush' 
[2024-11-27 12:40:05 : INFO] - Lock option (updraft_lock_smush, abm_options) released 
[2024-11-27 12:40:05 : INFO] - Successfully processed the queue (smush). 1 tasks were processed out of 1. 
[2024-11-27 12:40:05 : INFO] - Lock option (updraft_lock_smush, abm_options) was deleted from the database 
[2024-11-27 12:40:05 : INFO] - Cleaning up tasks of type (smush). A total of 1 tasks will be deleted. 
[2024-12-09 15:01:08 : INFO] - Re_Smush_It_Task with attachment ID : 2204, autocreated on : December 09, 2024 03:01:07 
[2024-12-09 15:06:11 : INFO] - A total of 1 tasks of type smush found and will be processed in this iteration 
[2024-12-09 15:06:11 : DEBUG] - Lock option (updraft_lock_smush, abm_options) was created in the database 
[2024-12-09 15:06:11 : INFO] - Lock (updraft_lock_smush, abm_options) acquired after initialising the database 
[2024-12-09 15:06:11 : INFO] - Processing task with ID : 637, and type 'smush' 
[2024-12-09 15:06:11 : INFO] - Re_Smush_It_Task with attachment ID : 2204, autocreated on : December 09, 2024 03:01:07 
[2024-12-09 15:06:11 : INFO] - File: Image2.jpg, Compression quality: 85 
[2024-12-09 15:06:12 : INFO] - Backing up the original image - 2024/12/Image2-updraft-pre-smush-original.jpg 
[2024-12-09 15:06:13 : INFO] - There were no WebP conversion tools found on your server. 
[2024-12-09 15:06:13 : INFO] - Successfully optimized the image - /srv/data/web/vhosts/amisdebourronmarlotte.fr/htdocs/wp-content/uploads/2024/12/Image2.jpg.Le fichier a été compressé de 222.46 KB à 176.25 KB, en économisant 20.77 % à l’aide de WP-Optimize 
[2024-12-09 15:06:13 : INFO] - Completed processing task with ID : 637, and type 'smush' 
[2024-12-09 15:06:13 : INFO] - Lock option (updraft_lock_smush, abm_options) released 
[2024-12-09 15:06:13 : INFO] - Successfully processed the queue (smush). 1 tasks were processed out of 1. 
[2024-12-09 15:06:13 : INFO] - Lock option (updraft_lock_smush, abm_options) was deleted from the database 
[2024-12-09 15:06:13 : INFO] - Cleaning up tasks of type (smush). A total of 1 tasks will be deleted. 
[2024-12-09 15:08:22 : INFO] - Re_Smush_It_Task with attachment ID : 2206, autocreated on : December 09, 2024 03:08:22 
[2024-12-09 15:14:20 : INFO] - Re_Smush_It_Task with attachment ID : 2208, autocreated on : December 09, 2024 03:14:19 
[2024-12-09 15:16:17 : INFO] - A total of 2 tasks of type smush found and will be processed in this iteration 
[2024-12-09 15:16:17 : DEBUG] - Lock option (updraft_lock_smush, abm_options) was created in the database 
[2024-12-09 15:16:17 : INFO] - Lock (updraft_lock_smush, abm_options) acquired after initialising the database 
[2024-12-09 15:16:17 : INFO] - Processing task with ID : 638, and type 'smush' 
[2024-12-09 15:16:17 : INFO] - Re_Smush_It_Task with attachment ID : 2206, autocreated on : December 09, 2024 03:08:22 
[2024-12-09 15:16:17 : INFO] - File: Image1.jpg, Compression quality: 85 
[2024-12-09 15:16:17 : INFO] - Backing up the original image - 2024/12/Image1-updraft-pre-smush-original.jpg 
[2024-12-09 15:16:19 : INFO] - There were no WebP conversion tools found on your server. 
[2024-12-09 15:16:19 : INFO] - Successfully optimized the image - /srv/data/web/vhosts/amisdebourronmarlotte.fr/htdocs/wp-content/uploads/2024/12/Image1.jpg.Le fichier a été compressé de 118.12 KB à 97.52 KB, en économisant 17.44 % à l’aide de WP-Optimize 
[2024-12-09 15:16:19 : INFO] - Completed processing task with ID : 638, and type 'smush' 
[2024-12-09 15:16:19 : INFO] - Processing task with ID : 639, and type 'smush' 
[2024-12-09 15:16:19 : INFO] - Re_Smush_It_Task with attachment ID : 2208, autocreated on : December 09, 2024 03:14:19 
[2024-12-09 15:16:19 : INFO] - File: Image3.jpg, Compression quality: 85 
[2024-12-09 15:16:20 : INFO] - Backing up the original image - 2024/12/Image3-updraft-pre-smush-original.jpg 
[2024-12-09 15:16:20 : INFO] - There were no WebP conversion tools found on your server. 
[2024-12-09 15:16:20 : INFO] - Successfully optimized the image - /srv/data/web/vhosts/amisdebourronmarlotte.fr/htdocs/wp-content/uploads/2024/12/Image3.jpg.Le fichier a été compressé de 581.61 KB à 477.22 KB, en économisant 17.95 % à l’aide de WP-Optimize 
[2024-12-09 15:16:20 : INFO] - Completed processing task with ID : 639, and type 'smush' 
[2024-12-09 15:16:20 : INFO] - Lock option (updraft_lock_smush, abm_options) released 
[2024-12-09 15:16:20 : INFO] - Successfully processed the queue (smush). 2 tasks were processed out of 2. 
[2024-12-09 15:16:20 : INFO] - Lock option (updraft_lock_smush, abm_options) was deleted from the database 
[2024-12-09 15:16:20 : INFO] - Cleaning up tasks of type (smush). A total of 2 tasks will be deleted. 
[2024-12-09 16:05:00 : INFO] - Re_Smush_It_Task with attachment ID : 2215, autocreated on : December 09, 2024 04:05:00 
[2024-12-09 16:11:02 : INFO] - A total of 1 tasks of type smush found and will be processed in this iteration 
[2024-12-09 16:11:02 : DEBUG] - Lock option (updraft_lock_smush, abm_options) was created in the database 
[2024-12-09 16:11:02 : INFO] - Lock (updraft_lock_smush, abm_options) acquired after initialising the database 
[2024-12-09 16:11:02 : INFO] - Processing task with ID : 640, and type 'smush' 
[2024-12-09 16:11:02 : INFO] - Re_Smush_It_Task with attachment ID : 2215, autocreated on : December 09, 2024 04:05:00 
[2024-12-09 16:11:02 : INFO] - File: Portrett_av_Christian_Skredsvig_1854-1924_9454985153.jpg, Compression quality: 85 
[2024-12-09 16:11:03 : INFO] - Backing up the original image - 2024/12/Portrett_av_Christian_Skredsvig_1854-1924_9454985153-updraft-pre-smush-original.jpg 
[2024-12-09 16:11:03 : INFO] - There were no WebP conversion tools found on your server. 
[2024-12-09 16:11:04 : INFO] - Successfully optimized the image - /srv/data/web/vhosts/amisdebourronmarlotte.fr/htdocs/wp-content/uploads/2024/12/Portrett_av_Christian_Skredsvig_1854-1924_9454985153.jpg.Le fichier a été compressé de 234.41 KB à 190.08 KB, en économisant 18.91 % à l’aide de WP-Optimize 
[2024-12-09 16:11:04 : INFO] - Completed processing task with ID : 640, and type 'smush' 
[2024-12-09 16:11:04 : INFO] - Lock option (updraft_lock_smush, abm_options) released 
[2024-12-09 16:11:04 : INFO] - Successfully processed the queue (smush). 1 tasks were processed out of 1. 
[2024-12-09 16:11:04 : INFO] - Lock option (updraft_lock_smush, abm_options) was deleted from the database 
[2024-12-09 16:11:04 : INFO] - Cleaning up tasks of type (smush). A total of 1 tasks will be deleted. 
[2025-01-13 16:58:12 : INFO] - Re_Smush_It_Task with attachment ID : 2222, autocreated on : January 13, 2025 04:58:12 
[2025-01-13 17:03:23 : INFO] - A total of 1 tasks of type smush found and will be processed in this iteration 
[2025-01-13 17:03:23 : DEBUG] - Lock option (updraft_lock_smush, abm_options) was created in the database 
[2025-01-13 17:03:23 : INFO] - Lock (updraft_lock_smush, abm_options) acquired after initialising the database 
[2025-01-13 17:03:23 : INFO] - Processing task with ID : 641, and type 'smush' 
[2025-01-13 17:03:23 : INFO] - Re_Smush_It_Task with attachment ID : 2222, autocreated on : January 13, 2025 04:58:12 
[2025-01-13 17:03:23 : INFO] - File: Rebecca-a-la-fontaine-Varin.jpg, Compression quality: 85 
[2025-01-13 17:03:23 : INFO] - Backing up the original image - 2025/01/Rebecca-a-la-fontaine-Varin-updraft-pre-smush-original.jpg 
[2025-01-13 17:03:25 : INFO] - There were no WebP conversion tools found on your server. 
[2025-01-13 17:03:25 : INFO] - Successfully optimized the image - /srv/data/web/vhosts/amisdebourronmarlotte.fr/htdocs/wp-content/uploads/2025/01/Rebecca-a-la-fontaine-Varin.jpg.Le fichier a été compressé de 43.42 KB à 41.93 KB, en économisant 3.43 % à l’aide de WP-Optimize 
[2025-01-13 17:03:25 : INFO] - Completed processing task with ID : 641, and type 'smush' 
[2025-01-13 17:03:25 : INFO] - Lock option (updraft_lock_smush, abm_options) released 
[2025-01-13 17:03:25 : INFO] - Successfully processed the queue (smush). 1 tasks were processed out of 1. 
[2025-01-13 17:03:25 : INFO] - Lock option (updraft_lock_smush, abm_options) was deleted from the database 
[2025-01-13 17:03:25 : INFO] - Cleaning up tasks of type (smush). A total of 1 tasks will be deleted. 
[2025-01-13 17:08:11 : INFO] - Re_Smush_It_Task with attachment ID : 2226, autocreated on : January 13, 2025 05:08:11 
[2025-01-13 17:10:52 : INFO] - Re_Smush_It_Task with attachment ID : 2228, autocreated on : January 13, 2025 05:10:52 
[2025-01-13 17:13:28 : INFO] - A total of 2 tasks of type smush found and will be processed in this iteration 
[2025-01-13 17:13:28 : DEBUG] - Lock option (updraft_lock_smush, abm_options) was created in the database 
[2025-01-13 17:13:28 : INFO] - Lock (updraft_lock_smush, abm_options) acquired after initialising the database 
[2025-01-13 17:13:28 : INFO] - Processing task with ID : 642, and type 'smush' 
[2025-01-13 17:13:28 : INFO] - Task with ID 642 and type (smush) failed with error code exceeded_max_filesize - /srv/data/web/vhosts/amisdebourronmarlotte.fr/htdocs/wp-content/uploads/2025/01/Image.jpg - cannot be optimized, file size is above service provider limit 
[2025-01-13 17:13:28 : INFO] - Processing task with ID : 643, and type 'smush' 
[2025-01-13 17:13:28 : INFO] - Re_Smush_It_Task with attachment ID : 2228, autocreated on : January 13, 2025 05:10:52 
[2025-01-13 17:13:28 : INFO] - File: Image1.jpg, Compression quality: 85 
[2025-01-13 17:13:28 : INFO] - Backing up the original image - 2025/01/Image1-updraft-pre-smush-original.jpg 
[2025-01-13 17:13:30 : INFO] - There were no WebP conversion tools found on your server. 
[2025-01-13 17:13:30 : INFO] - Successfully optimized the image - /srv/data/web/vhosts/amisdebourronmarlotte.fr/htdocs/wp-content/uploads/2025/01/Image1.jpg.Le fichier a été compressé de 289.32 KB à 225.98 KB, en économisant 21.89 % à l’aide de WP-Optimize 
[2025-01-13 17:13:30 : INFO] - Completed processing task with ID : 643, and type 'smush' 
[2025-01-13 17:13:30 : INFO] - Lock option (updraft_lock_smush, abm_options) released 
[2025-01-13 17:13:30 : INFO] - Successfully processed the queue (smush). 2 tasks were processed out of 2. 
[2025-01-13 17:13:30 : INFO] - Lock option (updraft_lock_smush, abm_options) was deleted from the database 
[2025-01-13 17:13:30 : INFO] - Cleaning up tasks of type (smush). A total of 1 tasks will be deleted. 
[2025-01-25 05:56:45 : INFO] - Re_Smush_It_Task with attachment ID : 2236, autocreated on : January 25, 2025 05:56:45 
[2025-01-25 06:00:44 : INFO] - Re_Smush_It_Task with attachment ID : 2237, autocreated on : January 25, 2025 06:00:44 
[2025-01-25 06:01:45 : INFO] - A total of 2 tasks of type smush found and will be processed in this iteration 
[2025-01-25 06:01:45 : DEBUG] - Lock option (updraft_lock_smush, abm_options) was created in the database 
[2025-01-25 06:01:45 : INFO] - Lock (updraft_lock_smush, abm_options) acquired after initialising the database 
[2025-01-25 06:01:45 : INFO] - Processing task with ID : 644, and type 'smush' 
[2025-01-25 06:01:45 : INFO] - Re_Smush_It_Task with attachment ID : 2236, autocreated on : January 25, 2025 05:56:45 
[2025-01-25 06:01:45 : INFO] - File: Image1-1.jpg, Compression quality: 85 
[2025-01-25 06:01:46 : INFO] - Backing up the original image - 2025/01/Image1-1-updraft-pre-smush-original.jpg 
[2025-01-25 06:01:46 : INFO] - There were no WebP conversion tools found on your server. 
[2025-01-25 06:01:46 : INFO] - Successfully optimized the image - /srv/data/web/vhosts/amisdebourronmarlotte.fr/htdocs/wp-content/uploads/2025/01/Image1-1.jpg.Le fichier a été compressé de 625.22 KB à 499.74 KB, en économisant 20.07 % à l’aide de WP-Optimize 
[2025-01-25 06:01:46 : INFO] - Completed processing task with ID : 644, and type 'smush' 
[2025-01-25 06:01:46 : INFO] - Processing task with ID : 645, and type 'smush' 
[2025-01-25 06:01:46 : INFO] - Re_Smush_It_Task with attachment ID : 2237, autocreated on : January 25, 2025 06:00:44 
[2025-01-25 06:01:46 : INFO] - File: Image2.jpg, Compression quality: 85 
[2025-01-25 06:01:46 : INFO] - Backing up the original image - 2025/01/Image2-updraft-pre-smush-original.jpg 
[2025-01-25 06:01:46 : INFO] - There were no WebP conversion tools found on your server. 
[2025-01-25 06:01:46 : INFO] - Successfully optimized the image - /srv/data/web/vhosts/amisdebourronmarlotte.fr/htdocs/wp-content/uploads/2025/01/Image2.jpg.Le fichier a été compressé de 91.86 KB à 62.51 KB, en économisant 31.95 % à l’aide de WP-Optimize 
[2025-01-25 06:01:46 : INFO] - Completed processing task with ID : 645, and type 'smush' 
[2025-01-25 06:01:46 : INFO] - Lock option (updraft_lock_smush, abm_options) released 
[2025-01-25 06:01:46 : INFO] - Successfully processed the queue (smush). 2 tasks were processed out of 2. 
[2025-01-25 06:01:46 : INFO] - Lock option (updraft_lock_smush, abm_options) was deleted from the database 
[2025-01-25 06:01:46 : INFO] - Cleaning up tasks of type (smush). A total of 2 tasks will be deleted. 
[2025-01-25 06:02:32 : INFO] - Re_Smush_It_Task with attachment ID : 2238, autocreated on : January 25, 2025 06:02:32 
[2025-01-25 06:03:35 : INFO] - Re_Smush_It_Task with attachment ID : 2239, autocreated on : January 25, 2025 06:03:35 
[2025-01-25 06:12:25 : INFO] - A total of 2 tasks of type smush found and will be processed in this iteration 
[2025-01-25 06:12:25 : DEBUG] - Lock option (updraft_lock_smush, abm_options) was created in the database 
[2025-01-25 06:12:26 : INFO] - Lock (updraft_lock_smush, abm_options) acquired after initialising the database 
[2025-01-25 06:12:26 : INFO] - Processing task with ID : 646, and type 'smush' 
[2025-01-25 06:12:26 : INFO] - Re_Smush_It_Task with attachment ID : 2238, autocreated on : January 25, 2025 06:02:32 
[2025-01-25 06:12:26 : INFO] - File: Image3.jpg, Compression quality: 85 
[2025-01-25 06:12:26 : INFO] - Backing up the original image - 2025/01/Image3-updraft-pre-smush-original.jpg 
[2025-01-25 06:12:27 : INFO] - There were no WebP conversion tools found on your server. 
[2025-01-25 06:12:27 : INFO] - Successfully optimized the image - /srv/data/web/vhosts/amisdebourronmarlotte.fr/htdocs/wp-content/uploads/2025/01/Image3.jpg.Le fichier a été compressé de 31.26 KB à 24.20 KB, en économisant 22.58 % à l’aide de WP-Optimize 
[2025-01-25 06:12:27 : INFO] - Completed processing task with ID : 646, and type 'smush' 
[2025-01-25 06:12:27 : INFO] - Processing task with ID : 647, and type 'smush' 
[2025-01-25 06:12:27 : INFO] - Re_Smush_It_Task with attachment ID : 2239, autocreated on : January 25, 2025 06:03:35 
[2025-01-25 06:12:27 : INFO] - File: Image4.jpg, Compression quality: 85 
[2025-01-25 06:12:28 : INFO] - Backing up the original image - 2025/01/Image4-updraft-pre-smush-original.jpg 
[2025-01-25 06:12:28 : INFO] - There were no WebP conversion tools found on your server. 
[2025-01-25 06:12:28 : INFO] - Successfully optimized the image - /srv/data/web/vhosts/amisdebourronmarlotte.fr/htdocs/wp-content/uploads/2025/01/Image4.jpg.Le fichier a été compressé de 957.66 KB à 768.94 KB, en économisant 19.71 % à l’aide de WP-Optimize 
[2025-01-25 06:12:28 : INFO] - Completed processing task with ID : 647, and type 'smush' 
[2025-01-25 06:12:28 : INFO] - Lock option (updraft_lock_smush, abm_options) released 
[2025-01-25 06:12:28 : INFO] - Successfully processed the queue (smush). 2 tasks were processed out of 2. 
[2025-01-25 06:12:28 : INFO] - Lock option (updraft_lock_smush, abm_options) was deleted from the database 
[2025-01-25 06:12:28 : INFO] - Cleaning up tasks of type (smush). A total of 2 tasks will be deleted. 
[2025-01-25 06:13:47 : INFO] - Re_Smush_It_Task with attachment ID : 2241, autocreated on : January 25, 2025 06:13:47 
[2025-01-25 06:14:43 : INFO] - Re_Smush_It_Task with attachment ID : 2242, autocreated on : January 25, 2025 06:14:43 
[2025-01-25 06:15:46 : INFO] - Re_Smush_It_Task with attachment ID : 2243, autocreated on : January 25, 2025 06:15:46 
[2025-01-25 06:18:38 : INFO] - Re_Smush_It_Task with attachment ID : 2244, autocreated on : January 25, 2025 06:18:38 
[2025-01-25 06:22:33 : INFO] - A total of 4 tasks of type smush found and will be processed in this iteration 
[2025-01-25 06:22:33 : DEBUG] - Lock option (updraft_lock_smush, abm_options) was created in the database 
[2025-01-25 06:22:33 : INFO] - Lock (updraft_lock_smush, abm_options) acquired after initialising the database 
[2025-01-25 06:22:33 : INFO] - Processing task with ID : 648, and type 'smush' 
[2025-01-25 06:22:33 : INFO] - Task with ID 648 and type (smush) failed with error code invalid_file_path - The linked attachment ID does not have a valid file path 
[2025-01-25 06:22:33 : INFO] - Processing task with ID : 649, and type 'smush' 
[2025-01-25 06:22:33 : INFO] - Task with ID 649 and type (smush) failed with error code invalid_file_path - The linked attachment ID does not have a valid file path 
[2025-01-25 06:22:33 : INFO] - Processing task with ID : 650, and type 'smush' 
[2025-01-25 06:22:33 : INFO] - Re_Smush_It_Task with attachment ID : 2243, autocreated on : January 25, 2025 06:15:46 
[2025-01-25 06:22:33 : INFO] - File: Image5.jpg, Compression quality: 85 
[2025-01-25 06:22:33 : INFO] - Backing up the original image - 2025/01/Image5-updraft-pre-smush-original.jpg 
[2025-01-25 06:22:33 : INFO] - There were no WebP conversion tools found on your server. 
[2025-01-25 06:22:33 : INFO] - Successfully optimized the image - /srv/data/web/vhosts/amisdebourronmarlotte.fr/htdocs/wp-content/uploads/2025/01/Image5.jpg.Le fichier a été compressé de 599.95 KB à 479.35 KB, en économisant 20.1 % à l’aide de WP-Optimize 
[2025-01-25 06:22:33 : INFO] - Completed processing task with ID : 650, and type 'smush' 
[2025-01-25 06:22:33 : INFO] - Processing task with ID : 651, and type 'smush' 
[2025-01-25 06:22:34 : INFO] - Re_Smush_It_Task with attachment ID : 2244, autocreated on : January 25, 2025 06:18:38 
[2025-01-25 06:22:34 : INFO] - File: Image6.jpg, Compression quality: 85 
[2025-01-25 06:22:34 : INFO] - Backing up the original image - 2025/01/Image6-updraft-pre-smush-original.jpg 
[2025-01-25 06:22:35 : INFO] - There were no WebP conversion tools found on your server. 
[2025-01-25 06:22:35 : INFO] - Successfully optimized the image - /srv/data/web/vhosts/amisdebourronmarlotte.fr/htdocs/wp-content/uploads/2025/01/Image6.jpg.Le fichier a été compressé de 69.08 KB à 45.14 KB, en économisant 34.65 % à l’aide de WP-Optimize 
[2025-01-25 06:22:35 : INFO] - Completed processing task with ID : 651, and type 'smush' 
[2025-01-25 06:22:35 : INFO] - Lock option (updraft_lock_smush, abm_options) released 
[2025-01-25 06:22:35 : INFO] - Successfully processed the queue (smush). 4 tasks were processed out of 4. 
[2025-01-25 06:22:35 : INFO] - Lock option (updraft_lock_smush, abm_options) was deleted from the database 
[2025-01-25 06:22:35 : INFO] - Cleaning up tasks of type (smush). A total of 2 tasks will be deleted. 
[2025-01-25 06:27:03 : INFO] - Re_Smush_It_Task with attachment ID : 2246, autocreated on : January 25, 2025 06:27:03 
[2025-01-25 06:32:38 : INFO] - A total of 1 tasks of type smush found and will be processed in this iteration 
[2025-01-25 06:32:38 : DEBUG] - Lock option (updraft_lock_smush, abm_options) was created in the database 
[2025-01-25 06:32:38 : INFO] - Lock (updraft_lock_smush, abm_options) acquired after initialising the database 
[2025-01-25 06:32:38 : INFO] - Processing task with ID : 652, and type 'smush' 
[2025-01-25 06:32:38 : INFO] - Re_Smush_It_Task with attachment ID : 2246, autocreated on : January 25, 2025 06:27:03 
[2025-01-25 06:32:38 : INFO] - File: Image6-1.jpg, Compression quality: 85 
[2025-01-25 06:32:39 : INFO] - Backing up the original image - 2025/01/Image6-1-updraft-pre-smush-original.jpg 
[2025-01-25 06:32:39 : INFO] - There were no WebP conversion tools found on your server. 
[2025-01-25 06:32:39 : INFO] - Successfully optimized the image - /srv/data/web/vhosts/amisdebourronmarlotte.fr/htdocs/wp-content/uploads/2025/01/Image6-1.jpg.Le fichier a été compressé de 69.08 KB à 45.14 KB, en économisant 34.65 % à l’aide de WP-Optimize 
[2025-01-25 06:32:39 : INFO] - Completed processing task with ID : 652, and type 'smush' 
[2025-01-25 06:32:39 : INFO] - Lock option (updraft_lock_smush, abm_options) released 
[2025-01-25 06:32:39 : INFO] - Successfully processed the queue (smush). 1 tasks were processed out of 1. 
[2025-01-25 06:32:39 : INFO] - Lock option (updraft_lock_smush, abm_options) was deleted from the database 
[2025-01-25 06:32:39 : INFO] - Cleaning up tasks of type (smush). A total of 1 tasks will be deleted. 
[2025-01-25 06:33:16 : INFO] - Re_Smush_It_Task with attachment ID : 2247, autocreated on : January 25, 2025 06:33:16 
[2025-01-25 06:43:59 : INFO] - A total of 1 tasks of type smush found and will be processed in this iteration 
[2025-01-25 06:43:59 : DEBUG] - Lock option (updraft_lock_smush, abm_options) was created in the database 
[2025-01-25 06:43:59 : INFO] - Lock (updraft_lock_smush, abm_options) acquired after initialising the database 
[2025-01-25 06:43:59 : INFO] - Processing task with ID : 653, and type 'smush' 
[2025-01-25 06:43:59 : INFO] - Re_Smush_It_Task with attachment ID : 2247, autocreated on : January 25, 2025 06:33:16 
[2025-01-25 06:43:59 : INFO] - File: Image7.jpg, Compression quality: 85 
[2025-01-25 06:44:00 : INFO] - Backing up the original image - 2025/01/Image7-updraft-pre-smush-original.jpg 
[2025-01-25 06:44:00 : INFO] - There were no WebP conversion tools found on your server. 
[2025-01-25 06:44:00 : INFO] - Successfully optimized the image - /srv/data/web/vhosts/amisdebourronmarlotte.fr/htdocs/wp-content/uploads/2025/01/Image7.jpg.Le fichier a été compressé de 915.52 KB à 735.96 KB, en économisant 19.61 % à l’aide de WP-Optimize 
[2025-01-25 06:44:00 : INFO] - Completed processing task with ID : 653, and type 'smush' 
[2025-01-25 06:44:00 : INFO] - Lock option (updraft_lock_smush, abm_options) released 
[2025-01-25 06:44:00 : INFO] - Successfully processed the queue (smush). 1 tasks were processed out of 1. 
[2025-01-25 06:44:00 : INFO] - Lock option (updraft_lock_smush, abm_options) was deleted from the database 
[2025-01-25 06:44:00 : INFO] - Cleaning up tasks of type (smush). A total of 1 tasks will be deleted. 
[2025-01-25 06:44:40 : INFO] - Re_Smush_It_Task with attachment ID : 2249, autocreated on : January 25, 2025 06:44:40 
[2025-01-25 06:49:47 : INFO] - Re_Smush_It_Task with attachment ID : 2250, autocreated on : January 25, 2025 06:49:47 
[2025-01-25 06:53:59 : INFO] - A total of 2 tasks of type smush found and will be processed in this iteration 
[2025-01-25 06:53:59 : DEBUG] - Lock option (updraft_lock_smush, abm_options) was created in the database 
[2025-01-25 06:53:59 : INFO] - Lock (updraft_lock_smush, abm_options) acquired after initialising the database 
[2025-01-25 06:53:59 : INFO] - Processing task with ID : 654, and type 'smush' 
[2025-01-25 06:53:59 : INFO] - Task with ID 654 and type (smush) failed with error code invalid_file_path - The linked attachment ID does not have a valid file path 
[2025-01-25 06:53:59 : INFO] - Processing task with ID : 655, and type 'smush' 
[2025-01-25 06:53:59 : INFO] - Re_Smush_It_Task with attachment ID : 2250, autocreated on : January 25, 2025 06:49:47 
[2025-01-25 06:53:59 : INFO] - File: Image10.jpg, Compression quality: 85 
[2025-01-25 06:54:00 : INFO] - Backing up the original image - 2025/01/Image10-updraft-pre-smush-original.jpg 
[2025-01-25 06:54:01 : INFO] - There were no WebP conversion tools found on your server. 
[2025-01-25 06:54:01 : INFO] - Successfully optimized the image - /srv/data/web/vhosts/amisdebourronmarlotte.fr/htdocs/wp-content/uploads/2025/01/Image10.jpg.Le fichier a été compressé de 54.66 KB à 35.80 KB, en économisant 34.49 % à l’aide de WP-Optimize 
[2025-01-25 06:54:01 : INFO] - Completed processing task with ID : 655, and type 'smush' 
[2025-01-25 06:54:01 : INFO] - Lock option (updraft_lock_smush, abm_options) released 
[2025-01-25 06:54:01 : INFO] - Successfully processed the queue (smush). 2 tasks were processed out of 2. 
[2025-01-25 06:54:01 : INFO] - Lock option (updraft_lock_smush, abm_options) was deleted from the database 
[2025-01-25 06:54:01 : INFO] - Cleaning up tasks of type (smush). A total of 1 tasks will be deleted. 
[2025-01-25 09:08:52 : INFO] - Re_Smush_It_Task with attachment ID : 2254, autocreated on : January 25, 2025 09:08:52 
[2025-01-25 09:14:05 : INFO] - A total of 1 tasks of type smush found and will be processed in this iteration 
[2025-01-25 09:14:05 : DEBUG] - Lock option (updraft_lock_smush, abm_options) was created in the database 
[2025-01-25 09:14:05 : INFO] - Lock (updraft_lock_smush, abm_options) acquired after initialising the database 
[2025-01-25 09:14:05 : INFO] - Processing task with ID : 656, and type 'smush' 
[2025-01-25 09:14:05 : INFO] - Re_Smush_It_Task with attachment ID : 2254, autocreated on : January 25, 2025 09:08:52 
[2025-01-25 09:14:05 : INFO] - File: Blason-Montgon.jpg, Compression quality: 85 
[2025-01-25 09:14:05 : INFO] - Backing up the original image - 2025/01/Blason-Montgon-updraft-pre-smush-original.jpg 
[2025-01-25 09:14:05 : INFO] - There were no WebP conversion tools found on your server. 
[2025-01-25 09:14:05 : INFO] - Successfully optimized the image - /srv/data/web/vhosts/amisdebourronmarlotte.fr/htdocs/wp-content/uploads/2025/01/Blason-Montgon.jpg.Le fichier a été compressé de 815.37 KB à 616.99 KB, en économisant 24.33 % à l’aide de WP-Optimize 
[2025-01-25 09:14:05 : INFO] - Completed processing task with ID : 656, and type 'smush' 
[2025-01-25 09:14:05 : INFO] - Lock option (updraft_lock_smush, abm_options) released 
[2025-01-25 09:14:05 : INFO] - Successfully processed the queue (smush). 1 tasks were processed out of 1. 
[2025-01-25 09:14:05 : INFO] - Lock option (updraft_lock_smush, abm_options) was deleted from the database 
[2025-01-25 09:14:05 : INFO] - Cleaning up tasks of type (smush). A total of 1 tasks will be deleted. 
[2025-02-03 14:55:29 : INFO] - Re_Smush_It_Task with attachment ID : 2261, autocreated on : February 03, 2025 02:55:29 
[2025-02-03 14:55:44 : INFO] - Re_Smush_It_Task with attachment ID : 2262, autocreated on : February 03, 2025 02:55:44 
[2025-02-03 14:57:01 : INFO] - Re_Smush_It_Task with attachment ID : 2263, autocreated on : February 03, 2025 02:57:01 
[2025-02-03 14:57:21 : INFO] - Re_Smush_It_Task with attachment ID : 2264, autocreated on : February 03, 2025 02:57:20 
[2025-02-03 14:59:42 : INFO] - Re_Smush_It_Task with attachment ID : 2266, autocreated on : February 03, 2025 02:59:42 
[2025-02-03 14:59:52 : INFO] - Re_Smush_It_Task with attachment ID : 2267, autocreated on : February 03, 2025 02:59:52 
[2025-02-03 15:00:03 : INFO] - Re_Smush_It_Task with attachment ID : 2269, autocreated on : February 03, 2025 03:00:03 
[2025-02-03 15:00:32 : INFO] - A total of 7 tasks of type smush found and will be processed in this iteration 
[2025-02-03 15:00:32 : DEBUG] - Lock option (updraft_lock_smush, abm_options) was created in the database 
[2025-02-03 15:00:32 : INFO] - Lock (updraft_lock_smush, abm_options) acquired after initialising the database 
[2025-02-03 15:00:32 : INFO] - Processing task with ID : 657, and type 'smush' 
[2025-02-03 15:00:32 : INFO] - Re_Smush_It_Task with attachment ID : 2261, autocreated on : February 03, 2025 02:55:29 
[2025-02-03 15:00:32 : INFO] - File: IMG_5783-scaled.jpg, Compression quality: 85 
[2025-02-03 15:00:33 : INFO] - Backing up the original image - 2024/02/IMG_5783-scaled-updraft-pre-smush-original.jpg 
[2025-02-03 15:00:34 : INFO] - There were no WebP conversion tools found on your server. 
[2025-02-03 15:00:34 : INFO] - Successfully optimized the image - /srv/data/web/vhosts/amisdebourronmarlotte.fr/htdocs/wp-content/uploads/2024/02/IMG_5783-scaled.jpg.Le fichier a été compressé de 671.65 KB à 652.31 KB, en économisant 2.88 % à l’aide de WP-Optimize 
[2025-02-03 15:00:34 : INFO] - Completed processing task with ID : 657, and type 'smush' 
[2025-02-03 15:00:34 : INFO] - Processing task with ID : 658, and type 'smush' 
[2025-02-03 15:00:34 : INFO] - Re_Smush_It_Task with attachment ID : 2262, autocreated on : February 03, 2025 02:55:44 
[2025-02-03 15:00:34 : INFO] - File: OBBY5486.jpg, Compression quality: 85 
[2025-02-03 15:00:35 : INFO] - Backing up the original image - 2024/02/OBBY5486-updraft-pre-smush-original.jpg 
[2025-02-03 15:00:38 : INFO] - There were no WebP conversion tools found on your server. 
[2025-02-03 15:00:38 : INFO] - Successfully optimized the image - /srv/data/web/vhosts/amisdebourronmarlotte.fr/htdocs/wp-content/uploads/2024/02/OBBY5486.jpg.Le fichier a été compressé de 303.62 KB à 303.62 KB, en économisant 0 % à l’aide de WP-Optimize 
[2025-02-03 15:00:38 : INFO] - Completed processing task with ID : 658, and type 'smush' 
[2025-02-03 15:00:38 : INFO] - Processing task with ID : 659, and type 'smush' 
[2025-02-03 15:00:38 : INFO] - Re_Smush_It_Task with attachment ID : 2263, autocreated on : February 03, 2025 02:57:01 
[2025-02-03 15:00:38 : INFO] - File: IMG_5783b-scaled.jpg, Compression quality: 85 
[2025-02-03 15:00:39 : INFO] - Backing up the original image - 2024/02/IMG_5783b-scaled-updraft-pre-smush-original.jpg 
[2025-02-03 15:00:42 : INFO] - There were no WebP conversion tools found on your server. 
[2025-02-03 15:00:42 : INFO] - Successfully optimized the image - /srv/data/web/vhosts/amisdebourronmarlotte.fr/htdocs/wp-content/uploads/2024/02/IMG_5783b-scaled.jpg.Le fichier a été compressé de 649.09 KB à 628.88 KB, en économisant 3.11 % à l’aide de WP-Optimize 
[2025-02-03 15:00:42 : INFO] - Completed processing task with ID : 659, and type 'smush' 
[2025-02-03 15:00:42 : INFO] - Processing task with ID : 660, and type 'smush' 
[2025-02-03 15:00:42 : INFO] - Re_Smush_It_Task with attachment ID : 2264, autocreated on : February 03, 2025 02:57:20 
[2025-02-03 15:00:42 : INFO] - File: Image1-1-scaled.jpg, Compression quality: 85 
[2025-02-03 15:00:43 : INFO] - Backing up the original image - 2024/02/Image1-1-scaled-updraft-pre-smush-original.jpg 
[2025-02-03 15:00:43 : INFO] - There were no WebP conversion tools found on your server. 
[2025-02-03 15:00:43 : INFO] - Successfully optimized the image - /srv/data/web/vhosts/amisdebourronmarlotte.fr/htdocs/wp-content/uploads/2024/02/Image1-1-scaled.jpg.Le fichier a été compressé de 420.62 KB à 413.67 KB, en économisant 1.65 % à l’aide de WP-Optimize 
[2025-02-03 15:00:43 : INFO] - Completed processing task with ID : 660, and type 'smush' 
[2025-02-03 15:00:43 : INFO] - Processing task with ID : 661, and type 'smush' 
[2025-02-03 15:00:43 : INFO] - Task with ID 661 and type (smush) failed with error code exceeded_max_filesize - /srv/data/web/vhosts/amisdebourronmarlotte.fr/htdocs/wp-content/uploads/2024/02/Image.jpg - cannot be optimized, file size is above service provider limit 
[2025-02-03 15:00:43 : INFO] - Processing task with ID : 662, and type 'smush' 
[2025-02-03 15:00:43 : INFO] - Task with ID 662 and type (smush) failed with error code exceeded_max_filesize - /srv/data/web/vhosts/amisdebourronmarlotte.fr/htdocs/wp-content/uploads/2024/02/sillons-et-quadrillages.jpg - cannot be optimized, file size is above service provider limit 
[2025-02-03 15:00:43 : INFO] - Processing task with ID : 663, and type 'smush' 
[2025-02-03 15:00:43 : INFO] - Re_Smush_It_Task with attachment ID : 2269, autocreated on : February 03, 2025 03:00:03 
[2025-02-03 15:00:43 : INFO] - File: BKQR9644.jpg, Compression quality: 85 
[2025-02-03 15:00:44 : INFO] - Backing up the original image - 2024/02/BKQR9644-updraft-pre-smush-original.jpg 
[2025-02-03 15:00:46 : INFO] - There were no WebP conversion tools found on your server. 
[2025-02-03 15:00:46 : INFO] - Successfully optimized the image - /srv/data/web/vhosts/amisdebourronmarlotte.fr/htdocs/wp-content/uploads/2024/02/BKQR9644.jpg.Le fichier a été compressé de 234.53 KB à 232.77 KB, en économisant 0.75 % à l’aide de WP-Optimize 
[2025-02-03 15:00:46 : INFO] - Completed processing task with ID : 663, and type 'smush' 
[2025-02-03 15:00:46 : INFO] - Lock option (updraft_lock_smush, abm_options) released 
[2025-02-03 15:00:46 : INFO] - Successfully processed the queue (smush). 7 tasks were processed out of 7. 
[2025-02-03 15:00:46 : INFO] - Lock option (updraft_lock_smush, abm_options) was deleted from the database 
[2025-02-03 15:00:46 : INFO] - Cleaning up tasks of type (smush). A total of 5 tasks will be deleted. 
[2025-02-03 15:02:47 : INFO] - Re_Smush_It_Task with attachment ID : 2272, autocreated on : February 03, 2025 03:02:47 
[2025-02-03 15:07:58 : INFO] - A total of 1 tasks of type smush found and will be processed in this iteration 
[2025-02-03 15:07:58 : DEBUG] - Lock option (updraft_lock_smush, abm_options) was created in the database 
[2025-02-03 15:07:58 : INFO] - Lock (updraft_lock_smush, abm_options) acquired after initialising the database 
[2025-02-03 15:07:58 : INFO] - Processing task with ID : 664, and type 'smush' 
[2025-02-03 15:07:58 : INFO] - Re_Smush_It_Task with attachment ID : 2272, autocreated on : February 03, 2025 03:02:47 
[2025-02-03 15:07:58 : INFO] - File: IMG_5782.jpg, Compression quality: 85 
[2025-02-03 15:07:59 : INFO] - Backing up the original image - 2024/02/IMG_5782-updraft-pre-smush-original.jpg 
[2025-02-03 15:07:59 : INFO] - There were no WebP conversion tools found on your server. 
[2025-02-03 15:07:59 : INFO] - Successfully optimized the image - /srv/data/web/vhosts/amisdebourronmarlotte.fr/htdocs/wp-content/uploads/2024/02/IMG_5782.jpg.Le fichier a été compressé de 1.91 MB à 1.59 MB, en économisant 16.72 % à l’aide de WP-Optimize 
[2025-02-03 15:07:59 : INFO] - Completed processing task with ID : 664, and type 'smush' 
[2025-02-03 15:07:59 : INFO] - Lock option (updraft_lock_smush, abm_options) released 
[2025-02-03 15:07:59 : INFO] - Successfully processed the queue (smush). 1 tasks were processed out of 1. 
[2025-02-03 15:07:59 : INFO] - Lock option (updraft_lock_smush, abm_options) was deleted from the database 
[2025-02-03 15:07:59 : INFO] - Cleaning up tasks of type (smush). A total of 1 tasks will be deleted. 
[2025-02-04 08:38:02 : INFO] - Re_Smush_It_Task with attachment ID : 2276, autocreated on : February 04, 2025 08:38:02 
[2025-02-04 08:43:07 : INFO] - A total of 1 tasks of type smush found and will be processed in this iteration 
[2025-02-04 08:43:07 : DEBUG] - Lock option (updraft_lock_smush, abm_options) was created in the database 
[2025-02-04 08:43:07 : INFO] - Lock (updraft_lock_smush, abm_options) acquired after initialising the database 
[2025-02-04 08:43:07 : INFO] - Processing task with ID : 665, and type 'smush' 
[2025-02-04 08:43:07 : INFO] - Re_Smush_It_Task with attachment ID : 2276, autocreated on : February 04, 2025 08:38:02 
[2025-02-04 08:43:07 : INFO] - File: Image1-1.jpg, Compression quality: 85 
[2025-02-04 08:43:08 : INFO] - Backing up the original image - 2025/01/Image1-1-updraft-pre-smush-original.jpg 
[2025-02-04 08:43:09 : INFO] - There were no WebP conversion tools found on your server. 
[2025-02-04 08:43:09 : INFO] - Successfully optimized the image - /srv/data/web/vhosts/amisdebourronmarlotte.fr/htdocs/wp-content/uploads/2025/01/Image1-1.jpg.Le fichier a été compressé de 32.03 KB à 24.99 KB, en économisant 21.97 % à l’aide de WP-Optimize 
[2025-02-04 08:43:09 : INFO] - Completed processing task with ID : 665, and type 'smush' 
[2025-02-04 08:43:09 : INFO] - Lock option (updraft_lock_smush, abm_options) released 
[2025-02-04 08:43:09 : INFO] - Successfully processed the queue (smush). 1 tasks were processed out of 1. 
[2025-02-04 08:43:09 : INFO] - Lock option (updraft_lock_smush, abm_options) was deleted from the database 
[2025-02-04 08:43:09 : INFO] - Cleaning up tasks of type (smush). A total of 1 tasks will be deleted. 
[2025-02-09 12:28:42 : INFO] - Re_Smush_It_Task with attachment ID : 2279, autocreated on : February 09, 2025 12:28:42 
[2025-02-09 12:29:02 : INFO] - Re_Smush_It_Task with attachment ID : 2280, autocreated on : February 09, 2025 12:29:02 
[2025-02-09 12:29:47 : INFO] - Re_Smush_It_Task with attachment ID : 2281, autocreated on : February 09, 2025 12:29:47 
[2025-02-09 12:30:04 : INFO] - Re_Smush_It_Task with attachment ID : 2282, autocreated on : February 09, 2025 12:30:04 
[2025-02-09 12:33:46 : INFO] - A total of 4 tasks of type smush found and will be processed in this iteration 
[2025-02-09 12:33:46 : DEBUG] - Lock option (updraft_lock_smush, abm_options) was created in the database 
[2025-02-09 12:33:46 : INFO] - Lock (updraft_lock_smush, abm_options) acquired after initialising the database 
[2025-02-09 12:33:46 : INFO] - Processing task with ID : 666, and type 'smush' 
[2025-02-09 12:33:46 : INFO] - Re_Smush_It_Task with attachment ID : 2279, autocreated on : February 09, 2025 12:28:42 
[2025-02-09 12:33:46 : INFO] - File: Image4.jpg, Compression quality: 85 
[2025-02-09 12:33:47 : INFO] - Backing up the original image - 2025/02/Image4-updraft-pre-smush-original.jpg 
[2025-02-09 12:33:49 : INFO] - There were no WebP conversion tools found on your server. 
[2025-02-09 12:33:49 : INFO] - Successfully optimized the image - /srv/data/web/vhosts/amisdebourronmarlotte.fr/htdocs/wp-content/uploads/2025/02/Image4.jpg.Le fichier a été compressé de 177.50 KB à 147.37 KB, en économisant 16.98 % à l’aide de WP-Optimize 
[2025-02-09 12:33:49 : INFO] - Completed processing task with ID : 666, and type 'smush' 
[2025-02-09 12:33:49 : INFO] - Processing task with ID : 667, and type 'smush' 
[2025-02-09 12:33:49 : INFO] - Re_Smush_It_Task with attachment ID : 2280, autocreated on : February 09, 2025 12:29:02 
[2025-02-09 12:33:49 : INFO] - File: IMG_58321.jpg, Compression quality: 85 
[2025-02-09 12:33:50 : INFO] - Backing up the original image - 2025/02/IMG_58321-updraft-pre-smush-original.jpg 
[2025-02-09 12:33:50 : INFO] - There were no WebP conversion tools found on your server. 
[2025-02-09 12:33:50 : INFO] - Successfully optimized the image - /srv/data/web/vhosts/amisdebourronmarlotte.fr/htdocs/wp-content/uploads/2025/02/IMG_58321.jpg.Le fichier a été compressé de 1.97 MB à 1.62 MB, en économisant 17.68 % à l’aide de WP-Optimize 
[2025-02-09 12:33:50 : INFO] - Completed processing task with ID : 667, and type 'smush' 
[2025-02-09 12:33:50 : INFO] - Processing task with ID : 668, and type 'smush' 
[2025-02-09 12:33:50 : INFO] - Re_Smush_It_Task with attachment ID : 2281, autocreated on : February 09, 2025 12:29:47 
[2025-02-09 12:33:50 : INFO] - File: Lete-scaled.jpg, Compression quality: 85 
[2025-02-09 12:33:51 : INFO] - Backing up the original image - 2025/02/Lete-scaled-updraft-pre-smush-original.jpg 
[2025-02-09 12:33:54 : INFO] - There were no WebP conversion tools found on your server. 
[2025-02-09 12:33:54 : INFO] - Successfully optimized the image - /srv/data/web/vhosts/amisdebourronmarlotte.fr/htdocs/wp-content/uploads/2025/02/Lete-scaled.jpg.Le fichier a été compressé de 451.62 KB à 441.42 KB, en économisant 2.26 % à l’aide de WP-Optimize 
[2025-02-09 12:33:54 : INFO] - Completed processing task with ID : 668, and type 'smush' 
[2025-02-09 12:33:54 : INFO] - Processing task with ID : 669, and type 'smush' 
[2025-02-09 12:33:54 : INFO] - Re_Smush_It_Task with attachment ID : 2282, autocreated on : February 09, 2025 12:30:04 
[2025-02-09 12:33:54 : INFO] - File: Rebecca-a-la-fontaine-1896-scaled.jpg, Compression quality: 85 
[2025-02-09 12:33:55 : INFO] - Backing up the original image - 2025/02/Rebecca-a-la-fontaine-1896-scaled-updraft-pre-smush-original.jpg 
[2025-02-09 12:33:55 : INFO] - There were no WebP conversion tools found on your server. 
[2025-02-09 12:33:55 : INFO] - Successfully optimized the image - /srv/data/web/vhosts/amisdebourronmarlotte.fr/htdocs/wp-content/uploads/2025/02/Rebecca-a-la-fontaine-1896-scaled.jpg.Le fichier a été compressé de 445.03 KB à 433.75 KB, en économisant 2.53 % à l’aide de WP-Optimize 
[2025-02-09 12:33:55 : INFO] - Completed processing task with ID : 669, and type 'smush' 
[2025-02-09 12:33:55 : INFO] - Lock option (updraft_lock_smush, abm_options) released 
[2025-02-09 12:33:55 : INFO] - Successfully processed the queue (smush). 4 tasks were processed out of 4. 
[2025-02-09 12:33:55 : INFO] - Lock option (updraft_lock_smush, abm_options) was deleted from the database 
[2025-02-09 12:33:55 : INFO] - Cleaning up tasks of type (smush). A total of 4 tasks will be deleted. 
[2025-02-09 12:34:03 : INFO] - Re_Smush_It_Task with attachment ID : 2283, autocreated on : February 09, 2025 12:34:03 
[2025-02-09 12:43:50 : INFO] - A total of 1 tasks of type smush found and will be processed in this iteration 
[2025-02-09 12:43:50 : DEBUG] - Lock option (updraft_lock_smush, abm_options) was created in the database 
[2025-02-09 12:43:50 : INFO] - Lock (updraft_lock_smush, abm_options) acquired after initialising the database 
[2025-02-09 12:43:50 : INFO] - Processing task with ID : 670, and type 'smush' 
[2025-02-09 12:43:50 : INFO] - Re_Smush_It_Task with attachment ID : 2283, autocreated on : February 09, 2025 12:34:03 
[2025-02-09 12:43:50 : INFO] - File: IMG_58291.jpg, Compression quality: 85 
[2025-02-09 12:43:51 : INFO] - Backing up the original image - 2025/02/IMG_58291-updraft-pre-smush-original.jpg 
[2025-02-09 12:43:51 : INFO] - There were no WebP conversion tools found on your server. 
[2025-02-09 12:43:51 : INFO] - Successfully optimized the image - /srv/data/web/vhosts/amisdebourronmarlotte.fr/htdocs/wp-content/uploads/2025/02/IMG_58291.jpg.Le fichier a été compressé de 1.87 MB à 1.53 MB, en économisant 18.1 % à l’aide de WP-Optimize 
[2025-02-09 12:43:51 : INFO] - Completed processing task with ID : 670, and type 'smush' 
[2025-02-09 12:43:51 : INFO] - Lock option (updraft_lock_smush, abm_options) released 
[2025-02-09 12:43:51 : INFO] - Successfully processed the queue (smush). 1 tasks were processed out of 1. 
[2025-02-09 12:43:51 : INFO] - Lock option (updraft_lock_smush, abm_options) was deleted from the database 
[2025-02-09 12:43:51 : INFO] - Cleaning up tasks of type (smush). A total of 1 tasks will be deleted. 
[2025-03-02 16:09:44 : INFO] - Re_Smush_It_Task with attachment ID : 2294, autocreated on : March 02, 2025 04:09:44 
[2025-03-02 16:14:46 : INFO] - A total of 1 tasks of type smush found and will be processed in this iteration 
[2025-03-02 16:14:46 : DEBUG] - Lock option (updraft_lock_smush, abm_options) was created in the database 
[2025-03-02 16:14:46 : INFO] - Lock (updraft_lock_smush, abm_options) acquired after initialising the database 
[2025-03-02 16:14:46 : INFO] - Processing task with ID : 671, and type 'smush' 
[2025-03-02 16:14:46 : INFO] - Re_Smush_It_Task with attachment ID : 2294, autocreated on : March 02, 2025 04:09:44 
[2025-03-02 16:14:46 : INFO] - File: Image1.jpg, Compression quality: 85 
[2025-03-02 16:14:46 : INFO] - Backing up the original image - 2025/03/Image1-updraft-pre-smush-original.jpg 
[2025-03-02 16:14:47 : INFO] - There were no WebP conversion tools found on your server. 
[2025-03-02 16:14:47 : INFO] - Successfully optimized the image - /srv/data/web/vhosts/amisdebourronmarlotte.fr/htdocs/wp-content/uploads/2025/03/Image1.jpg.Le fichier a été compressé de 77.62 KB à 62.58 KB, en économisant 19.38 % à l’aide de WP-Optimize 
[2025-03-02 16:14:47 : INFO] - Completed processing task with ID : 671, and type 'smush' 
[2025-03-02 16:14:47 : INFO] - Lock option (updraft_lock_smush, abm_options) released 
[2025-03-02 16:14:47 : INFO] - Successfully processed the queue (smush). 1 tasks were processed out of 1. 
[2025-03-02 16:14:47 : INFO] - Lock option (updraft_lock_smush, abm_options) was deleted from the database 
[2025-03-02 16:14:47 : INFO] - Cleaning up tasks of type (smush). A total of 1 tasks will be deleted. 
[2025-03-02 16:17:08 : INFO] - Re_Smush_It_Task with attachment ID : 2297, autocreated on : March 02, 2025 04:17:08 
[2025-03-02 16:23:09 : INFO] - Re_Smush_It_Task with attachment ID : 2299, autocreated on : March 02, 2025 04:23:09 
[2025-03-02 16:24:47 : INFO] - A total of 2 tasks of type smush found and will be processed in this iteration 
[2025-03-02 16:24:47 : DEBUG] - Lock option (updraft_lock_smush, abm_options) was created in the database 
[2025-03-02 16:24:47 : INFO] - Lock (updraft_lock_smush, abm_options) acquired after initialising the database 
[2025-03-02 16:24:47 : INFO] - Processing task with ID : 672, and type 'smush' 
[2025-03-02 16:24:47 : INFO] - Re_Smush_It_Task with attachment ID : 2297, autocreated on : March 02, 2025 04:17:08 
[2025-03-02 16:24:47 : INFO] - File: Image2.jpg, Compression quality: 85 
[2025-03-02 16:24:47 : INFO] - Backing up the original image - 2025/03/Image2-updraft-pre-smush-original.jpg 
[2025-03-02 16:24:48 : INFO] - There were no WebP conversion tools found on your server. 
[2025-03-02 16:24:48 : INFO] - Successfully optimized the image - /srv/data/web/vhosts/amisdebourronmarlotte.fr/htdocs/wp-content/uploads/2025/03/Image2.jpg.Le fichier a été compressé de 27.40 KB à 21.45 KB, en économisant 21.73 % à l’aide de WP-Optimize 
[2025-03-02 16:24:48 : INFO] - Completed processing task with ID : 672, and type 'smush' 
[2025-03-02 16:24:48 : INFO] - Processing task with ID : 673, and type 'smush' 
[2025-03-02 16:24:48 : INFO] - Re_Smush_It_Task with attachment ID : 2299, autocreated on : March 02, 2025 04:23:09 
[2025-03-02 16:24:48 : INFO] - File: Image3.jpg, Compression quality: 85 
[2025-03-02 16:24:48 : INFO] - Backing up the original image - 2025/03/Image3-updraft-pre-smush-original.jpg 
[2025-03-02 16:24:49 : INFO] - There were no WebP conversion tools found on your server. 
[2025-03-02 16:24:49 : INFO] - Successfully optimized the image - /srv/data/web/vhosts/amisdebourronmarlotte.fr/htdocs/wp-content/uploads/2025/03/Image3.jpg.Le fichier a été compressé de 158.26 KB à 127.26 KB, en économisant 19.59 % à l’aide de WP-Optimize 
[2025-03-02 16:24:49 : INFO] - Completed processing task with ID : 673, and type 'smush' 
[2025-03-02 16:24:49 : INFO] - Lock option (updraft_lock_smush, abm_options) released 
[2025-03-02 16:24:49 : INFO] - Successfully processed the queue (smush). 2 tasks were processed out of 2. 
[2025-03-02 16:24:49 : INFO] - Lock option (updraft_lock_smush, abm_options) was deleted from the database 
[2025-03-02 16:24:49 : INFO] - Cleaning up tasks of type (smush). A total of 2 tasks will be deleted. 
[2025-03-02 16:34:17 : INFO] - Re_Smush_It_Task with attachment ID : 2301, autocreated on : March 02, 2025 04:34:17 
[2025-03-02 16:34:49 : INFO] - A total of 1 tasks of type smush found and will be processed in this iteration 
[2025-03-02 16:34:49 : DEBUG] - Lock option (updraft_lock_smush, abm_options) was created in the database 
[2025-03-02 16:34:49 : INFO] - Lock (updraft_lock_smush, abm_options) acquired after initialising the database 
[2025-03-02 16:34:49 : INFO] - Processing task with ID : 674, and type 'smush' 
[2025-03-02 16:34:49 : INFO] - Re_Smush_It_Task with attachment ID : 2301, autocreated on : March 02, 2025 04:34:17 
[2025-03-02 16:34:49 : INFO] - File: Napoleon_Marie_Louise_Marriage2.jpeg, Compression quality: 85 
[2025-03-02 16:34:49 : INFO] - Backing up the original image - 2025/03/Napoleon_Marie_Louise_Marriage2-updraft-pre-smush-original.jpeg 
[2025-03-02 16:34:51 : INFO] - There were no WebP conversion tools found on your server. 
[2025-03-02 16:34:51 : INFO] - Successfully optimized the image - /srv/data/web/vhosts/amisdebourronmarlotte.fr/htdocs/wp-content/uploads/2025/03/Napoleon_Marie_Louise_Marriage2.jpeg.Le fichier a été compressé de 143.24 KB à 107.88 KB, en économisant 24.68 % à l’aide de WP-Optimize 
[2025-03-02 16:34:51 : INFO] - Completed processing task with ID : 674, and type 'smush' 
[2025-03-02 16:34:51 : INFO] - Lock option (updraft_lock_smush, abm_options) released 
[2025-03-02 16:34:51 : INFO] - Successfully processed the queue (smush). 1 tasks were processed out of 1. 
[2025-03-02 16:34:51 : INFO] - Lock option (updraft_lock_smush, abm_options) was deleted from the database 
[2025-03-02 16:34:51 : INFO] - Cleaning up tasks of type (smush). A total of 1 tasks will be deleted. 
[2025-03-03 09:21:08 : INFO] - Re_Smush_It_Task with attachment ID : 2311, autocreated on : March 03, 2025 09:21:08 
[2025-03-03 09:26:12 : INFO] - A total of 1 tasks of type smush found and will be processed in this iteration 
[2025-03-03 09:26:12 : DEBUG] - Lock option (updraft_lock_smush, abm_options) was created in the database 
[2025-03-03 09:26:12 : INFO] - Lock (updraft_lock_smush, abm_options) acquired after initialising the database 
[2025-03-03 09:26:12 : INFO] - Processing task with ID : 675, and type 'smush' 
[2025-03-03 09:26:12 : INFO] - Re_Smush_It_Task with attachment ID : 2311, autocreated on : March 03, 2025 09:21:08 
[2025-03-03 09:26:12 : INFO] - File: Image1-1.jpg, Compression quality: 85 
[2025-03-03 09:26:12 : INFO] - Backing up the original image - 2025/03/Image1-1-updraft-pre-smush-original.jpg 
[2025-03-03 09:26:14 : INFO] - There were no WebP conversion tools found on your server. 
[2025-03-03 09:26:14 : INFO] - Successfully optimized the image - /srv/data/web/vhosts/amisdebourronmarlotte.fr/htdocs/wp-content/uploads/2025/03/Image1-1.jpg.Le fichier a été compressé de 214.44 KB à 167.54 KB, en économisant 21.87 % à l’aide de WP-Optimize 
[2025-03-03 09:26:14 : INFO] - Completed processing task with ID : 675, and type 'smush' 
[2025-03-03 09:26:14 : INFO] - Lock option (updraft_lock_smush, abm_options) released 
[2025-03-03 09:26:14 : INFO] - Successfully processed the queue (smush). 1 tasks were processed out of 1. 
[2025-03-03 09:26:14 : INFO] - Lock option (updraft_lock_smush, abm_options) was deleted from the database 
[2025-03-03 09:26:14 : INFO] - Cleaning up tasks of type (smush). A total of 1 tasks will be deleted. 
[2025-03-06 09:21:35 : INFO] - Re_Smush_It_Task with attachment ID : 2319, autocreated on : March 06, 2025 09:21:35 
[2025-03-06 09:22:05 : INFO] - Re_Smush_It_Task with attachment ID : 2320, autocreated on : March 06, 2025 09:22:05 
[2025-03-06 09:22:57 : INFO] - Re_Smush_It_Task with attachment ID : 2321, autocreated on : March 06, 2025 09:22:57 
[2025-03-06 09:23:08 : INFO] - Re_Smush_It_Task with attachment ID : 2322, autocreated on : March 06, 2025 09:23:08 
[2025-03-06 09:24:03 : INFO] - Re_Smush_It_Task with attachment ID : 2323, autocreated on : March 06, 2025 09:24:03 
[2025-03-06 09:24:11 : INFO] - Re_Smush_It_Task with attachment ID : 2324, autocreated on : March 06, 2025 09:24:11 
[2025-03-06 09:25:49 : INFO] - Re_Smush_It_Task with attachment ID : 2325, autocreated on : March 06, 2025 09:25:49 
[2025-03-06 09:26:03 : INFO] - Re_Smush_It_Task with attachment ID : 2326, autocreated on : March 06, 2025 09:26:03 
[2025-03-06 09:27:41 : INFO] - A total of 8 tasks of type smush found and will be processed in this iteration 
[2025-03-06 09:27:41 : DEBUG] - Lock option (updraft_lock_smush, abm_options) was created in the database 
[2025-03-06 09:27:41 : INFO] - Lock (updraft_lock_smush, abm_options) acquired after initialising the database 
[2025-03-06 09:27:41 : INFO] - Processing task with ID : 676, and type 'smush' 
[2025-03-06 09:27:41 : INFO] - Re_Smush_It_Task with attachment ID : 2319, autocreated on : March 06, 2025 09:21:35 
[2025-03-06 09:27:41 : INFO] - File: 1IMG_1634.jpg, Compression quality: 85 
[2025-03-06 09:27:43 : INFO] - Backing up the original image - 2025/03/1IMG_1634-updraft-pre-smush-original.jpg 
[2025-03-06 09:27:43 : INFO] - There were no WebP conversion tools found on your server. 
[2025-03-06 09:27:43 : INFO] - Successfully optimized the image - /srv/data/web/vhosts/amisdebourronmarlotte.fr/htdocs/wp-content/uploads/2025/03/1IMG_1634.jpg.Le fichier a été compressé de 4.34 MB à 2.52 MB, en économisant 42.02 % à l’aide de WP-Optimize 
[2025-03-06 09:27:43 : INFO] - Completed processing task with ID : 676, and type 'smush' 
[2025-03-06 09:27:43 : INFO] - Processing task with ID : 677, and type 'smush' 
[2025-03-06 09:27:43 : INFO] - Task with ID 677 and type (smush) failed with error code exceeded_max_filesize - /srv/data/web/vhosts/amisdebourronmarlotte.fr/htdocs/wp-content/uploads/2025/03/2IMG_1267.jpg - cannot be optimized, file size is above service provider limit 
[2025-03-06 09:27:43 : INFO] - Processing task with ID : 678, and type 'smush' 
[2025-03-06 09:27:43 : INFO] - Task with ID 678 and type (smush) failed with error code exceeded_max_filesize - /srv/data/web/vhosts/amisdebourronmarlotte.fr/htdocs/wp-content/uploads/2025/03/0IMG_1262.jpg - cannot be optimized, file size is above service provider limit 
[2025-03-06 09:27:43 : INFO] - Processing task with ID : 679, and type 'smush' 
[2025-03-06 09:27:43 : INFO] - Task with ID 679 and type (smush) failed with error code exceeded_max_filesize - /srv/data/web/vhosts/amisdebourronmarlotte.fr/htdocs/wp-content/uploads/2025/03/4IMG_1287.jpg - cannot be optimized, file size is above service provider limit 
[2025-03-06 09:27:43 : INFO] - Processing task with ID : 680, and type 'smush' 
[2025-03-06 09:27:43 : INFO] - Re_Smush_It_Task with attachment ID : 2323, autocreated on : March 06, 2025 09:24:03 
[2025-03-06 09:27:43 : INFO] - File: 5IMG_1662.jpg, Compression quality: 85 
[2025-03-06 09:27:44 : INFO] - Backing up the original image - 2025/03/5IMG_1662-updraft-pre-smush-original.jpg 
[2025-03-06 09:27:45 : INFO] - There were no WebP conversion tools found on your server. 
[2025-03-06 09:27:45 : INFO] - Successfully optimized the image - /srv/data/web/vhosts/amisdebourronmarlotte.fr/htdocs/wp-content/uploads/2025/03/5IMG_1662.jpg.Le fichier a été compressé de 3.96 MB à 2.16 MB, en économisant 45.58 % à l’aide de WP-Optimize 
[2025-03-06 09:27:45 : INFO] - Completed processing task with ID : 680, and type 'smush' 
[2025-03-06 09:27:45 : INFO] - Processing task with ID : 681, and type 'smush' 
[2025-03-06 09:27:45 : INFO] - Re_Smush_It_Task with attachment ID : 2324, autocreated on : March 06, 2025 09:24:11 
[2025-03-06 09:27:45 : INFO] - File: 11IMG_1686-scaled.jpg, Compression quality: 85 
[2025-03-06 09:27:46 : INFO] - Backing up the original image - 2025/03/11IMG_1686-scaled-updraft-pre-smush-original.jpg 
[2025-03-06 09:27:47 : INFO] - There were no WebP conversion tools found on your server. 
[2025-03-06 09:27:47 : INFO] - Successfully optimized the image - /srv/data/web/vhosts/amisdebourronmarlotte.fr/htdocs/wp-content/uploads/2025/03/11IMG_1686-scaled.jpg.Le fichier a été compressé de 783.35 KB à 756.62 KB, en économisant 3.41 % à l’aide de WP-Optimize 
[2025-03-06 09:27:47 : INFO] - Completed processing task with ID : 681, and type 'smush' 
[2025-03-06 09:27:47 : INFO] - Processing task with ID : 682, and type 'smush' 
[2025-03-06 09:27:47 : INFO] - Re_Smush_It_Task with attachment ID : 2325, autocreated on : March 06, 2025 09:25:49 
[2025-03-06 09:27:47 : INFO] - File: 8IMG_1628-scaled.jpg, Compression quality: 85 
[2025-03-06 09:27:48 : INFO] - Backing up the original image - 2025/03/8IMG_1628-scaled-updraft-pre-smush-original.jpg 
[2025-03-06 09:27:48 : INFO] - There were no WebP conversion tools found on your server. 
[2025-03-06 09:27:48 : INFO] - Successfully optimized the image - /srv/data/web/vhosts/amisdebourronmarlotte.fr/htdocs/wp-content/uploads/2025/03/8IMG_1628-scaled.jpg.Le fichier a été compressé de 1.20 MB à 1.17 MB, en économisant 2.38 % à l’aide de WP-Optimize 
[2025-03-06 09:27:48 : INFO] - Completed processing task with ID : 682, and type 'smush' 
[2025-03-06 09:27:48 : INFO] - Processing task with ID : 683, and type 'smush' 
[2025-03-06 09:27:48 : INFO] - Re_Smush_It_Task with attachment ID : 2326, autocreated on : March 06, 2025 09:26:03 
[2025-03-06 09:27:48 : INFO] - File: 3IMG_1281-scaled.jpg, Compression quality: 85 
[2025-03-06 09:27:49 : INFO] - Backing up the original image - 2025/03/3IMG_1281-scaled-updraft-pre-smush-original.jpg 
[2025-03-06 09:27:49 : INFO] - There were no WebP conversion tools found on your server. 
[2025-03-06 09:27:49 : INFO] - Successfully optimized the image - /srv/data/web/vhosts/amisdebourronmarlotte.fr/htdocs/wp-content/uploads/2025/03/3IMG_1281-scaled.jpg.Le fichier a été compressé de 1.62 MB à 1.57 MB, en économisant 2.9 % à l’aide de WP-Optimize 
[2025-03-06 09:27:49 : INFO] - Completed processing task with ID : 683, and type 'smush' 
[2025-03-06 09:27:49 : INFO] - Lock option (updraft_lock_smush, abm_options) released 
[2025-03-06 09:27:49 : INFO] - Successfully processed the queue (smush). 8 tasks were processed out of 8. 
[2025-03-06 09:27:49 : INFO] - Lock option (updraft_lock_smush, abm_options) was deleted from the database 
[2025-03-06 09:27:49 : INFO] - Cleaning up tasks of type (smush). A total of 5 tasks will be deleted. 
[2025-03-06 09:27:52 : INFO] - Re_Smush_It_Task with attachment ID : 2327, autocreated on : March 06, 2025 09:27:52 
[2025-03-06 09:28:50 : INFO] - Re_Smush_It_Task with attachment ID : 2328, autocreated on : March 06, 2025 09:28:50 
[2025-03-06 09:30:50 : INFO] - Re_Smush_It_Task with attachment ID : 2330, autocreated on : March 06, 2025 09:30:50 
[2025-03-06 09:33:22 : INFO] - Re_Smush_It_Task with attachment ID : 2332, autocreated on : March 06, 2025 09:33:22 
[2025-03-06 09:37:41 : INFO] - A total of 4 tasks of type smush found and will be processed in this iteration 
[2025-03-06 09:37:41 : DEBUG] - Lock option (updraft_lock_smush, abm_options) was created in the database 
[2025-03-06 09:37:41 : INFO] - Lock (updraft_lock_smush, abm_options) acquired after initialising the database 
[2025-03-06 09:37:41 : INFO] - Processing task with ID : 684, and type 'smush' 
[2025-03-06 09:37:41 : INFO] - Re_Smush_It_Task with attachment ID : 2327, autocreated on : March 06, 2025 09:27:52 
[2025-03-06 09:37:41 : INFO] - File: 10IMG_1290B.jpg, Compression quality: 85 
[2025-03-06 09:37:43 : INFO] - Backing up the original image - 2025/03/10IMG_1290B-updraft-pre-smush-original.jpg 
[2025-03-06 09:37:47 : INFO] - There were no WebP conversion tools found on your server. 
[2025-03-06 09:37:47 : INFO] - Successfully optimized the image - /srv/data/web/vhosts/amisdebourronmarlotte.fr/htdocs/wp-content/uploads/2025/03/10IMG_1290B.jpg.Le fichier a été compressé de 1.63 MB à 1.27 MB, en économisant 22.39 % à l’aide de WP-Optimize 
[2025-03-06 09:37:47 : INFO] - Completed processing task with ID : 684, and type 'smush' 
[2025-03-06 09:37:47 : INFO] - Processing task with ID : 685, and type 'smush' 
[2025-03-06 09:37:47 : INFO] - Re_Smush_It_Task with attachment ID : 2328, autocreated on : March 06, 2025 09:28:50 
[2025-03-06 09:37:47 : INFO] - File: 12IMG_1298.jpg, Compression quality: 85 
[2025-03-06 09:37:49 : INFO] - Backing up the original image - 2025/03/12IMG_1298-updraft-pre-smush-original.jpg 
[2025-03-06 09:37:49 : INFO] - There were no WebP conversion tools found on your server. 
[2025-03-06 09:37:49 : INFO] - Successfully optimized the image - /srv/data/web/vhosts/amisdebourronmarlotte.fr/htdocs/wp-content/uploads/2025/03/12IMG_1298.jpg.Le fichier a été compressé de 4.93 MB à 2.24 MB, en économisant 54.5 % à l’aide de WP-Optimize 
[2025-03-06 09:37:49 : INFO] - Completed processing task with ID : 685, and type 'smush' 
[2025-03-06 09:37:49 : INFO] - Processing task with ID : 686, and type 'smush' 
[2025-03-06 09:37:49 : INFO] - Re_Smush_It_Task with attachment ID : 2330, autocreated on : March 06, 2025 09:30:50 
[2025-03-06 09:37:49 : INFO] - File: 9IMG_1645-scaled.jpg, Compression quality: 85 
[2025-03-06 09:37:50 : INFO] - Backing up the original image - 2025/03/9IMG_1645-scaled-updraft-pre-smush-original.jpg 
[2025-03-06 09:37:54 : INFO] - There were no WebP conversion tools found on your server. 
[2025-03-06 09:37:54 : INFO] - Successfully optimized the image - /srv/data/web/vhosts/amisdebourronmarlotte.fr/htdocs/wp-content/uploads/2025/03/9IMG_1645-scaled.jpg.Le fichier a été compressé de 686.86 KB à 671.73 KB, en économisant 2.2 % à l’aide de WP-Optimize 
[2025-03-06 09:37:54 : INFO] - Completed processing task with ID : 686, and type 'smush' 
[2025-03-06 09:37:54 : INFO] - Processing task with ID : 687, and type 'smush' 
[2025-03-06 09:37:54 : INFO] - Re_Smush_It_Task with attachment ID : 2332, autocreated on : March 06, 2025 09:33:22 
[2025-03-06 09:37:54 : INFO] - File: 9IMG_1645-1-scaled.jpg, Compression quality: 85 
[2025-03-06 09:37:54 : INFO] - Backing up the original image - 2025/03/9IMG_1645-1-scaled-updraft-pre-smush-original.jpg 
[2025-03-06 09:37:57 : INFO] - There were no WebP conversion tools found on your server. 
[2025-03-06 09:37:58 : INFO] - Successfully optimized the image - /srv/data/web/vhosts/amisdebourronmarlotte.fr/htdocs/wp-content/uploads/2025/03/9IMG_1645-1-scaled.jpg.Le fichier a été compressé de 464.76 KB à 454.25 KB, en économisant 2.26 % à l’aide de WP-Optimize 
[2025-03-06 09:37:58 : INFO] - Completed processing task with ID : 687, and type 'smush' 
[2025-03-06 09:37:58 : INFO] - Lock option (updraft_lock_smush, abm_options) released 
[2025-03-06 09:37:58 : INFO] - Successfully processed the queue (smush). 4 tasks were processed out of 4. 
[2025-03-06 09:37:58 : INFO] - Lock option (updraft_lock_smush, abm_options) was deleted from the database 
[2025-03-06 09:37:58 : INFO] - Cleaning up tasks of type (smush). A total of 4 tasks will be deleted. 
[2025-03-06 09:40:22 : INFO] - Re_Smush_It_Task with attachment ID : 2335, autocreated on : March 06, 2025 09:40:21 
[2025-03-06 09:53:36 : INFO] - A total of 1 tasks of type smush found and will be processed in this iteration 
[2025-03-06 09:53:36 : DEBUG] - Lock option (updraft_lock_smush, abm_options) was created in the database 
[2025-03-06 09:53:36 : INFO] - Lock (updraft_lock_smush, abm_options) acquired after initialising the database 
[2025-03-06 09:53:36 : INFO] - Processing task with ID : 688, and type 'smush' 
[2025-03-06 09:53:36 : INFO] - Re_Smush_It_Task with attachment ID : 2335, autocreated on : March 06, 2025 09:40:21 
[2025-03-06 09:53:36 : INFO] - File: 9IMG_1645-2-scaled.jpg, Compression quality: 85 
[2025-03-06 09:53:37 : INFO] - Backing up the original image - 2025/03/9IMG_1645-2-scaled-updraft-pre-smush-original.jpg 
[2025-03-06 09:53:38 : INFO] - There were no WebP conversion tools found on your server. 
[2025-03-06 09:53:38 : INFO] - Successfully optimized the image - /srv/data/web/vhosts/amisdebourronmarlotte.fr/htdocs/wp-content/uploads/2025/03/9IMG_1645-2-scaled.jpg.Le fichier a été compressé de 1.27 MB à 1.25 MB, en économisant 1.81 % à l’aide de WP-Optimize 
[2025-03-06 09:53:38 : INFO] - Completed processing task with ID : 688, and type 'smush' 
[2025-03-06 09:53:38 : INFO] - Lock option (updraft_lock_smush, abm_options) released 
[2025-03-06 09:53:38 : INFO] - Successfully processed the queue (smush). 1 tasks were processed out of 1. 
[2025-03-06 09:53:38 : INFO] - Lock option (updraft_lock_smush, abm_options) was deleted from the database 
[2025-03-06 09:53:38 : INFO] - Cleaning up tasks of type (smush). A total of 1 tasks will be deleted. 
[2025-03-18 08:34:13 : INFO] - Re_Smush_It_Task with attachment ID : 2350, autocreated on : March 18, 2025 08:34:13 
[2025-03-18 08:40:00 : INFO] - A total of 1 tasks of type smush found and will be processed in this iteration 
[2025-03-18 08:40:00 : DEBUG] - Lock option (updraft_lock_smush, abm_options) was created in the database 
[2025-03-18 08:40:00 : INFO] - Lock (updraft_lock_smush, abm_options) acquired after initialising the database 
[2025-03-18 08:40:00 : INFO] - Processing task with ID : 689, and type 'smush' 
[2025-03-18 08:40:00 : INFO] - Re_Smush_It_Task with attachment ID : 2350, autocreated on : March 18, 2025 08:34:13 
[2025-03-18 08:40:00 : INFO] - File: Image1-2.jpg, Compression quality: 85 
[2025-03-18 08:40:01 : INFO] - Backing up the original image - 2025/03/Image1-2-updraft-pre-smush-original.jpg 
[2025-03-18 08:40:05 : INFO] - There were no WebP conversion tools found on your server. 
[2025-03-18 08:40:05 : INFO] - Successfully optimized the image - /srv/data/web/vhosts/amisdebourronmarlotte.fr/htdocs/wp-content/uploads/2025/03/Image1-2.jpg.Le fichier a été compressé de 209.37 KB à 154.04 KB, en économisant 26.43 % à l’aide de WP-Optimize 
[2025-03-18 08:40:05 : INFO] - Completed processing task with ID : 689, and type 'smush' 
[2025-03-18 08:40:05 : INFO] - Lock option (updraft_lock_smush, abm_options) released 
[2025-03-18 08:40:05 : INFO] - Successfully processed the queue (smush). 1 tasks were processed out of 1. 
[2025-03-18 08:40:05 : INFO] - Lock option (updraft_lock_smush, abm_options) was deleted from the database 
[2025-03-18 08:40:05 : INFO] - Cleaning up tasks of type (smush). A total of 1 tasks will be deleted. 
[2025-03-22 15:56:11 : INFO] - Re_Smush_It_Task with attachment ID : 2355, autocreated on : March 22, 2025 03:56:11 
[2025-03-22 15:56:53 : INFO] - Re_Smush_It_Task with attachment ID : 2356, autocreated on : March 22, 2025 03:56:53 
[2025-03-22 16:24:04 : INFO] - A total of 2 tasks of type smush found and will be processed in this iteration 
[2025-03-22 16:24:04 : DEBUG] - Lock option (updraft_lock_smush, abm_options) was created in the database 
[2025-03-22 16:24:04 : INFO] - Lock (updraft_lock_smush, abm_options) acquired after initialising the database 
[2025-03-22 16:24:04 : INFO] - Processing task with ID : 690, and type 'smush' 
[2025-03-22 16:24:04 : INFO] - Re_Smush_It_Task with attachment ID : 2355, autocreated on : March 22, 2025 03:56:11 
[2025-03-22 16:24:04 : INFO] - File: Mousseux-Emile-one-pager.jpg, Compression quality: 85 
[2025-03-22 16:24:05 : INFO] - Backing up the original image - 2025/03/Mousseux-Emile-one-pager-updraft-pre-smush-original.jpg 
[2025-03-22 16:24:06 : INFO] - There were no WebP conversion tools found on your server. 
[2025-03-22 16:24:06 : INFO] - Successfully optimized the image - /srv/data/web/vhosts/amisdebourronmarlotte.fr/htdocs/wp-content/uploads/2025/03/Mousseux-Emile-one-pager.jpg.Le fichier a été compressé de 109.51 KB à 85.47 KB, en économisant 21.95 % à l’aide de WP-Optimize 
[2025-03-22 16:24:06 : INFO] - Completed processing task with ID : 690, and type 'smush' 
[2025-03-22 16:24:06 : INFO] - Processing task with ID : 691, and type 'smush' 
[2025-03-22 16:24:06 : INFO] - Re_Smush_It_Task with attachment ID : 2356, autocreated on : March 22, 2025 03:56:53 
[2025-03-22 16:24:06 : INFO] - File: Engelspach-Moreau-Vauthier-one-pager.jpg, Compression quality: 85 
[2025-03-22 16:24:06 : INFO] - Backing up the original image - 2025/03/Engelspach-Moreau-Vauthier-one-pager-updraft-pre-smush-original.jpg 
[2025-03-22 16:24:07 : INFO] - There were no WebP conversion tools found on your server. 
[2025-03-22 16:24:07 : INFO] - Successfully optimized the image - /srv/data/web/vhosts/amisdebourronmarlotte.fr/htdocs/wp-content/uploads/2025/03/Engelspach-Moreau-Vauthier-one-pager.jpg.Le fichier a été compressé de 105.29 KB à 83.19 KB, en économisant 20.99 % à l’aide de WP-Optimize 
[2025-03-22 16:24:08 : INFO] - Completed processing task with ID : 691, and type 'smush' 
[2025-03-22 16:24:08 : INFO] - Lock option (updraft_lock_smush, abm_options) released 
[2025-03-22 16:24:08 : INFO] - Successfully processed the queue (smush). 2 tasks were processed out of 2. 
[2025-03-22 16:24:08 : INFO] - Lock option (updraft_lock_smush, abm_options) was deleted from the database 
[2025-03-22 16:24:08 : INFO] - Cleaning up tasks of type (smush). A total of 2 tasks will be deleted. 
[2025-03-24 08:24:34 : INFO] - Re_Smush_It_Task with attachment ID : 2363, autocreated on : March 24, 2025 08:24:34 
[2025-03-24 08:25:29 : INFO] - Re_Smush_It_Task with attachment ID : 2364, autocreated on : March 24, 2025 08:25:29 
[2025-03-24 08:25:42 : INFO] - Re_Smush_It_Task with attachment ID : 2365, autocreated on : March 24, 2025 08:25:41 
[2025-03-24 08:26:08 : INFO] - Re_Smush_It_Task with attachment ID : 2366, autocreated on : March 24, 2025 08:26:08 
[2025-03-24 08:26:21 : INFO] - Re_Smush_It_Task with attachment ID : 2367, autocreated on : March 24, 2025 08:26:21 
[2025-03-24 08:30:03 : INFO] - A total of 5 tasks of type smush found and will be processed in this iteration 
[2025-03-24 08:30:03 : DEBUG] - Lock option (updraft_lock_smush, abm_options) was created in the database 
[2025-03-24 08:30:03 : INFO] - Lock (updraft_lock_smush, abm_options) acquired after initialising the database 
[2025-03-24 08:30:03 : INFO] - Processing task with ID : 692, and type 'smush' 
[2025-03-24 08:30:03 : INFO] - Re_Smush_It_Task with attachment ID : 2363, autocreated on : March 24, 2025 08:24:34 
[2025-03-24 08:30:03 : INFO] - File: IMG_2016-scaled.jpg, Compression quality: 85 
[2025-03-24 08:30:04 : INFO] - Backing up the original image - 2025/03/IMG_2016-scaled-updraft-pre-smush-original.jpg 
[2025-03-24 08:30:07 : INFO] - There were no WebP conversion tools found on your server. 
[2025-03-24 08:30:07 : INFO] - Successfully optimized the image - /srv/data/web/vhosts/amisdebourronmarlotte.fr/htdocs/wp-content/uploads/2025/03/IMG_2016-scaled.jpg.Le fichier a été compressé de 319.59 KB à 313.51 KB, en économisant 1.9 % à l’aide de WP-Optimize 
[2025-03-24 08:30:07 : INFO] - Completed processing task with ID : 692, and type 'smush' 
[2025-03-24 08:30:07 : INFO] - Processing task with ID : 693, and type 'smush' 
[2025-03-24 08:30:07 : INFO] - Re_Smush_It_Task with attachment ID : 2364, autocreated on : March 24, 2025 08:25:29 
[2025-03-24 08:30:07 : INFO] - File: Image2-1.jpg, Compression quality: 85 
[2025-03-24 08:30:08 : INFO] - Backing up the original image - 2025/03/Image2-1-updraft-pre-smush-original.jpg 
[2025-03-24 08:30:09 : INFO] - There were no WebP conversion tools found on your server. 
[2025-03-24 08:30:10 : INFO] - Successfully optimized the image - /srv/data/web/vhosts/amisdebourronmarlotte.fr/htdocs/wp-content/uploads/2025/03/Image2-1.jpg.Le fichier a été compressé de 203.08 KB à 158.81 KB, en économisant 21.8 % à l’aide de WP-Optimize 
[2025-03-24 08:30:10 : INFO] - Completed processing task with ID : 693, and type 'smush' 
[2025-03-24 08:30:10 : INFO] - Processing task with ID : 694, and type 'smush' 
[2025-03-24 08:30:10 : INFO] - Re_Smush_It_Task with attachment ID : 2365, autocreated on : March 24, 2025 08:25:41 
[2025-03-24 08:30:10 : INFO] - File: Image4.jpg, Compression quality: 85 
[2025-03-24 08:30:10 : INFO] - Backing up the original image - 2025/03/Image4-updraft-pre-smush-original.jpg 
[2025-03-24 08:30:12 : INFO] - There were no WebP conversion tools found on your server. 
[2025-03-24 08:30:12 : INFO] - Successfully optimized the image - /srv/data/web/vhosts/amisdebourronmarlotte.fr/htdocs/wp-content/uploads/2025/03/Image4.jpg.Le fichier a été compressé de 248.91 KB à 203.10 KB, en économisant 18.4 % à l’aide de WP-Optimize 
[2025-03-24 08:30:12 : INFO] - Completed processing task with ID : 694, and type 'smush' 
[2025-03-24 08:30:12 : INFO] - Processing task with ID : 695, and type 'smush' 
[2025-03-24 08:30:12 : INFO] - Re_Smush_It_Task with attachment ID : 2366, autocreated on : March 24, 2025 08:26:08 
[2025-03-24 08:30:12 : INFO] - File: Image3-1-scaled.jpg, Compression quality: 85 
[2025-03-24 08:30:13 : INFO] - Backing up the original image - 2025/03/Image3-1-scaled-updraft-pre-smush-original.jpg 
[2025-03-24 08:30:16 : INFO] - There were no WebP conversion tools found on your server. 
[2025-03-24 08:30:16 : INFO] - Successfully optimized the image - /srv/data/web/vhosts/amisdebourronmarlotte.fr/htdocs/wp-content/uploads/2025/03/Image3-1-scaled.jpg.Le fichier a été compressé de 525.39 KB à 507.16 KB, en économisant 3.47 % à l’aide de WP-Optimize 
[2025-03-24 08:30:16 : INFO] - Completed processing task with ID : 695, and type 'smush' 
[2025-03-24 08:30:16 : INFO] - Processing task with ID : 696, and type 'smush' 
[2025-03-24 08:30:16 : INFO] - Re_Smush_It_Task with attachment ID : 2367, autocreated on : March 24, 2025 08:26:21 
[2025-03-24 08:30:16 : INFO] - File: Image5.jpg, Compression quality: 85 
[2025-03-24 08:30:17 : INFO] - Backing up the original image - 2025/03/Image5-updraft-pre-smush-original.jpg 
[2025-03-24 08:30:20 : INFO] - There were no WebP conversion tools found on your server. 
[2025-03-24 08:30:20 : INFO] - Successfully optimized the image - /srv/data/web/vhosts/amisdebourronmarlotte.fr/htdocs/wp-content/uploads/2025/03/Image5.jpg.Le fichier a été compressé de 931.53 KB à 749.50 KB, en économisant 19.54 % à l’aide de WP-Optimize 
[2025-03-24 08:30:20 : INFO] - Completed processing task with ID : 696, and type 'smush' 
[2025-03-24 08:30:20 : INFO] - Lock option (updraft_lock_smush, abm_options) released 
[2025-03-24 08:30:20 : INFO] - Successfully processed the queue (smush). 5 tasks were processed out of 5. 
[2025-03-24 08:30:20 : INFO] - Lock option (updraft_lock_smush, abm_options) was deleted from the database 
[2025-03-24 08:30:20 : INFO] - Cleaning up tasks of type (smush). A total of 5 tasks will be deleted. 
[2025-03-24 08:33:55 : INFO] - Re_Smush_It_Task with attachment ID : 2371, autocreated on : March 24, 2025 08:33:55 
[2025-03-24 08:42:49 : INFO] - A total of 1 tasks of type smush found and will be processed in this iteration 
[2025-03-24 08:42:49 : DEBUG] - Lock option (updraft_lock_smush, abm_options) was created in the database 
[2025-03-24 08:42:49 : INFO] - Lock (updraft_lock_smush, abm_options) acquired after initialising the database 
[2025-03-24 08:42:49 : INFO] - Processing task with ID : 697, and type 'smush' 
[2025-03-24 08:42:49 : INFO] - Re_Smush_It_Task with attachment ID : 2371, autocreated on : March 24, 2025 08:33:55 
[2025-03-24 08:42:49 : INFO] - File: IMG_2016-scaled.jpg, Compression quality: 85 
[2025-03-24 08:42:50 : INFO] - Backing up the original image - 2025/03/IMG_2016-scaled-updraft-pre-smush-original.jpg 
[2025-03-24 08:42:53 : INFO] - There were no WebP conversion tools found on your server. 
[2025-03-24 08:42:53 : INFO] - Successfully optimized the image - /srv/data/web/vhosts/amisdebourronmarlotte.fr/htdocs/wp-content/uploads/2025/03/IMG_2016-scaled.jpg.Le fichier a été compressé de 367.26 KB à 359.93 KB, en économisant 2 % à l’aide de WP-Optimize 
[2025-03-24 08:42:53 : INFO] - Completed processing task with ID : 697, and type 'smush' 
[2025-03-24 08:42:53 : INFO] - Lock option (updraft_lock_smush, abm_options) released 
[2025-03-24 08:42:53 : INFO] - Successfully processed the queue (smush). 1 tasks were processed out of 1. 
[2025-03-24 08:42:53 : INFO] - Lock option (updraft_lock_smush, abm_options) was deleted from the database 
[2025-03-24 08:42:53 : INFO] - Cleaning up tasks of type (smush). A total of 1 tasks will be deleted. 
[2025-03-29 17:04:37 : INFO] - Re_Smush_It_Task with attachment ID : 2375, autocreated on : March 29, 2025 05:04:37 
[2025-03-29 17:06:06 : INFO] - Re_Smush_It_Task with attachment ID : 2376, autocreated on : March 29, 2025 05:06:06 
[2025-03-29 17:07:08 : INFO] - Re_Smush_It_Task with attachment ID : 2377, autocreated on : March 29, 2025 05:07:08 
[2025-03-29 17:09:43 : INFO] - A total of 3 tasks of type smush found and will be processed in this iteration 
[2025-03-29 17:09:43 : DEBUG] - Lock option (updraft_lock_smush, abm_options) was created in the database 
[2025-03-29 17:09:43 : INFO] - Lock (updraft_lock_smush, abm_options) acquired after initialising the database 
[2025-03-29 17:09:43 : INFO] - Processing task with ID : 698, and type 'smush' 
[2025-03-29 17:09:43 : INFO] - Re_Smush_It_Task with attachment ID : 2375, autocreated on : March 29, 2025 05:04:37 
[2025-03-29 17:09:43 : INFO] - File: Henri_Zuber.jpg, Compression quality: 85 
[2025-03-29 17:09:44 : INFO] - Backing up the original image - 2025/03/Henri_Zuber-updraft-pre-smush-original.jpg 
[2025-03-29 17:09:46 : INFO] - There were no WebP conversion tools found on your server. 
[2025-03-29 17:09:46 : INFO] - Successfully optimized the image - /srv/data/web/vhosts/amisdebourronmarlotte.fr/htdocs/wp-content/uploads/2025/03/Henri_Zuber.jpg.Le fichier a été compressé de 77.60 KB à 73.50 KB, en économisant 5.28 % à l’aide de WP-Optimize 
[2025-03-29 17:09:46 : INFO] - Completed processing task with ID : 698, and type 'smush' 
[2025-03-29 17:09:46 : INFO] - Processing task with ID : 699, and type 'smush' 
[2025-03-29 17:09:46 : INFO] - Re_Smush_It_Task with attachment ID : 2376, autocreated on : March 29, 2025 05:06:06 
[2025-03-29 17:09:46 : INFO] - File: Rochers-Fontainebleau.jpg, Compression quality: 85 
[2025-03-29 17:09:46 : INFO] - Backing up the original image - 2025/03/Rochers-Fontainebleau-updraft-pre-smush-original.jpg 
[2025-03-29 17:09:48 : INFO] - There were no WebP conversion tools found on your server. 
[2025-03-29 17:09:48 : INFO] - Successfully optimized the image - /srv/data/web/vhosts/amisdebourronmarlotte.fr/htdocs/wp-content/uploads/2025/03/Rochers-Fontainebleau.jpg.Le fichier a été compressé de 450.49 KB à 373.36 KB, en économisant 17.12 % à l’aide de WP-Optimize 
[2025-03-29 17:09:48 : INFO] - Completed processing task with ID : 699, and type 'smush' 
[2025-03-29 17:09:48 : INFO] - Processing task with ID : 700, and type 'smush' 
[2025-03-29 17:09:48 : INFO] - Re_Smush_It_Task with attachment ID : 2377, autocreated on : March 29, 2025 05:07:08 
[2025-03-29 17:09:48 : INFO] - File: 541_Belvedere_Corot_6.jpg, Compression quality: 85 
[2025-03-29 17:09:49 : INFO] - Backing up the original image - 2025/03/541_Belvedere_Corot_6-updraft-pre-smush-original.jpg 
[2025-03-29 17:09:51 : INFO] - There were no WebP conversion tools found on your server. 
[2025-03-29 17:09:51 : INFO] - Successfully optimized the image - /srv/data/web/vhosts/amisdebourronmarlotte.fr/htdocs/wp-content/uploads/2025/03/541_Belvedere_Corot_6.jpg.Le fichier a été compressé de 368.63 KB à 287.73 KB, en économisant 21.95 % à l’aide de WP-Optimize 
[2025-03-29 17:09:51 : INFO] - Completed processing task with ID : 700, and type 'smush' 
[2025-03-29 17:09:51 : INFO] - Lock option (updraft_lock_smush, abm_options) released 
[2025-03-29 17:09:51 : INFO] - Successfully processed the queue (smush). 3 tasks were processed out of 3. 
[2025-03-29 17:09:51 : INFO] - Lock option (updraft_lock_smush, abm_options) was deleted from the database 
[2025-03-29 17:09:51 : INFO] - Cleaning up tasks of type (smush). A total of 3 tasks will be deleted. 
[2025-04-14 14:41:18 : INFO] - Re_Smush_It_Task with attachment ID : 2384, autocreated on : April 14, 2025 02:41:18 
[2025-04-14 14:47:08 : INFO] - A total of 1 tasks of type smush found and will be processed in this iteration 
[2025-04-14 14:47:08 : DEBUG] - Lock option (updraft_lock_smush, abm_options) was created in the database 
[2025-04-14 14:47:08 : INFO] - Lock (updraft_lock_smush, abm_options) acquired after initialising the database 
[2025-04-14 14:47:08 : INFO] - Processing task with ID : 701, and type 'smush' 
[2025-04-14 14:47:08 : INFO] - Re_Smush_It_Task with attachment ID : 2384, autocreated on : April 14, 2025 02:41:18 
[2025-04-14 14:47:08 : INFO] - File: IMG5-scaled.jpg, Compression quality: 85 
[2025-04-14 14:47:09 : INFO] - Backing up the original image - 2025/04/IMG5-scaled-updraft-pre-smush-original.jpg 
[2025-04-14 14:47:12 : INFO] - There were no WebP conversion tools found on your server. 
[2025-04-14 14:47:12 : INFO] - Successfully optimized the image - /srv/data/web/vhosts/amisdebourronmarlotte.fr/htdocs/wp-content/uploads/2025/04/IMG5-scaled.jpg.Le fichier a été compressé de 507.35 KB à 492.52 KB, en économisant 2.92 % à l’aide de WP-Optimize 
[2025-04-14 14:47:12 : INFO] - Completed processing task with ID : 701, and type 'smush' 
[2025-04-14 14:47:12 : INFO] - Lock option (updraft_lock_smush, abm_options) released 
[2025-04-14 14:47:12 : INFO] - Successfully processed the queue (smush). 1 tasks were processed out of 1. 
[2025-04-14 14:47:12 : INFO] - Lock option (updraft_lock_smush, abm_options) was deleted from the database 
[2025-04-14 14:47:12 : INFO] - Cleaning up tasks of type (smush). A total of 1 tasks will be deleted. 
[2025-04-14 14:55:35 : INFO] - Re_Smush_It_Task with attachment ID : 2386, autocreated on : April 14, 2025 02:55:35 
[2025-04-14 14:55:44 : INFO] - Re_Smush_It_Task with attachment ID : 2387, autocreated on : April 14, 2025 02:55:44 
[2025-04-14 14:56:04 : INFO] - Re_Smush_It_Task with attachment ID : 2389, autocreated on : April 14, 2025 02:56:04 
[2025-04-14 14:56:18 : INFO] - Re_Smush_It_Task with attachment ID : 2390, autocreated on : April 14, 2025 02:56:18 
[2025-04-14 14:56:38 : INFO] - Re_Smush_It_Task with attachment ID : 2391, autocreated on : April 14, 2025 02:56:38 
[2025-04-14 14:57:13 : INFO] - A total of 5 tasks of type smush found and will be processed in this iteration 
[2025-04-14 14:57:13 : DEBUG] - Lock option (updraft_lock_smush, abm_options) was created in the database 
[2025-04-14 14:57:13 : INFO] - Lock (updraft_lock_smush, abm_options) acquired after initialising the database 
[2025-04-14 14:57:13 : INFO] - Processing task with ID : 702, and type 'smush' 
[2025-04-14 14:57:13 : INFO] - Re_Smush_It_Task with attachment ID : 2386, autocreated on : April 14, 2025 02:55:35 
[2025-04-14 14:57:13 : INFO] - File: IMG6.jpg, Compression quality: 85 
[2025-04-14 14:57:14 : INFO] - Backing up the original image - 2025/04/IMG6-updraft-pre-smush-original.jpg 
[2025-04-14 14:57:17 : INFO] - There were no WebP conversion tools found on your server. 
[2025-04-14 14:57:17 : INFO] - Successfully optimized the image - /srv/data/web/vhosts/amisdebourronmarlotte.fr/htdocs/wp-content/uploads/2025/04/IMG6.jpg.Le fichier a été compressé de 990.44 KB à 717.88 KB, en économisant 27.52 % à l’aide de WP-Optimize 
[2025-04-14 14:57:17 : INFO] - Completed processing task with ID : 702, and type 'smush' 
[2025-04-14 14:57:17 : INFO] - Processing task with ID : 703, and type 'smush' 
[2025-04-14 14:57:17 : INFO] - Re_Smush_It_Task with attachment ID : 2387, autocreated on : April 14, 2025 02:55:44 
[2025-04-14 14:57:17 : INFO] - File: Image1.jpg, Compression quality: 85 
[2025-04-14 14:57:17 : INFO] - Backing up the original image - 2025/04/Image1-updraft-pre-smush-original.jpg 
[2025-04-14 14:57:17 : INFO] - There were no WebP conversion tools found on your server. 
[2025-04-14 14:57:17 : INFO] - Successfully optimized the image - /srv/data/web/vhosts/amisdebourronmarlotte.fr/htdocs/wp-content/uploads/2025/04/Image1.jpg.Le fichier a été compressé de 13.61 KB à 10.83 KB, en économisant 20.41 % à l’aide de WP-Optimize 
[2025-04-14 14:57:18 : INFO] - Completed processing task with ID : 703, and type 'smush' 
[2025-04-14 14:57:18 : INFO] - Processing task with ID : 704, and type 'smush' 
[2025-04-14 14:57:18 : INFO] - Re_Smush_It_Task with attachment ID : 2389, autocreated on : April 14, 2025 02:56:04 
[2025-04-14 14:57:18 : INFO] - File: Image3.jpg, Compression quality: 85 
[2025-04-14 14:57:18 : INFO] - Backing up the original image - 2025/04/Image3-updraft-pre-smush-original.jpg 
[2025-04-14 14:57:19 : INFO] - There were no WebP conversion tools found on your server. 
[2025-04-14 14:57:19 : INFO] - Successfully optimized the image - /srv/data/web/vhosts/amisdebourronmarlotte.fr/htdocs/wp-content/uploads/2025/04/Image3.jpg.Le fichier a été compressé de 19.10 KB à 14.63 KB, en économisant 23.39 % à l’aide de WP-Optimize 
[2025-04-14 14:57:19 : INFO] - Completed processing task with ID : 704, and type 'smush' 
[2025-04-14 14:57:19 : INFO] - Processing task with ID : 705, and type 'smush' 
[2025-04-14 14:57:19 : INFO] - Re_Smush_It_Task with attachment ID : 2390, autocreated on : April 14, 2025 02:56:18 
[2025-04-14 14:57:19 : INFO] - File: Image4.jpg, Compression quality: 85 
[2025-04-14 14:57:19 : INFO] - Re_Smush_It_Task with attachment ID : 2392, autocreated on : April 14, 2025 02:57:19 
[2025-04-14 14:57:19 : INFO] - Backing up the original image - 2025/04/Image4-updraft-pre-smush-original.jpg 
[2025-04-14 14:57:20 : INFO] - There were no WebP conversion tools found on your server. 
[2025-04-14 14:57:20 : INFO] - Successfully optimized the image - /srv/data/web/vhosts/amisdebourronmarlotte.fr/htdocs/wp-content/uploads/2025/04/Image4.jpg.Le fichier a été compressé de 13.92 KB à 11.65 KB, en économisant 16.35 % à l’aide de WP-Optimize 
[2025-04-14 14:57:20 : INFO] - Completed processing task with ID : 705, and type 'smush' 
[2025-04-14 14:57:20 : INFO] - Processing task with ID : 706, and type 'smush' 
[2025-04-14 14:57:20 : INFO] - Re_Smush_It_Task with attachment ID : 2391, autocreated on : April 14, 2025 02:56:38 
[2025-04-14 14:57:20 : INFO] - File: IMG_2004.jpg, Compression quality: 85 
[2025-04-14 14:57:21 : INFO] - Backing up the original image - 2025/04/IMG_2004-updraft-pre-smush-original.jpg 
[2025-04-14 14:57:23 : INFO] - There were no WebP conversion tools found on your server. 
[2025-04-14 14:57:23 : INFO] - Successfully optimized the image - /srv/data/web/vhosts/amisdebourronmarlotte.fr/htdocs/wp-content/uploads/2025/04/IMG_2004.jpg.Le fichier a été compressé de 643.60 KB à 458.56 KB, en économisant 28.75 % à l’aide de WP-Optimize 
[2025-04-14 14:57:23 : INFO] - Completed processing task with ID : 706, and type 'smush' 
[2025-04-14 14:57:23 : INFO] - Lock option (updraft_lock_smush, abm_options) released 
[2025-04-14 14:57:23 : INFO] - Successfully processed the queue (smush). 5 tasks were processed out of 5. 
[2025-04-14 14:57:23 : INFO] - Lock option (updraft_lock_smush, abm_options) was deleted from the database 
[2025-04-14 14:57:23 : INFO] - Cleaning up tasks of type (smush). A total of 5 tasks will be deleted. 
[2025-04-14 14:58:05 : INFO] - Re_Smush_It_Task with attachment ID : 2393, autocreated on : April 14, 2025 02:58:05 
[2025-04-14 14:58:30 : INFO] - Re_Smush_It_Task with attachment ID : 2394, autocreated on : April 14, 2025 02:58:30 
[2025-04-14 15:01:05 : INFO] - Re_Smush_It_Task with attachment ID : 2396, autocreated on : April 14, 2025 03:01:05 
[2025-04-14 15:06:55 : INFO] - Re_Smush_It_Task with attachment ID : 2400, autocreated on : April 14, 2025 03:06:55 
[2025-04-14 15:07:15 : INFO] - A total of 5 tasks of type smush found and will be processed in this iteration 
[2025-04-14 15:07:15 : DEBUG] - Lock option (updraft_lock_smush, abm_options) was created in the database 
[2025-04-14 15:07:15 : INFO] - Lock (updraft_lock_smush, abm_options) acquired after initialising the database 
[2025-04-14 15:07:15 : INFO] - Processing task with ID : 707, and type 'smush' 
[2025-04-14 15:07:15 : INFO] - Re_Smush_It_Task with attachment ID : 2392, autocreated on : April 14, 2025 02:57:19 
[2025-04-14 15:07:15 : INFO] - File: IMG_2005.jpg, Compression quality: 85 
[2025-04-14 15:07:15 : INFO] - Backing up the original image - 2025/04/IMG_2005-updraft-pre-smush-original.jpg 
[2025-04-14 15:07:18 : INFO] - There were no WebP conversion tools found on your server. 
[2025-04-14 15:07:18 : INFO] - Successfully optimized the image - /srv/data/web/vhosts/amisdebourronmarlotte.fr/htdocs/wp-content/uploads/2025/04/IMG_2005.jpg.Le fichier a été compressé de 454.73 KB à 329.90 KB, en économisant 27.45 % à l’aide de WP-Optimize 
[2025-04-14 15:07:18 : INFO] - Completed processing task with ID : 707, and type 'smush' 
[2025-04-14 15:07:18 : INFO] - Processing task with ID : 708, and type 'smush' 
[2025-04-14 15:07:18 : INFO] - Re_Smush_It_Task with attachment ID : 2393, autocreated on : April 14, 2025 02:58:05 
[2025-04-14 15:07:18 : INFO] - File: IMG_2003.jpg, Compression quality: 85 
[2025-04-14 15:07:18 : INFO] - Backing up the original image - 2025/04/IMG_2003-updraft-pre-smush-original.jpg 
[2025-04-14 15:07:23 : INFO] - There were no WebP conversion tools found on your server. 
[2025-04-14 15:07:23 : INFO] - Successfully optimized the image - /srv/data/web/vhosts/amisdebourronmarlotte.fr/htdocs/wp-content/uploads/2025/04/IMG_2003.jpg.Le fichier a été compressé de 990.44 KB à 717.88 KB, en économisant 27.52 % à l’aide de WP-Optimize 
[2025-04-14 15:07:23 : INFO] - Completed processing task with ID : 708, and type 'smush' 
[2025-04-14 15:07:23 : INFO] - Processing task with ID : 709, and type 'smush' 
[2025-04-14 15:07:23 : INFO] - Re_Smush_It_Task with attachment ID : 2394, autocreated on : April 14, 2025 02:58:30 
[2025-04-14 15:07:23 : INFO] - File: 728b8855-26b5-4108-883e-54d6702c49e6.jpg, Compression quality: 85 
[2025-04-14 15:07:24 : INFO] - Backing up the original image - 2025/04/728b8855-26b5-4108-883e-54d6702c49e6-updraft-pre-smush-original.jpg 
[2025-04-14 15:07:27 : INFO] - There were no WebP conversion tools found on your server. 
[2025-04-14 15:07:27 : INFO] - Successfully optimized the image - /srv/data/web/vhosts/amisdebourronmarlotte.fr/htdocs/wp-content/uploads/2025/04/728b8855-26b5-4108-883e-54d6702c49e6.jpg.Le fichier a été compressé de 348.04 KB à 347.97 KB, en économisant 0.02 % à l’aide de WP-Optimize 
[2025-04-14 15:07:27 : INFO] - Completed processing task with ID : 709, and type 'smush' 
[2025-04-14 15:07:27 : INFO] - Processing task with ID : 710, and type 'smush' 
[2025-04-14 15:07:27 : INFO] - Re_Smush_It_Task with attachment ID : 2396, autocreated on : April 14, 2025 03:01:05 
[2025-04-14 15:07:27 : INFO] - File: IMG_2002.jpg, Compression quality: 85 
[2025-04-14 15:07:28 : INFO] - Backing up the original image - 2025/04/IMG_2002-updraft-pre-smush-original.jpg 
[2025-04-14 15:07:31 : INFO] - There were no WebP conversion tools found on your server. 
[2025-04-14 15:07:31 : INFO] - Successfully optimized the image - /srv/data/web/vhosts/amisdebourronmarlotte.fr/htdocs/wp-content/uploads/2025/04/IMG_2002.jpg.Le fichier a été compressé de 971.13 KB à 706.73 KB, en économisant 27.23 % à l’aide de WP-Optimize 
[2025-04-14 15:07:31 : INFO] - Completed processing task with ID : 710, and type 'smush' 
[2025-04-14 15:07:31 : INFO] - Processing task with ID : 711, and type 'smush' 
[2025-04-14 15:07:31 : INFO] - Re_Smush_It_Task with attachment ID : 2400, autocreated on : April 14, 2025 03:06:55 
[2025-04-14 15:07:31 : INFO] - File: IMG_4718-scaled.jpg, Compression quality: 85 
[2025-04-14 15:07:32 : INFO] - Backing up the original image - 2025/04/IMG_4718-scaled-updraft-pre-smush-original.jpg 
[2025-04-14 15:07:36 : INFO] - There were no WebP conversion tools found on your server. 
[2025-04-14 15:07:36 : INFO] - Successfully optimized the image - /srv/data/web/vhosts/amisdebourronmarlotte.fr/htdocs/wp-content/uploads/2025/04/IMG_4718-scaled.jpg.Le fichier a été compressé de 507.35 KB à 492.52 KB, en économisant 2.92 % à l’aide de WP-Optimize 
[2025-04-14 15:07:36 : INFO] - Completed processing task with ID : 711, and type 'smush' 
[2025-04-14 15:07:36 : INFO] - Lock option (updraft_lock_smush, abm_options) released 
[2025-04-14 15:07:36 : INFO] - Successfully processed the queue (smush). 5 tasks were processed out of 5. 
[2025-04-14 15:07:36 : INFO] - Lock option (updraft_lock_smush, abm_options) was deleted from the database 
[2025-04-14 15:07:36 : INFO] - Cleaning up tasks of type (smush). A total of 5 tasks will be deleted. 
[2025-04-30 12:31:41 : INFO] - Re_Smush_It_Task with attachment ID : 2407, autocreated on : April 30, 2025 12:31:41 
[2025-04-30 12:32:11 : INFO] - Re_Smush_It_Task with attachment ID : 2408, autocreated on : April 30, 2025 12:32:11 
[2025-04-30 12:36:47 : INFO] - A total of 2 tasks of type smush found and will be processed in this iteration 
[2025-04-30 12:36:47 : DEBUG] - Lock option (updraft_lock_smush, abm_options) was created in the database 
[2025-04-30 12:36:47 : INFO] - Lock (updraft_lock_smush, abm_options) acquired after initialising the database 
[2025-04-30 12:36:47 : INFO] - Processing task with ID : 712, and type 'smush' 
[2025-04-30 12:36:47 : INFO] - Re_Smush_It_Task with attachment ID : 2407, autocreated on : April 30, 2025 12:31:41 
[2025-04-30 12:36:47 : INFO] - File: Image1.jpg, Compression quality: 85 
[2025-04-30 12:36:48 : INFO] - Backing up the original image - 2025/04/Image1-updraft-pre-smush-original.jpg 
[2025-04-30 12:36:49 : INFO] - There were no WebP conversion tools found on your server. 
[2025-04-30 12:36:49 : INFO] - Successfully optimized the image - /srv/data/web/vhosts/amisdebourronmarlotte.fr/htdocs/wp-content/uploads/2025/04/Image1.jpg.Le fichier a été compressé de 107.58 KB à 85.30 KB, en économisant 20.71 % à l’aide de WP-Optimize 
[2025-04-30 12:36:49 : INFO] - Completed processing task with ID : 712, and type 'smush' 
[2025-04-30 12:36:49 : INFO] - Processing task with ID : 713, and type 'smush' 
[2025-04-30 12:36:49 : INFO] - Re_Smush_It_Task with attachment ID : 2408, autocreated on : April 30, 2025 12:32:11 
[2025-04-30 12:36:49 : INFO] - File: AllongeQuesnay-20220723-scaled.jpg, Compression quality: 85 
[2025-04-30 12:36:50 : INFO] - Backing up the original image - 2025/04/AllongeQuesnay-20220723-scaled-updraft-pre-smush-original.jpg 
[2025-04-30 12:36:54 : INFO] - There were no WebP conversion tools found on your server. 
[2025-04-30 12:36:54 : INFO] - Successfully optimized the image - /srv/data/web/vhosts/amisdebourronmarlotte.fr/htdocs/wp-content/uploads/2025/04/AllongeQuesnay-20220723-scaled.jpg.Le fichier a été compressé de 964.08 KB à 954.70 KB, en économisant 0.97 % à l’aide de WP-Optimize 
[2025-04-30 12:36:54 : INFO] - Completed processing task with ID : 713, and type 'smush' 
[2025-04-30 12:36:54 : INFO] - Lock option (updraft_lock_smush, abm_options) released 
[2025-04-30 12:36:54 : INFO] - Successfully processed the queue (smush). 2 tasks were processed out of 2. 
[2025-04-30 12:36:54 : INFO] - Lock option (updraft_lock_smush, abm_options) was deleted from the database 
[2025-04-30 12:36:54 : INFO] - Cleaning up tasks of type (smush). A total of 2 tasks will be deleted. 
[2025-04-30 12:37:03 : INFO] - Re_Smush_It_Task with attachment ID : 2412, autocreated on : April 30, 2025 12:37:03 
[2025-04-30 12:43:54 : INFO] - Re_Smush_It_Task with attachment ID : 2414, autocreated on : April 30, 2025 12:43:53 
[2025-04-30 12:45:43 : INFO] - Re_Smush_It_Task with attachment ID : 2415, autocreated on : April 30, 2025 12:45:43 
[2025-04-30 12:46:50 : INFO] - A total of 3 tasks of type smush found and will be processed in this iteration 
[2025-04-30 12:46:50 : DEBUG] - Lock option (updraft_lock_smush, abm_options) was created in the database 
[2025-04-30 12:46:50 : INFO] - Lock (updraft_lock_smush, abm_options) acquired after initialising the database 
[2025-04-30 12:46:50 : INFO] - Processing task with ID : 714, and type 'smush' 
[2025-04-30 12:46:50 : INFO] - Re_Smush_It_Task with attachment ID : 2412, autocreated on : April 30, 2025 12:37:03 
[2025-04-30 12:46:50 : INFO] - File: Image4-1.jpg, Compression quality: 85 
[2025-04-30 12:46:50 : INFO] - Backing up the original image - 2025/04/Image4-1-updraft-pre-smush-original.jpg 
[2025-04-30 12:46:51 : INFO] - There were no WebP conversion tools found on your server. 
[2025-04-30 12:46:51 : INFO] - Successfully optimized the image - /srv/data/web/vhosts/amisdebourronmarlotte.fr/htdocs/wp-content/uploads/2025/04/Image4-1.jpg.Le fichier a été compressé de 6.87 KB à 5.79 KB, en économisant 15.65 % à l’aide de WP-Optimize 
[2025-04-30 12:46:51 : INFO] - Completed processing task with ID : 714, and type 'smush' 
[2025-04-30 12:46:51 : INFO] - Processing task with ID : 715, and type 'smush' 
[2025-04-30 12:46:51 : INFO] - Re_Smush_It_Task with attachment ID : 2414, autocreated on : April 30, 2025 12:43:53 
[2025-04-30 12:46:51 : INFO] - File: Image5.jpg, Compression quality: 85 
[2025-04-30 12:46:52 : INFO] - Backing up the original image - 2025/04/Image5-updraft-pre-smush-original.jpg 
[2025-04-30 12:46:53 : INFO] - There were no WebP conversion tools found on your server. 
[2025-04-30 12:46:53 : INFO] - Successfully optimized the image - /srv/data/web/vhosts/amisdebourronmarlotte.fr/htdocs/wp-content/uploads/2025/04/Image5.jpg.Le fichier a été compressé de 85.93 KB à 70.54 KB, en économisant 17.91 % à l’aide de WP-Optimize 
[2025-04-30 12:46:53 : INFO] - Completed processing task with ID : 715, and type 'smush' 
[2025-04-30 12:46:53 : INFO] - Processing task with ID : 716, and type 'smush' 
[2025-04-30 12:46:53 : INFO] - Re_Smush_It_Task with attachment ID : 2415, autocreated on : April 30, 2025 12:45:43 
[2025-04-30 12:46:53 : INFO] - File: Image6.jpg, Compression quality: 85 
[2025-04-30 12:46:53 : INFO] - Backing up the original image - 2025/04/Image6-updraft-pre-smush-original.jpg 
[2025-04-30 12:46:57 : INFO] - There were no WebP conversion tools found on your server. 
[2025-04-30 12:46:57 : INFO] - Successfully optimized the image - /srv/data/web/vhosts/amisdebourronmarlotte.fr/htdocs/wp-content/uploads/2025/04/Image6.jpg.Le fichier a été compressé de 1.11 MB à 923.52 KB, en économisant 18.45 % à l’aide de WP-Optimize 
[2025-04-30 12:46:57 : INFO] - Completed processing task with ID : 716, and type 'smush' 
[2025-04-30 12:46:57 : INFO] - Lock option (updraft_lock_smush, abm_options) released 
[2025-04-30 12:46:57 : INFO] - Successfully processed the queue (smush). 3 tasks were processed out of 3. 
[2025-04-30 12:46:57 : INFO] - Lock option (updraft_lock_smush, abm_options) was deleted from the database 
[2025-04-30 12:46:57 : INFO] - Cleaning up tasks of type (smush). A total of 3 tasks will be deleted. 
[2025-04-30 12:59:01 : INFO] - Re_Smush_It_Task with attachment ID : 2417, autocreated on : April 30, 2025 12:59:01 
[2025-04-30 13:04:05 : INFO] - A total of 1 tasks of type smush found and will be processed in this iteration 
[2025-04-30 13:04:05 : DEBUG] - Lock option (updraft_lock_smush, abm_options) was created in the database 
[2025-04-30 13:04:05 : INFO] - Lock (updraft_lock_smush, abm_options) acquired after initialising the database 
[2025-04-30 13:04:05 : INFO] - Processing task with ID : 717, and type 'smush' 
[2025-04-30 13:04:05 : INFO] - Re_Smush_It_Task with attachment ID : 2417, autocreated on : April 30, 2025 12:59:01 
[2025-04-30 13:04:05 : INFO] - File: frhjahrsschur_auf_lolland_grau.jpg, Compression quality: 85 
[2025-04-30 13:04:05 : INFO] - Backing up the original image - 2025/04/frhjahrsschur_auf_lolland_grau-updraft-pre-smush-original.jpg 
[2025-04-30 13:04:07 : INFO] - There were no WebP conversion tools found on your server. 
[2025-04-30 13:04:07 : INFO] - Successfully optimized the image - /srv/data/web/vhosts/amisdebourronmarlotte.fr/htdocs/wp-content/uploads/2025/04/frhjahrsschur_auf_lolland_grau.jpg.Le fichier a été compressé de 212.85 KB à 173.15 KB, en économisant 18.65 % à l’aide de WP-Optimize 
[2025-04-30 13:04:07 : INFO] - Completed processing task with ID : 717, and type 'smush' 
[2025-04-30 13:04:07 : INFO] - Lock option (updraft_lock_smush, abm_options) released 
[2025-04-30 13:04:07 : INFO] - Successfully processed the queue (smush). 1 tasks were processed out of 1. 
[2025-04-30 13:04:07 : INFO] - Lock option (updraft_lock_smush, abm_options) was deleted from the database 
[2025-04-30 13:04:07 : INFO] - Cleaning up tasks of type (smush). A total of 1 tasks will be deleted. 
[2025-05-09 12:42:17 : INFO] - Re_Smush_It_Task with attachment ID : 2426, autocreated on : May 09, 2025 12:42:17 
[2025-05-09 12:44:29 : INFO] - Re_Smush_It_Task with attachment ID : 2427, autocreated on : May 09, 2025 12:44:29 
[2025-05-09 12:45:34 : INFO] - Re_Smush_It_Task with attachment ID : 2429, autocreated on : May 09, 2025 12:45:33 
[2025-05-09 12:47:18 : INFO] - A total of 3 tasks of type smush found and will be processed in this iteration 
[2025-05-09 12:47:18 : DEBUG] - Lock option (updraft_lock_smush, abm_options) was created in the database 
[2025-05-09 12:47:18 : INFO] - Lock (updraft_lock_smush, abm_options) acquired after initialising the database 
[2025-05-09 12:47:18 : INFO] - Processing task with ID : 718, and type 'smush' 
[2025-05-09 12:47:18 : INFO] - Re_Smush_It_Task with attachment ID : 2426, autocreated on : May 09, 2025 12:42:17 
[2025-05-09 12:47:18 : INFO] - File: image.png, Compression quality: 85 
[2025-05-09 12:47:20 : INFO] - Backing up the original image - 2025/05/image-updraft-pre-smush-original.png 
[2025-05-09 12:47:25 : INFO] - There were no WebP conversion tools found on your server. 
[2025-05-09 12:47:25 : INFO] - Successfully optimized the image - /srv/data/web/vhosts/amisdebourronmarlotte.fr/htdocs/wp-content/uploads/2025/05/image.png.Le fichier a été compressé de 2.10 MB à 775.70 KB, en économisant 63.95 % à l’aide de WP-Optimize 
[2025-05-09 12:47:25 : INFO] - Completed processing task with ID : 718, and type 'smush' 
[2025-05-09 12:47:25 : INFO] - Processing task with ID : 719, and type 'smush' 
[2025-05-09 12:47:25 : INFO] - Re_Smush_It_Task with attachment ID : 2427, autocreated on : May 09, 2025 12:44:29 
[2025-05-09 12:47:25 : INFO] - File: Olivier-de-Penne-001.jpeg, Compression quality: 85 
[2025-05-09 12:47:25 : INFO] - Backing up the original image - 2025/05/Olivier-de-Penne-001-updraft-pre-smush-original.jpeg 
[2025-05-09 12:47:27 : INFO] - There were no WebP conversion tools found on your server. 
[2025-05-09 12:47:27 : INFO] - Successfully optimized the image - /srv/data/web/vhosts/amisdebourronmarlotte.fr/htdocs/wp-content/uploads/2025/05/Olivier-de-Penne-001.jpeg.Le fichier a été compressé de 348.15 KB à 278.66 KB, en économisant 19.96 % à l’aide de WP-Optimize 
[2025-05-09 12:47:27 : INFO] - Completed processing task with ID : 719, and type 'smush' 
[2025-05-09 12:47:27 : INFO] - Processing task with ID : 720, and type 'smush' 
[2025-05-09 12:47:27 : INFO] - Re_Smush_It_Task with attachment ID : 2429, autocreated on : May 09, 2025 12:45:33 
[2025-05-09 12:47:27 : INFO] - File: Image1.jpg, Compression quality: 85 
[2025-05-09 12:47:28 : INFO] - Backing up the original image - 2025/05/Image1-updraft-pre-smush-original.jpg 
[2025-05-09 12:47:29 : INFO] - There were no WebP conversion tools found on your server. 
[2025-05-09 12:47:29 : INFO] - Successfully optimized the image - /srv/data/web/vhosts/amisdebourronmarlotte.fr/htdocs/wp-content/uploads/2025/05/Image1.jpg.Le fichier a été compressé de 156.10 KB à 126.79 KB, en économisant 18.78 % à l’aide de WP-Optimize 
[2025-05-09 12:47:29 : INFO] - Completed processing task with ID : 720, and type 'smush' 
[2025-05-09 12:47:29 : INFO] - Lock option (updraft_lock_smush, abm_options) released 
[2025-05-09 12:47:29 : INFO] - Successfully processed the queue (smush). 3 tasks were processed out of 3. 
[2025-05-09 12:47:29 : INFO] - Lock option (updraft_lock_smush, abm_options) was deleted from the database 
[2025-05-09 12:47:29 : INFO] - Cleaning up tasks of type (smush). A total of 3 tasks will be deleted. 
[2025-05-09 12:49:10 : INFO] - Re_Smush_It_Task with attachment ID : 2432, autocreated on : May 09, 2025 12:49:10 
[2025-05-09 12:51:10 : INFO] - Re_Smush_It_Task with attachment ID : 2433, autocreated on : May 09, 2025 12:51:10 
[2025-05-09 12:53:19 : INFO] - Re_Smush_It_Task with attachment ID : 2434, autocreated on : May 09, 2025 12:53:19 
[2025-05-09 12:54:42 : INFO] - Re_Smush_It_Task with attachment ID : 2435, autocreated on : May 09, 2025 12:54:42 
[2025-05-09 12:56:12 : INFO] - Re_Smush_It_Task with attachment ID : 2436, autocreated on : May 09, 2025 12:56:12 
[2025-05-09 12:57:26 : INFO] - A total of 5 tasks of type smush found and will be processed in this iteration 
[2025-05-09 12:57:26 : DEBUG] - Lock option (updraft_lock_smush, abm_options) was created in the database 
[2025-05-09 12:57:26 : INFO] - Lock (updraft_lock_smush, abm_options) acquired after initialising the database 
[2025-05-09 12:57:26 : INFO] - Processing task with ID : 721, and type 'smush' 
[2025-05-09 12:57:26 : INFO] - Task with ID 721 and type (smush) failed with error code invalid_file_path - The linked attachment ID does not have a valid file path 
[2025-05-09 12:57:26 : INFO] - Processing task with ID : 722, and type 'smush' 
[2025-05-09 12:57:26 : INFO] - Task with ID 722 and type (smush) failed with error code invalid_file_path - The linked attachment ID does not have a valid file path 
[2025-05-09 12:57:26 : INFO] - Processing task with ID : 723, and type 'smush' 
[2025-05-09 12:57:26 : INFO] - Task with ID 723 and type (smush) failed with error code invalid_file_path - The linked attachment ID does not have a valid file path 
[2025-05-09 12:57:26 : INFO] - Processing task with ID : 724, and type 'smush' 
[2025-05-09 12:57:27 : INFO] - Task with ID 724 and type (smush) failed with error code invalid_file_path - The linked attachment ID does not have a valid file path 
[2025-05-09 12:57:27 : INFO] - Processing task with ID : 725, and type 'smush' 
[2025-05-09 12:57:27 : INFO] - Re_Smush_It_Task with attachment ID : 2436, autocreated on : May 09, 2025 12:56:12 
[2025-05-09 12:57:27 : INFO] - File: Image4.jpg, Compression quality: 85 
[2025-05-09 12:57:27 : INFO] - Backing up the original image - 2025/05/Image4-updraft-pre-smush-original.jpg 
[2025-05-09 12:57:28 : INFO] - There were no WebP conversion tools found on your server. 
[2025-05-09 12:57:28 : INFO] - Successfully optimized the image - /srv/data/web/vhosts/amisdebourronmarlotte.fr/htdocs/wp-content/uploads/2025/05/Image4.jpg.Le fichier a été compressé de 21.70 KB à 17.78 KB, en économisant 18.08 % à l’aide de WP-Optimize 
[2025-05-09 12:57:28 : INFO] - Completed processing task with ID : 725, and type 'smush' 
[2025-05-09 12:57:28 : INFO] - Lock option (updraft_lock_smush, abm_options) released 
[2025-05-09 12:57:28 : INFO] - Successfully processed the queue (smush). 5 tasks were processed out of 5. 
[2025-05-09 12:57:28 : INFO] - Lock option (updraft_lock_smush, abm_options) was deleted from the database 
[2025-05-09 12:57:28 : INFO] - Cleaning up tasks of type (smush). A total of 1 tasks will be deleted. 
[2025-05-09 12:57:58 : INFO] - Re_Smush_It_Task with attachment ID : 2437, autocreated on : May 09, 2025 12:57:58 
[2025-05-09 13:14:12 : INFO] - A total of 1 tasks of type smush found and will be processed in this iteration 
[2025-05-09 13:14:12 : DEBUG] - Lock option (updraft_lock_smush, abm_options) was created in the database 
[2025-05-09 13:14:12 : INFO] - Lock (updraft_lock_smush, abm_options) acquired after initialising the database 
[2025-05-09 13:14:12 : INFO] - Processing task with ID : 726, and type 'smush' 
[2025-05-09 13:14:12 : INFO] - Re_Smush_It_Task with attachment ID : 2437, autocreated on : May 09, 2025 12:57:58 
[2025-05-09 13:14:12 : INFO] - File: Image4.jpg, Compression quality: 85 
[2025-05-09 13:14:12 : INFO] - Backing up the original image - 2025/05/Image4-updraft-pre-smush-original.jpg 
[2025-05-09 13:14:13 : INFO] - There were no WebP conversion tools found on your server. 
[2025-05-09 13:14:13 : INFO] - Successfully optimized the image - /srv/data/web/vhosts/amisdebourronmarlotte.fr/htdocs/wp-content/uploads/2025/05/Image4.jpg.Le fichier a été compressé de 17.98 KB à 14.70 KB, en économisant 18.22 % à l’aide de WP-Optimize 
[2025-05-09 13:14:13 : INFO] - Completed processing task with ID : 726, and type 'smush' 
[2025-05-09 13:14:13 : INFO] - Lock option (updraft_lock_smush, abm_options) released 
[2025-05-09 13:14:13 : INFO] - Successfully processed the queue (smush). 1 tasks were processed out of 1. 
[2025-05-09 13:14:13 : INFO] - Lock option (updraft_lock_smush, abm_options) was deleted from the database 
[2025-05-09 13:14:13 : INFO] - Cleaning up tasks of type (smush). A total of 1 tasks will be deleted. 
[2025-05-20 07:55:00 : INFO] - Re_Smush_It_Task with attachment ID : 2447, autocreated on : May 20, 2025 07:55:00 
[2025-05-20 08:03:11 : INFO] - A total of 1 tasks of type smush found and will be processed in this iteration 
[2025-05-20 08:03:11 : DEBUG] - Lock option (updraft_lock_smush, abm_options) was created in the database 
[2025-05-20 08:03:11 : INFO] - Lock (updraft_lock_smush, abm_options) acquired after initialising the database 
[2025-05-20 08:03:11 : INFO] - Processing task with ID : 727, and type 'smush' 
[2025-05-20 08:03:11 : INFO] - Re_Smush_It_Task with attachment ID : 2447, autocreated on : May 20, 2025 07:55:00 
[2025-05-20 08:03:11 : INFO] - File: Image1-1.jpg, Compression quality: 85 
[2025-05-20 08:03:12 : INFO] - Backing up the original image - 2025/05/Image1-1-updraft-pre-smush-original.jpg 
[2025-05-20 08:03:13 : INFO] - There were no WebP conversion tools found on your server. 
[2025-05-20 08:03:13 : INFO] - Successfully optimized the image - /srv/data/web/vhosts/amisdebourronmarlotte.fr/htdocs/wp-content/uploads/2025/05/Image1-1.jpg.Le fichier a été compressé de 44.85 KB à 35.05 KB, en économisant 21.86 % à l’aide de WP-Optimize 
[2025-05-20 08:03:14 : INFO] - Completed processing task with ID : 727, and type 'smush' 
[2025-05-20 08:03:14 : INFO] - Lock option (updraft_lock_smush, abm_options) released 
[2025-05-20 08:03:14 : INFO] - Successfully processed the queue (smush). 1 tasks were processed out of 1. 
[2025-05-20 08:03:14 : INFO] - Lock option (updraft_lock_smush, abm_options) was deleted from the database 
[2025-05-20 08:03:14 : INFO] - Cleaning up tasks of type (smush). A total of 1 tasks will be deleted. 
[2025-05-22 12:09:16 : INFO] - Re_Smush_It_Task with attachment ID : 2451, autocreated on : May 22, 2025 12:09:16 
[2025-05-22 12:12:12 : INFO] - Re_Smush_It_Task with attachment ID : 2452, autocreated on : May 22, 2025 12:12:11 
[2025-05-22 12:12:35 : INFO] - Re_Smush_It_Task with attachment ID : 2453, autocreated on : May 22, 2025 12:12:35 
[2025-05-22 12:13:44 : INFO] - Re_Smush_It_Task with attachment ID : 2454, autocreated on : May 22, 2025 12:13:44 
[2025-05-22 12:13:57 : INFO] - Re_Smush_It_Task with attachment ID : 2455, autocreated on : May 22, 2025 12:13:57 
[2025-05-22 12:14:14 : INFO] - Re_Smush_It_Task with attachment ID : 2456, autocreated on : May 22, 2025 12:14:14 
[2025-05-22 12:14:22 : INFO] - Re_Smush_It_Task with attachment ID : 2457, autocreated on : May 22, 2025 12:14:22 
[2025-05-22 12:14:23 : INFO] - A total of 7 tasks of type smush found and will be processed in this iteration 
[2025-05-22 12:14:23 : DEBUG] - Lock option (updraft_lock_smush, abm_options) was created in the database 
[2025-05-22 12:14:23 : INFO] - Lock (updraft_lock_smush, abm_options) acquired after initialising the database 
[2025-05-22 12:14:23 : INFO] - Processing task with ID : 728, and type 'smush' 
[2025-05-22 12:14:23 : INFO] - Re_Smush_It_Task with attachment ID : 2451, autocreated on : May 22, 2025 12:09:16 
[2025-05-22 12:14:23 : INFO] - File: DSC_0638-scaled.jpg, Compression quality: 85 
[2025-05-22 12:14:24 : INFO] - Backing up the original image - 2025/05/DSC_0638-scaled-updraft-pre-smush-original.jpg 
[2025-05-22 12:14:28 : INFO] - There were no WebP conversion tools found on your server. 
[2025-05-22 12:14:28 : INFO] - Successfully optimized the image - /srv/data/web/vhosts/amisdebourronmarlotte.fr/htdocs/wp-content/uploads/2025/05/DSC_0638-scaled.jpg.Le fichier a été compressé de 1.09 MB à 1.07 MB, en économisant 2.3 % à l’aide de WP-Optimize 
[2025-05-22 12:14:28 : INFO] - Completed processing task with ID : 728, and type 'smush' 
[2025-05-22 12:14:28 : INFO] - Processing task with ID : 729, and type 'smush' 
[2025-05-22 12:14:28 : INFO] - Re_Smush_It_Task with attachment ID : 2452, autocreated on : May 22, 2025 12:12:11 
[2025-05-22 12:14:28 : INFO] - File: DSC_0634-scaled.jpg, Compression quality: 85 
[2025-05-22 12:14:28 : INFO] - Backing up the original image - 2025/05/DSC_0634-scaled-updraft-pre-smush-original.jpg 
[2025-05-22 12:14:32 : INFO] - There were no WebP conversion tools found on your server. 
[2025-05-22 12:14:32 : INFO] - Successfully optimized the image - /srv/data/web/vhosts/amisdebourronmarlotte.fr/htdocs/wp-content/uploads/2025/05/DSC_0634-scaled.jpg.Le fichier a été compressé de 580.60 KB à 562.83 KB, en économisant 3.06 % à l’aide de WP-Optimize 
[2025-05-22 12:14:32 : INFO] - Completed processing task with ID : 729, and type 'smush' 
[2025-05-22 12:14:32 : INFO] - Processing task with ID : 730, and type 'smush' 
[2025-05-22 12:14:32 : INFO] - Re_Smush_It_Task with attachment ID : 2453, autocreated on : May 22, 2025 12:12:35 
[2025-05-22 12:14:32 : INFO] - File: DSC_0638-1-scaled.jpg, Compression quality: 85 
[2025-05-22 12:14:33 : INFO] - Backing up the original image - 2025/05/DSC_0638-1-scaled-updraft-pre-smush-original.jpg 
[2025-05-22 12:14:37 : INFO] - There were no WebP conversion tools found on your server. 
[2025-05-22 12:14:37 : INFO] - Successfully optimized the image - /srv/data/web/vhosts/amisdebourronmarlotte.fr/htdocs/wp-content/uploads/2025/05/DSC_0638-1-scaled.jpg.Le fichier a été compressé de 1.09 MB à 1.07 MB, en économisant 2.3 % à l’aide de WP-Optimize 
[2025-05-22 12:14:37 : INFO] - Completed processing task with ID : 730, and type 'smush' 
[2025-05-22 12:14:37 : INFO] - Processing task with ID : 731, and type 'smush' 
[2025-05-22 12:14:37 : INFO] - Re_Smush_It_Task with attachment ID : 2454, autocreated on : May 22, 2025 12:13:44 
[2025-05-22 12:14:37 : INFO] - File: DSC_0654-scaled.jpg, Compression quality: 85 
[2025-05-22 12:14:37 : INFO] - Backing up the original image - 2025/05/DSC_0654-scaled-updraft-pre-smush-original.jpg 
[2025-05-22 12:14:41 : INFO] - There were no WebP conversion tools found on your server. 
[2025-05-22 12:14:41 : INFO] - Successfully optimized the image - /srv/data/web/vhosts/amisdebourronmarlotte.fr/htdocs/wp-content/uploads/2025/05/DSC_0654-scaled.jpg.Le fichier a été compressé de 690.60 KB à 688.69 KB, en économisant 0.28 % à l’aide de WP-Optimize 
[2025-05-22 12:14:41 : INFO] - Completed processing task with ID : 731, and type 'smush' 
[2025-05-22 12:14:41 : INFO] - Processing task with ID : 732, and type 'smush' 
[2025-05-22 12:14:41 : INFO] - Re_Smush_It_Task with attachment ID : 2455, autocreated on : May 22, 2025 12:13:57 
[2025-05-22 12:14:41 : INFO] - File: DSC_0647-scaled.jpg, Compression quality: 85 
[2025-05-22 12:14:41 : INFO] - Backing up the original image - 2025/05/DSC_0647-scaled-updraft-pre-smush-original.jpg 
[2025-05-22 12:14:45 : INFO] - There were no WebP conversion tools found on your server. 
[2025-05-22 12:14:45 : INFO] - Successfully optimized the image - /srv/data/web/vhosts/amisdebourronmarlotte.fr/htdocs/wp-content/uploads/2025/05/DSC_0647-scaled.jpg.Le fichier a été compressé de 383.35 KB à 375.33 KB, en économisant 2.09 % à l’aide de WP-Optimize 
[2025-05-22 12:14:45 : INFO] - Completed processing task with ID : 732, and type 'smush' 
[2025-05-22 12:14:45 : INFO] - Processing task with ID : 733, and type 'smush' 
[2025-05-22 12:14:45 : INFO] - Re_Smush_It_Task with attachment ID : 2456, autocreated on : May 22, 2025 12:14:14 
[2025-05-22 12:14:45 : INFO] - File: DSC_0646-scaled.jpg, Compression quality: 85 
[2025-05-22 12:14:46 : INFO] - Backing up the original image - 2025/05/DSC_0646-scaled-updraft-pre-smush-original.jpg 
[2025-05-22 12:14:49 : INFO] - There were no WebP conversion tools found on your server. 
[2025-05-22 12:14:49 : INFO] - Successfully optimized the image - /srv/data/web/vhosts/amisdebourronmarlotte.fr/htdocs/wp-content/uploads/2025/05/DSC_0646-scaled.jpg.Le fichier a été compressé de 1.05 MB à 1.03 MB, en économisant 1.75 % à l’aide de WP-Optimize 
[2025-05-22 12:14:49 : INFO] - Completed processing task with ID : 733, and type 'smush' 
[2025-05-22 12:14:49 : INFO] - Processing task with ID : 734, and type 'smush' 
[2025-05-22 12:14:49 : INFO] - Re_Smush_It_Task with attachment ID : 2457, autocreated on : May 22, 2025 12:14:22 
[2025-05-22 12:14:49 : INFO] - File: DSC_0650-scaled.jpg, Compression quality: 85 
[2025-05-22 12:14:51 : INFO] - Backing up the original image - 2025/05/DSC_0650-scaled-updraft-pre-smush-original.jpg 
[2025-05-22 12:14:55 : INFO] - There were no WebP conversion tools found on your server. 
[2025-05-22 12:14:55 : INFO] - Successfully optimized the image - /srv/data/web/vhosts/amisdebourronmarlotte.fr/htdocs/wp-content/uploads/2025/05/DSC_0650-scaled.jpg.Le fichier a été compressé de 1.07 MB à 1.05 MB, en économisant 1.9 % à l’aide de WP-Optimize 
[2025-05-22 12:14:55 : INFO] - Completed processing task with ID : 734, and type 'smush' 
[2025-05-22 12:14:55 : INFO] - Lock option (updraft_lock_smush, abm_options) released 
[2025-05-22 12:14:55 : INFO] - Successfully processed the queue (smush). 7 tasks were processed out of 7. 
[2025-05-22 12:14:55 : INFO] - Lock option (updraft_lock_smush, abm_options) was deleted from the database 
[2025-05-22 12:14:55 : INFO] - Cleaning up tasks of type (smush). A total of 7 tasks will be deleted. 
[2025-05-22 12:32:32 : INFO] - Re_Smush_It_Task with attachment ID : 2459, autocreated on : May 22, 2025 12:32:32 
[2025-05-22 12:41:01 : INFO] - A total of 1 tasks of type smush found and will be processed in this iteration 
[2025-05-22 12:41:01 : DEBUG] - Lock option (updraft_lock_smush, abm_options) was created in the database 
[2025-05-22 12:41:01 : INFO] - Lock (updraft_lock_smush, abm_options) acquired after initialising the database 
[2025-05-22 12:41:01 : INFO] - Processing task with ID : 735, and type 'smush' 
[2025-05-22 12:41:01 : INFO] - Re_Smush_It_Task with attachment ID : 2459, autocreated on : May 22, 2025 12:32:32 
[2025-05-22 12:41:01 : INFO] - File: DSC_0640-scaled.jpg, Compression quality: 85 
[2025-05-22 12:41:02 : INFO] - Backing up the original image - 2025/05/DSC_0640-scaled-updraft-pre-smush-original.jpg 
[2025-05-22 12:41:06 : INFO] - There were no WebP conversion tools found on your server. 
[2025-05-22 12:41:06 : INFO] - Successfully optimized the image - /srv/data/web/vhosts/amisdebourronmarlotte.fr/htdocs/wp-content/uploads/2025/05/DSC_0640-scaled.jpg.Le fichier a été compressé de 1.12 MB à 1.09 MB, en économisant 2.63 % à l’aide de WP-Optimize 
[2025-05-22 12:41:06 : INFO] - Completed processing task with ID : 735, and type 'smush' 
[2025-05-22 12:41:06 : INFO] - Lock option (updraft_lock_smush, abm_options) released 
[2025-05-22 12:41:06 : INFO] - Successfully processed the queue (smush). 1 tasks were processed out of 1. 
[2025-05-22 12:41:06 : INFO] - Lock option (updraft_lock_smush, abm_options) was deleted from the database 
[2025-05-22 12:41:06 : INFO] - Cleaning up tasks of type (smush). A total of 1 tasks will be deleted. 
[2025-05-24 15:31:39 : INFO] - Re_Smush_It_Task with attachment ID : 2464, autocreated on : May 24, 2025 03:31:39 
[2025-05-24 15:34:21 : INFO] - Re_Smush_It_Task with attachment ID : 2465, autocreated on : May 24, 2025 03:34:21 
[2025-05-24 15:34:30 : INFO] - Re_Smush_It_Task with attachment ID : 2466, autocreated on : May 24, 2025 03:34:30 
[2025-05-24 15:37:21 : INFO] - A total of 3 tasks of type smush found and will be processed in this iteration 
[2025-05-24 15:37:21 : DEBUG] - Lock option (updraft_lock_smush, abm_options) was created in the database 
[2025-05-24 15:37:21 : INFO] - Lock (updraft_lock_smush, abm_options) acquired after initialising the database 
[2025-05-24 15:37:21 : INFO] - Processing task with ID : 736, and type 'smush' 
[2025-05-24 15:37:21 : INFO] - Re_Smush_It_Task with attachment ID : 2464, autocreated on : May 24, 2025 03:31:39 
[2025-05-24 15:37:21 : INFO] - File: IMG_5854-scaled.jpeg, Compression quality: 85 
[2025-05-24 15:37:22 : INFO] - Backing up the original image - 2025/05/IMG_5854-scaled-updraft-pre-smush-original.jpeg 
[2025-05-24 15:37:27 : INFO] - There were no WebP conversion tools found on your server. 
[2025-05-24 15:37:27 : INFO] - Successfully optimized the image - /srv/data/web/vhosts/amisdebourronmarlotte.fr/htdocs/wp-content/uploads/2025/05/IMG_5854-scaled.jpeg.Le fichier a été compressé de 1.25 MB à 1.22 MB, en économisant 2.08 % à l’aide de WP-Optimize 
[2025-05-24 15:37:27 : INFO] - Completed processing task with ID : 736, and type 'smush' 
[2025-05-24 15:37:27 : INFO] - Processing task with ID : 737, and type 'smush' 
[2025-05-24 15:37:27 : INFO] - Re_Smush_It_Task with attachment ID : 2465, autocreated on : May 24, 2025 03:34:21 
[2025-05-24 15:37:27 : INFO] - File: IMG_5854-1-scaled.jpeg, Compression quality: 85 
[2025-05-24 15:37:28 : INFO] - Backing up the original image - 2025/05/IMG_5854-1-scaled-updraft-pre-smush-original.jpeg 
[2025-05-24 15:37:31 : INFO] - There were no WebP conversion tools found on your server. 
[2025-05-24 15:37:31 : INFO] - Successfully optimized the image - /srv/data/web/vhosts/amisdebourronmarlotte.fr/htdocs/wp-content/uploads/2025/05/IMG_5854-1-scaled.jpeg.Le fichier a été compressé de 1.05 MB à 1.03 MB, en économisant 1.33 % à l’aide de WP-Optimize 
[2025-05-24 15:37:31 : INFO] - Completed processing task with ID : 737, and type 'smush' 
[2025-05-24 15:37:31 : INFO] - Processing task with ID : 738, and type 'smush' 
[2025-05-24 15:37:31 : INFO] - Re_Smush_It_Task with attachment ID : 2466, autocreated on : May 24, 2025 03:34:30 
[2025-05-24 15:37:31 : INFO] - File: IMG_2847-scaled.jpeg, Compression quality: 85 
[2025-05-24 15:37:32 : INFO] - Backing up the original image - 2025/05/IMG_2847-scaled-updraft-pre-smush-original.jpeg 
[2025-05-24 15:37:36 : INFO] - There were no WebP conversion tools found on your server. 
[2025-05-24 15:37:36 : INFO] - Successfully optimized the image - /srv/data/web/vhosts/amisdebourronmarlotte.fr/htdocs/wp-content/uploads/2025/05/IMG_2847-scaled.jpeg.Le fichier a été compressé de 1.13 MB à 1.10 MB, en économisant 2.12 % à l’aide de WP-Optimize 
[2025-05-24 15:37:36 : INFO] - Completed processing task with ID : 738, and type 'smush' 
[2025-05-24 15:37:36 : INFO] - Lock option (updraft_lock_smush, abm_options) released 
[2025-05-24 15:37:36 : INFO] - Successfully processed the queue (smush). 3 tasks were processed out of 3. 
[2025-05-24 15:37:36 : INFO] - Lock option (updraft_lock_smush, abm_options) was deleted from the database 
[2025-05-24 15:37:36 : INFO] - Cleaning up tasks of type (smush). A total of 3 tasks will be deleted. 
[2025-05-24 15:38:02 : INFO] - Re_Smush_It_Task with attachment ID : 2469, autocreated on : May 24, 2025 03:38:02 
[2025-05-24 15:38:17 : INFO] - Re_Smush_It_Task with attachment ID : 2470, autocreated on : May 24, 2025 03:38:17 
[2025-05-24 15:42:36 : INFO] - Re_Smush_It_Task with attachment ID : 2472, autocreated on : May 24, 2025 03:42:36 
[2025-05-24 15:43:19 : INFO] - Re_Smush_It_Task with attachment ID : 2473, autocreated on : May 24, 2025 03:43:19 
[2025-05-24 15:45:36 : INFO] - Re_Smush_It_Task with attachment ID : 2474, autocreated on : May 24, 2025 03:45:36 
[2025-05-24 15:45:44 : INFO] - Re_Smush_It_Task with attachment ID : 2475, autocreated on : May 24, 2025 03:45:43 
[2025-05-24 15:47:54 : INFO] - A total of 6 tasks of type smush found and will be processed in this iteration 
[2025-05-24 15:47:54 : DEBUG] - Lock option (updraft_lock_smush, abm_options) was created in the database 
[2025-05-24 15:47:54 : INFO] - Lock (updraft_lock_smush, abm_options) acquired after initialising the database 
[2025-05-24 15:47:54 : INFO] - Processing task with ID : 739, and type 'smush' 
[2025-05-24 15:47:54 : INFO] - Re_Smush_It_Task with attachment ID : 2469, autocreated on : May 24, 2025 03:38:02 
[2025-05-24 15:47:54 : INFO] - File: IMG_4276-scaled.jpeg, Compression quality: 85 
[2025-05-24 15:47:54 : INFO] - Backing up the original image - 2025/05/IMG_4276-scaled-updraft-pre-smush-original.jpeg 
[2025-05-24 15:47:58 : INFO] - There were no WebP conversion tools found on your server. 
[2025-05-24 15:47:58 : INFO] - Successfully optimized the image - /srv/data/web/vhosts/amisdebourronmarlotte.fr/htdocs/wp-content/uploads/2025/05/IMG_4276-scaled.jpeg.Le fichier a été compressé de 1.04 MB à 1.03 MB, en économisant 1.35 % à l’aide de WP-Optimize 
[2025-05-24 15:47:58 : INFO] - Completed processing task with ID : 739, and type 'smush' 
[2025-05-24 15:47:58 : INFO] - Processing task with ID : 740, and type 'smush' 
[2025-05-24 15:47:58 : INFO] - Re_Smush_It_Task with attachment ID : 2470, autocreated on : May 24, 2025 03:38:17 
[2025-05-24 15:47:58 : INFO] - File: IMG_1622-scaled.jpeg, Compression quality: 85 
[2025-05-24 15:47:59 : INFO] - Backing up the original image - 2025/05/IMG_1622-scaled-updraft-pre-smush-original.jpeg 
[2025-05-24 15:48:04 : INFO] - There were no WebP conversion tools found on your server. 
[2025-05-24 15:48:04 : INFO] - Successfully optimized the image - /srv/data/web/vhosts/amisdebourronmarlotte.fr/htdocs/wp-content/uploads/2025/05/IMG_1622-scaled.jpeg.Le fichier a été compressé de 1.11 MB à 1.09 MB, en économisant 1.51 % à l’aide de WP-Optimize 
[2025-05-24 15:48:04 : INFO] - Completed processing task with ID : 740, and type 'smush' 
[2025-05-24 15:48:04 : INFO] - Processing task with ID : 741, and type 'smush' 
[2025-05-24 15:48:04 : INFO] - Re_Smush_It_Task with attachment ID : 2472, autocreated on : May 24, 2025 03:42:36 
[2025-05-24 15:48:04 : INFO] - File: IMG_62801-scaled.jpeg, Compression quality: 85 
[2025-05-24 15:48:05 : INFO] - Backing up the original image - 2025/05/IMG_62801-scaled-updraft-pre-smush-original.jpeg 
[2025-05-24 15:48:10 : INFO] - There were no WebP conversion tools found on your server. 
[2025-05-24 15:48:10 : INFO] - Successfully optimized the image - /srv/data/web/vhosts/amisdebourronmarlotte.fr/htdocs/wp-content/uploads/2025/05/IMG_62801-scaled.jpeg.Le fichier a été compressé de 994.23 KB à 987.12 KB, en économisant 0.72 % à l’aide de WP-Optimize 
[2025-05-24 15:48:10 : INFO] - Completed processing task with ID : 741, and type 'smush' 
[2025-05-24 15:48:10 : INFO] - Processing task with ID : 742, and type 'smush' 
[2025-05-24 15:48:10 : INFO] - Re_Smush_It_Task with attachment ID : 2473, autocreated on : May 24, 2025 03:43:19 
[2025-05-24 15:48:10 : INFO] - File: IMG_89211-scaled.jpeg, Compression quality: 85 
[2025-05-24 15:48:11 : INFO] - Backing up the original image - 2025/05/IMG_89211-scaled-updraft-pre-smush-original.jpeg 
[2025-05-24 15:48:15 : INFO] - There were no WebP conversion tools found on your server. 
[2025-05-24 15:48:15 : INFO] - Successfully optimized the image - /srv/data/web/vhosts/amisdebourronmarlotte.fr/htdocs/wp-content/uploads/2025/05/IMG_89211-scaled.jpeg.Le fichier a été compressé de 1.14 MB à 1.12 MB, en économisant 2 % à l’aide de WP-Optimize 
[2025-05-24 15:48:15 : INFO] - Completed processing task with ID : 742, and type 'smush' 
[2025-05-24 15:48:15 : INFO] - Processing task with ID : 743, and type 'smush' 
[2025-05-24 15:48:15 : INFO] - Re_Smush_It_Task with attachment ID : 2474, autocreated on : May 24, 2025 03:45:36 
[2025-05-24 15:48:15 : INFO] - File: IMG_9937-scaled.jpeg, Compression quality: 85 
[2025-05-24 15:48:16 : INFO] - Backing up the original image - 2025/05/IMG_9937-scaled-updraft-pre-smush-original.jpeg 
[2025-05-24 15:48:19 : INFO] - There were no WebP conversion tools found on your server. 
[2025-05-24 15:48:19 : INFO] - Successfully optimized the image - /srv/data/web/vhosts/amisdebourronmarlotte.fr/htdocs/wp-content/uploads/2025/05/IMG_9937-scaled.jpeg.Le fichier a été compressé de 893.37 KB à 883.21 KB, en économisant 1.14 % à l’aide de WP-Optimize 
[2025-05-24 15:48:19 : INFO] - Completed processing task with ID : 743, and type 'smush' 
[2025-05-24 15:48:19 : INFO] - Processing task with ID : 744, and type 'smush' 
[2025-05-24 15:48:20 : INFO] - Re_Smush_It_Task with attachment ID : 2475, autocreated on : May 24, 2025 03:45:43 
[2025-05-24 15:48:20 : INFO] - File: IMG_5687-scaled.jpeg, Compression quality: 85 
[2025-05-24 15:48:20 : INFO] - Backing up the original image - 2025/05/IMG_5687-scaled-updraft-pre-smush-original.jpeg 
[2025-05-24 15:48:24 : INFO] - There were no WebP conversion tools found on your server. 
[2025-05-24 15:48:24 : INFO] - Successfully optimized the image - /srv/data/web/vhosts/amisdebourronmarlotte.fr/htdocs/wp-content/uploads/2025/05/IMG_5687-scaled.jpeg.Le fichier a été compressé de 1.04 MB à 1.03 MB, en économisant 1.61 % à l’aide de WP-Optimize 
[2025-05-24 15:48:24 : INFO] - Completed processing task with ID : 744, and type 'smush' 
[2025-05-24 15:48:24 : INFO] - Lock option (updraft_lock_smush, abm_options) released 
[2025-05-24 15:48:24 : INFO] - Successfully processed the queue (smush). 6 tasks were processed out of 6. 
[2025-05-24 15:48:24 : INFO] - Lock option (updraft_lock_smush, abm_options) was deleted from the database 
[2025-05-24 15:48:24 : INFO] - Cleaning up tasks of type (smush). A total of 6 tasks will be deleted. 
[2025-05-24 15:48:39 : INFO] - Re_Smush_It_Task with attachment ID : 2476, autocreated on : May 24, 2025 03:48:39 
[2025-05-24 15:49:55 : INFO] - Re_Smush_It_Task with attachment ID : 2478, autocreated on : May 24, 2025 03:49:55 
[2025-05-24 15:55:16 : INFO] - Re_Smush_It_Task with attachment ID : 2481, autocreated on : May 24, 2025 03:55:15 
[2025-05-24 15:56:48 : INFO] - Re_Smush_It_Task with attachment ID : 2484, autocreated on : May 24, 2025 03:56:48 
[2025-05-24 15:57:55 : INFO] - A total of 4 tasks of type smush found and will be processed in this iteration 
[2025-05-24 15:57:55 : DEBUG] - Lock option (updraft_lock_smush, abm_options) was created in the database 
[2025-05-24 15:57:55 : INFO] - Lock (updraft_lock_smush, abm_options) acquired after initialising the database 
[2025-05-24 15:57:55 : INFO] - Processing task with ID : 745, and type 'smush' 
[2025-05-24 15:57:55 : INFO] - Task with ID 745 and type (smush) failed with error code invalid_file_path - The linked attachment ID does not have a valid file path 
[2025-05-24 15:57:55 : INFO] - Processing task with ID : 746, and type 'smush' 
[2025-05-24 15:57:56 : INFO] - Task with ID 746 and type (smush) failed with error code invalid_file_path - The linked attachment ID does not have a valid file path 
[2025-05-24 15:57:56 : INFO] - Processing task with ID : 747, and type 'smush' 
[2025-05-24 15:57:56 : INFO] - Re_Smush_It_Task with attachment ID : 2481, autocreated on : May 24, 2025 03:55:15 
[2025-05-24 15:57:56 : INFO] - File: IMG_9937-scaled.jpeg, Compression quality: 85 
[2025-05-24 15:57:56 : INFO] - Task with ID 747 and type (smush) failed with error code 402 - Cannot copy from uploaded file 
[2025-05-24 15:57:56 : INFO] - Task with ID 747 and type (smush) failed with error code 402 - Cannot copy from uploaded file 
[2025-05-24 15:57:56 : INFO] - Task with ID 747 and type (smush) failed with error code 402 - Cannot copy from uploaded file 
[2025-05-24 15:57:57 : INFO] - Task with ID 747 and type (smush) failed with error code 402 - Cannot copy from uploaded file 
[2025-05-24 15:57:57 : INFO] - Task with ID 747 and type (smush) failed with error code 402 - Cannot copy from uploaded file 
[2025-05-24 15:57:57 : INFO] - Task with ID 747 and type (smush) failed with error code 402 - Cannot copy from uploaded file 
[2025-05-24 15:57:57 : INFO] - Task with ID 747 and type (smush) failed with error code 402 - Cannot copy from uploaded file 
[2025-05-24 15:57:57 : INFO] - Task with ID 747 and type (smush) failed with error code 402 - Cannot copy from uploaded file 
[2025-05-24 15:57:58 : INFO] - Task with ID 747 and type (smush) failed with error code 402 - Cannot copy from uploaded file 
[2025-05-24 15:57:58 : INFO] - Task with ID 747 and type (smush) failed with error code 402 - Cannot copy from uploaded file 
[2025-05-24 15:57:58 : INFO] - There were no WebP conversion tools found on your server. 
[2025-05-24 15:57:58 : INFO] - Processing task with ID : 748, and type 'smush' 
[2025-05-24 15:57:58 : INFO] - Re_Smush_It_Task with attachment ID : 2484, autocreated on : May 24, 2025 03:56:48 
[2025-05-24 15:57:58 : INFO] - File: IMG_7505-scaled.jpg, Compression quality: 85 
[2025-05-24 15:57:58 : INFO] - Task with ID 748 and type (smush) failed with error code 402 - Cannot copy from uploaded file 
[2025-05-24 15:57:59 : INFO] - Task with ID 748 and type (smush) failed with error code 402 - Cannot copy from uploaded file 
[2025-05-24 15:57:59 : INFO] - Task with ID 748 and type (smush) failed with error code 402 - Cannot copy from uploaded file 
[2025-05-24 15:57:59 : INFO] - Task with ID 748 and type (smush) failed with error code 402 - Cannot copy from uploaded file 
[2025-05-24 15:57:59 : INFO] - Task with ID 748 and type (smush) failed with error code 402 - Cannot copy from uploaded file 
[2025-05-24 15:58:00 : INFO] - Task with ID 748 and type (smush) failed with error code 402 - Cannot copy from uploaded file 
[2025-05-24 15:58:00 : INFO] - Task with ID 748 and type (smush) failed with error code 402 - Cannot copy from uploaded file 
[2025-05-24 15:58:00 : INFO] - Task with ID 748 and type (smush) failed with error code 402 - Cannot copy from uploaded file 
[2025-05-24 15:58:00 : INFO] - Task with ID 748 and type (smush) failed with error code 402 - Cannot copy from uploaded file 
[2025-05-24 15:58:00 : INFO] - There were no WebP conversion tools found on your server. 
[2025-05-24 15:58:00 : INFO] - Successfully optimized the image - /srv/data/web/vhosts/amisdebourronmarlotte.fr/htdocs/wp-content/uploads/2025/05/IMG_7505-scaled.jpg.Le fichier a été compressé de 932.22 KB à 932.22 KB, en économisant 0 % à l’aide de WP-Optimize 
[2025-05-24 15:58:00 : INFO] - Completed processing task with ID : 748, and type 'smush' 
[2025-05-24 15:58:00 : INFO] - Lock option (updraft_lock_smush, abm_options) released 
[2025-05-24 15:58:00 : INFO] - Successfully processed the queue (smush). 4 tasks were processed out of 4. 
[2025-05-24 15:58:00 : INFO] - Lock option (updraft_lock_smush, abm_options) was deleted from the database 
[2025-05-24 15:58:00 : INFO] - Cleaning up tasks of type (smush). A total of 1 tasks will be deleted. 
[2025-05-24 15:58:30 : INFO] - Re_Smush_It_Task with attachment ID : 2487, autocreated on : May 24, 2025 03:58:30 
[2025-05-24 16:11:05 : INFO] - A total of 1 tasks of type smush found and will be processed in this iteration 
[2025-05-24 16:11:05 : DEBUG] - Lock option (updraft_lock_smush, abm_options) was created in the database 
[2025-05-24 16:11:05 : INFO] - Lock (updraft_lock_smush, abm_options) acquired after initialising the database 
[2025-05-24 16:11:05 : INFO] - Processing task with ID : 749, and type 'smush' 
[2025-05-24 16:11:05 : INFO] - Re_Smush_It_Task with attachment ID : 2487, autocreated on : May 24, 2025 03:58:30 
[2025-05-24 16:11:05 : INFO] - File: IMG_7504-scaled.jpg, Compression quality: 85 
[2025-05-24 16:11:05 : INFO] - Task with ID 749 and type (smush) failed with error code 1 -  
[2025-05-24 16:11:05 : INFO] - Task with ID 749 and type (smush) failed with error code 1 -  
[2025-05-24 16:11:06 : INFO] - Task with ID 749 and type (smush) failed with error code 1 -  
[2025-05-24 16:11:06 : INFO] - Task with ID 749 and type (smush) failed with error code 402 - Cannot copy from uploaded file 
[2025-05-24 16:11:06 : INFO] - Task with ID 749 and type (smush) failed with error code 402 - Cannot copy from uploaded file 
[2025-05-24 16:11:07 : INFO] - Task with ID 749 and type (smush) failed with error code 402 - Cannot copy from uploaded file 
[2025-05-24 16:11:07 : INFO] - Task with ID 749 and type (smush) failed with error code 402 - Cannot copy from uploaded file 
[2025-05-24 16:11:07 : INFO] - Task with ID 749 and type (smush) failed with error code 402 - Cannot copy from uploaded file 
[2025-05-24 16:11:07 : INFO] - Task with ID 749 and type (smush) failed with error code 402 - Cannot copy from uploaded file 
[2025-05-24 16:11:07 : INFO] - There were no WebP conversion tools found on your server. 
[2025-05-24 16:11:08 : INFO] - Successfully optimized the image - /srv/data/web/vhosts/amisdebourronmarlotte.fr/htdocs/wp-content/uploads/2025/05/IMG_7504-scaled.jpg.Le fichier a été compressé de 674.99 KB à 674.99 KB, en économisant 0 % à l’aide de WP-Optimize 
[2025-05-24 16:11:08 : INFO] - Completed processing task with ID : 749, and type 'smush' 
[2025-05-24 16:11:08 : INFO] - Lock option (updraft_lock_smush, abm_options) released 
[2025-05-24 16:11:08 : INFO] - Successfully processed the queue (smush). 1 tasks were processed out of 1. 
[2025-05-24 16:11:08 : INFO] - Lock option (updraft_lock_smush, abm_options) was deleted from the database 
[2025-05-24 16:11:08 : INFO] - Cleaning up tasks of type (smush). A total of 1 tasks will be deleted. 
[2025-05-24 16:50:55 : INFO] - Re_Smush_It_Task with attachment ID : 2489, autocreated on : May 24, 2025 04:50:55 
[2025-05-24 17:00:23 : INFO] - A total of 1 tasks of type smush found and will be processed in this iteration 
[2025-05-24 17:00:23 : DEBUG] - Lock option (updraft_lock_smush, abm_options) was created in the database 
[2025-05-24 17:00:23 : INFO] - Lock (updraft_lock_smush, abm_options) acquired after initialising the database 
[2025-05-24 17:00:23 : INFO] - Processing task with ID : 750, and type 'smush' 
[2025-05-24 17:00:24 : INFO] - Re_Smush_It_Task with attachment ID : 2489, autocreated on : May 24, 2025 04:50:55 
[2025-05-24 17:00:24 : INFO] - File: IMG_7504-1-scaled.jpg, Compression quality: 85 
[2025-05-24 17:00:24 : INFO] - Backing up the original image - 2025/05/IMG_7504-1-scaled-updraft-pre-smush-original.jpg 
[2025-05-24 17:00:28 : INFO] - There were no WebP conversion tools found on your server. 
[2025-05-24 17:00:29 : INFO] - Successfully optimized the image - /srv/data/web/vhosts/amisdebourronmarlotte.fr/htdocs/wp-content/uploads/2025/05/IMG_7504-1-scaled.jpg.Le fichier a été compressé de 1.30 MB à 1.28 MB, en économisant 2.03 % à l’aide de WP-Optimize 
[2025-05-24 17:00:29 : INFO] - Completed processing task with ID : 750, and type 'smush' 
[2025-05-24 17:00:29 : INFO] - Lock option (updraft_lock_smush, abm_options) released 
[2025-05-24 17:00:29 : INFO] - Successfully processed the queue (smush). 1 tasks were processed out of 1. 
[2025-05-24 17:00:29 : INFO] - Lock option (updraft_lock_smush, abm_options) was deleted from the database 
[2025-05-24 17:00:29 : INFO] - Cleaning up tasks of type (smush). A total of 1 tasks will be deleted. 
[2025-06-02 11:53:51 : INFO] - Re_Smush_It_Task with attachment ID : 2501, autocreated on : June 02, 2025 11:53:51 
[2025-06-02 11:58:51 : INFO] - Re_Smush_It_Task with attachment ID : 2502, autocreated on : June 02, 2025 11:58:51 
[2025-06-02 11:58:53 : INFO] - A total of 2 tasks of type smush found and will be processed in this iteration 
[2025-06-02 11:58:53 : DEBUG] - Lock option (updraft_lock_smush, abm_options) was created in the database 
[2025-06-02 11:58:53 : INFO] - Lock (updraft_lock_smush, abm_options) acquired after initialising the database 
[2025-06-02 11:58:53 : INFO] - Processing task with ID : 751, and type 'smush' 
[2025-06-02 11:58:53 : INFO] - Re_Smush_It_Task with attachment ID : 2501, autocreated on : June 02, 2025 11:53:51 
[2025-06-02 11:58:53 : INFO] - File: Image1.jpg, Compression quality: 85 
[2025-06-02 11:58:54 : INFO] - Backing up the original image - 2025/06/Image1-updraft-pre-smush-original.jpg 
[2025-06-02 11:58:55 : INFO] - There were no WebP conversion tools found on your server. 
[2025-06-02 11:58:55 : INFO] - Successfully optimized the image - /srv/data/web/vhosts/amisdebourronmarlotte.fr/htdocs/wp-content/uploads/2025/06/Image1.jpg.Le fichier a été compressé de 165.19 KB à 132.53 KB, en économisant 19.77 % à l’aide de WP-Optimize 
[2025-06-02 11:58:55 : INFO] - Completed processing task with ID : 751, and type 'smush' 
[2025-06-02 11:58:55 : INFO] - Processing task with ID : 752, and type 'smush' 
[2025-06-02 11:58:55 : INFO] - Re_Smush_It_Task with attachment ID : 2502, autocreated on : June 02, 2025 11:58:51 
[2025-06-02 11:58:55 : INFO] - File: Paysage-esquisse-extrait-du-carnet-Bourron-pour-Monsieur-Daniel-Ricoult-2.jpg, Compression quality: 85 
[2025-06-02 11:58:56 : INFO] - Backing up the original image - 2025/06/Paysage-esquisse-extrait-du-carnet-Bourron-pour-Monsieur-Daniel-Ricoult-2-updraft-pre-smush-original.jpg 
[2025-06-02 11:58:59 : INFO] - There were no WebP conversion tools found on your server. 
[2025-06-02 11:58:59 : INFO] - Successfully optimized the image - /srv/data/web/vhosts/amisdebourronmarlotte.fr/htdocs/wp-content/uploads/2025/06/Paysage-esquisse-extrait-du-carnet-Bourron-pour-Monsieur-Daniel-Ricoult-2.jpg.Le fichier a été compressé de 418.07 KB à 339.18 KB, en économisant 18.87 % à l’aide de WP-Optimize 
[2025-06-02 11:58:59 : INFO] - Completed processing task with ID : 752, and type 'smush' 
[2025-06-02 11:58:59 : INFO] - Lock option (updraft_lock_smush, abm_options) released 
[2025-06-02 11:58:59 : INFO] - Successfully processed the queue (smush). 2 tasks were processed out of 2. 
[2025-06-02 11:58:59 : INFO] - Lock option (updraft_lock_smush, abm_options) was deleted from the database 
[2025-06-02 11:58:59 : INFO] - Cleaning up tasks of type (smush). A total of 2 tasks will be deleted. 
[2025-06-02 12:00:20 : INFO] - Re_Smush_It_Task with attachment ID : 2504, autocreated on : June 02, 2025 12:00:20 
[2025-06-02 12:05:55 : INFO] - Re_Smush_It_Task with attachment ID : 2508, autocreated on : June 02, 2025 12:05:55 
[2025-06-02 12:08:54 : INFO] - A total of 2 tasks of type smush found and will be processed in this iteration 
[2025-06-02 12:08:54 : DEBUG] - Lock option (updraft_lock_smush, abm_options) was created in the database 
[2025-06-02 12:08:54 : INFO] - Lock (updraft_lock_smush, abm_options) acquired after initialising the database 
[2025-06-02 12:08:54 : INFO] - Processing task with ID : 753, and type 'smush' 
[2025-06-02 12:08:54 : INFO] - Task with ID 753 and type (smush) failed with error code invalid_file_path - The linked attachment ID does not have a valid file path 
[2025-06-02 12:08:54 : INFO] - Processing task with ID : 754, and type 'smush' 
[2025-06-02 12:08:54 : INFO] - Re_Smush_It_Task with attachment ID : 2508, autocreated on : June 02, 2025 12:05:55 
[2025-06-02 12:08:54 : INFO] - File: Image2.jpg, Compression quality: 85 
[2025-06-02 12:08:55 : INFO] - Backing up the original image - 2025/06/Image2-updraft-pre-smush-original.jpg 
[2025-06-02 12:08:56 : INFO] - There were no WebP conversion tools found on your server. 
[2025-06-02 12:08:56 : INFO] - Successfully optimized the image - /srv/data/web/vhosts/amisdebourronmarlotte.fr/htdocs/wp-content/uploads/2025/06/Image2.jpg.Le fichier a été compressé de 75.65 KB à 62.14 KB, en économisant 17.85 % à l’aide de WP-Optimize 
[2025-06-02 12:08:56 : INFO] - Completed processing task with ID : 754, and type 'smush' 
[2025-06-02 12:08:56 : INFO] - Lock option (updraft_lock_smush, abm_options) released 
[2025-06-02 12:08:56 : INFO] - Successfully processed the queue (smush). 2 tasks were processed out of 2. 
[2025-06-02 12:08:56 : INFO] - Lock option (updraft_lock_smush, abm_options) was deleted from the database 
[2025-06-02 12:08:56 : INFO] - Cleaning up tasks of type (smush). A total of 1 tasks will be deleted. 
[2025-06-02 12:11:38 : INFO] - Re_Smush_It_Task with attachment ID : 2511, autocreated on : June 02, 2025 12:11:38 
[2025-06-02 12:15:00 : INFO] - Re_Smush_It_Task with attachment ID : 2513, autocreated on : June 02, 2025 12:15:00 
[2025-06-02 12:15:55 : INFO] - Re_Smush_It_Task with attachment ID : 2514, autocreated on : June 02, 2025 12:15:54 
[2025-06-02 12:17:57 : INFO] - Re_Smush_It_Task with attachment ID : 2515, autocreated on : June 02, 2025 12:17:57 
[2025-06-02 12:18:57 : INFO] - A total of 4 tasks of type smush found and will be processed in this iteration 
[2025-06-02 12:18:57 : DEBUG] - Lock option (updraft_lock_smush, abm_options) was created in the database 
[2025-06-02 12:18:57 : INFO] - Lock (updraft_lock_smush, abm_options) acquired after initialising the database 
[2025-06-02 12:18:57 : INFO] - Processing task with ID : 755, and type 'smush' 
[2025-06-02 12:18:57 : INFO] - Re_Smush_It_Task with attachment ID : 2511, autocreated on : June 02, 2025 12:11:38 
[2025-06-02 12:18:57 : INFO] - File: Image3.jpg, Compression quality: 85 
[2025-06-02 12:18:57 : INFO] - Backing up the original image - 2025/06/Image3-updraft-pre-smush-original.jpg 
[2025-06-02 12:18:58 : INFO] - There were no WebP conversion tools found on your server. 
[2025-06-02 12:18:58 : INFO] - Successfully optimized the image - /srv/data/web/vhosts/amisdebourronmarlotte.fr/htdocs/wp-content/uploads/2025/06/Image3.jpg.Le fichier a été compressé de 73.26 KB à 57.92 KB, en économisant 20.93 % à l’aide de WP-Optimize 
[2025-06-02 12:18:58 : INFO] - Completed processing task with ID : 755, and type 'smush' 
[2025-06-02 12:18:58 : INFO] - Processing task with ID : 756, and type 'smush' 
[2025-06-02 12:18:58 : INFO] - Re_Smush_It_Task with attachment ID : 2513, autocreated on : June 02, 2025 12:15:00 
[2025-06-02 12:18:58 : INFO] - File: Image4.jpg, Compression quality: 85 
[2025-06-02 12:18:58 : INFO] - Backing up the original image - 2025/06/Image4-updraft-pre-smush-original.jpg 
[2025-06-02 12:18:59 : INFO] - There were no WebP conversion tools found on your server. 
[2025-06-02 12:18:59 : INFO] - Successfully optimized the image - /srv/data/web/vhosts/amisdebourronmarlotte.fr/htdocs/wp-content/uploads/2025/06/Image4.jpg.Le fichier a été compressé de 35.38 KB à 28.96 KB, en économisant 18.14 % à l’aide de WP-Optimize 
[2025-06-02 12:18:59 : INFO] - Completed processing task with ID : 756, and type 'smush' 
[2025-06-02 12:18:59 : INFO] - Processing task with ID : 757, and type 'smush' 
[2025-06-02 12:18:59 : INFO] - Re_Smush_It_Task with attachment ID : 2514, autocreated on : June 02, 2025 12:15:54 
[2025-06-02 12:18:59 : INFO] - File: Image5.jpg, Compression quality: 85 
[2025-06-02 12:18:59 : INFO] - Backing up the original image - 2025/06/Image5-updraft-pre-smush-original.jpg 
[2025-06-02 12:19:00 : INFO] - There were no WebP conversion tools found on your server. 
[2025-06-02 12:19:00 : INFO] - Successfully optimized the image - /srv/data/web/vhosts/amisdebourronmarlotte.fr/htdocs/wp-content/uploads/2025/06/Image5.jpg.Le fichier a été compressé de 37.87 KB à 31.29 KB, en économisant 17.39 % à l’aide de WP-Optimize 
[2025-06-02 12:19:00 : INFO] - Completed processing task with ID : 757, and type 'smush' 
[2025-06-02 12:19:00 : INFO] - Processing task with ID : 758, and type 'smush' 
[2025-06-02 12:19:00 : INFO] - Re_Smush_It_Task with attachment ID : 2515, autocreated on : June 02, 2025 12:17:57 
[2025-06-02 12:19:00 : INFO] - File: Image6.jpg, Compression quality: 85 
[2025-06-02 12:19:01 : INFO] - Backing up the original image - 2025/06/Image6-updraft-pre-smush-original.jpg 
[2025-06-02 12:19:02 : INFO] - There were no WebP conversion tools found on your server. 
[2025-06-02 12:19:02 : INFO] - Successfully optimized the image - /srv/data/web/vhosts/amisdebourronmarlotte.fr/htdocs/wp-content/uploads/2025/06/Image6.jpg.Le fichier a été compressé de 59.34 KB à 48.59 KB, en économisant 18.1 % à l’aide de WP-Optimize 
[2025-06-02 12:19:02 : INFO] - Completed processing task with ID : 758, and type 'smush' 
[2025-06-02 12:19:02 : INFO] - Lock option (updraft_lock_smush, abm_options) released 
[2025-06-02 12:19:02 : INFO] - Successfully processed the queue (smush). 4 tasks were processed out of 4. 
[2025-06-02 12:19:02 : INFO] - Lock option (updraft_lock_smush, abm_options) was deleted from the database 
[2025-06-02 12:19:02 : INFO] - Cleaning up tasks of type (smush). A total of 4 tasks will be deleted. 
[2025-06-02 12:20:21 : INFO] - Re_Smush_It_Task with attachment ID : 2516, autocreated on : June 02, 2025 12:20:21 
[2025-06-02 12:30:22 : INFO] - A total of 1 tasks of type smush found and will be processed in this iteration 
[2025-06-02 12:30:23 : DEBUG] - Lock option (updraft_lock_smush, abm_options) was created in the database 
[2025-06-02 12:30:23 : INFO] - Lock (updraft_lock_smush, abm_options) acquired after initialising the database 
[2025-06-02 12:30:23 : INFO] - Processing task with ID : 759, and type 'smush' 
[2025-06-02 12:30:23 : INFO] - Re_Smush_It_Task with attachment ID : 2516, autocreated on : June 02, 2025 12:20:21 
[2025-06-02 12:30:23 : INFO] - File: Image7.jpg, Compression quality: 85 
[2025-06-02 12:30:23 : INFO] - Backing up the original image - 2025/06/Image7-updraft-pre-smush-original.jpg 
[2025-06-02 12:30:24 : INFO] - There were no WebP conversion tools found on your server. 
[2025-06-02 12:30:24 : INFO] - Successfully optimized the image - /srv/data/web/vhosts/amisdebourronmarlotte.fr/htdocs/wp-content/uploads/2025/06/Image7.jpg.Le fichier a été compressé de 68.73 KB à 55.82 KB, en économisant 18.78 % à l’aide de WP-Optimize 
[2025-06-02 12:30:24 : INFO] - Completed processing task with ID : 759, and type 'smush' 
[2025-06-02 12:30:24 : INFO] - Lock option (updraft_lock_smush, abm_options) released 
[2025-06-02 12:30:24 : INFO] - Successfully processed the queue (smush). 1 tasks were processed out of 1. 
[2025-06-02 12:30:24 : INFO] - Lock option (updraft_lock_smush, abm_options) was deleted from the database 
[2025-06-02 12:30:24 : INFO] - Cleaning up tasks of type (smush). A total of 1 tasks will be deleted. 
[2025-06-03 08:02:35 : INFO] - Re_Smush_It_Task with attachment ID : 2521, autocreated on : June 03, 2025 08:02:35 
[2025-06-03 08:03:35 : INFO] - Re_Smush_It_Task with attachment ID : 2523, autocreated on : June 03, 2025 08:03:35 
[2025-06-03 08:04:17 : INFO] - Re_Smush_It_Task with attachment ID : 2524, autocreated on : June 03, 2025 08:04:17 
[2025-06-03 08:07:59 : INFO] - A total of 3 tasks of type smush found and will be processed in this iteration 
[2025-06-03 08:07:59 : DEBUG] - Lock option (updraft_lock_smush, abm_options) was created in the database 
[2025-06-03 08:07:59 : INFO] - Lock (updraft_lock_smush, abm_options) acquired after initialising the database 
[2025-06-03 08:07:59 : INFO] - Processing task with ID : 760, and type 'smush' 
[2025-06-03 08:07:59 : INFO] - Re_Smush_It_Task with attachment ID : 2521, autocreated on : June 03, 2025 08:02:35 
[2025-06-03 08:07:59 : INFO] - File: Livre-MCL-1b-scaled.jpg, Compression quality: 85 
[2025-06-03 08:08:00 : INFO] - Backing up the original image - 2024/11/Livre-MCL-1b-scaled-updraft-pre-smush-original.jpg 
[2025-06-03 08:08:03 : INFO] - There were no WebP conversion tools found on your server. 
[2025-06-03 08:08:03 : INFO] - Successfully optimized the image - /srv/data/web/vhosts/amisdebourronmarlotte.fr/htdocs/wp-content/uploads/2024/11/Livre-MCL-1b-scaled.jpg.Le fichier a été compressé de 536.89 KB à 528.88 KB, en économisant 1.49 % à l’aide de WP-Optimize 
[2025-06-03 08:08:03 : INFO] - Completed processing task with ID : 760, and type 'smush' 
[2025-06-03 08:08:03 : INFO] - Processing task with ID : 761, and type 'smush' 
[2025-06-03 08:08:03 : INFO] - Re_Smush_It_Task with attachment ID : 2523, autocreated on : June 03, 2025 08:03:35 
[2025-06-03 08:08:03 : INFO] - File: 100-ans-musee-scaled.jpg, Compression quality: 85 
[2025-06-03 08:08:04 : INFO] - Backing up the original image - 2023/01/100-ans-musee-scaled-updraft-pre-smush-original.jpg 
[2025-06-03 08:08:07 : INFO] - There were no WebP conversion tools found on your server. 
[2025-06-03 08:08:07 : INFO] - Successfully optimized the image - /srv/data/web/vhosts/amisdebourronmarlotte.fr/htdocs/wp-content/uploads/2023/01/100-ans-musee-scaled.jpg.Le fichier a été compressé de 777.61 KB à 744.65 KB, en économisant 4.24 % à l’aide de WP-Optimize 
[2025-06-03 08:08:07 : INFO] - Completed processing task with ID : 761, and type 'smush' 
[2025-06-03 08:08:07 : INFO] - Processing task with ID : 762, and type 'smush' 
[2025-06-03 08:08:07 : INFO] - Re_Smush_It_Task with attachment ID : 2524, autocreated on : June 03, 2025 08:04:17 
[2025-06-03 08:08:07 : INFO] - File: Couverture-N65-scaled.jpg, Compression quality: 85 
[2025-06-03 08:08:08 : INFO] - Backing up the original image - 2023/02/Couverture-N65-scaled-updraft-pre-smush-original.jpg 
[2025-06-03 08:08:12 : INFO] - There were no WebP conversion tools found on your server. 
[2025-06-03 08:08:12 : INFO] - Successfully optimized the image - /srv/data/web/vhosts/amisdebourronmarlotte.fr/htdocs/wp-content/uploads/2023/02/Couverture-N65-scaled.jpg.Le fichier a été compressé de 505.37 KB à 472.81 KB, en économisant 6.44 % à l’aide de WP-Optimize 
[2025-06-03 08:08:12 : INFO] - Completed processing task with ID : 762, and type 'smush' 
[2025-06-03 08:08:12 : INFO] - Lock option (updraft_lock_smush, abm_options) released 
[2025-06-03 08:08:12 : INFO] - Successfully processed the queue (smush). 3 tasks were processed out of 3. 
[2025-06-03 08:08:12 : INFO] - Lock option (updraft_lock_smush, abm_options) was deleted from the database 
[2025-06-03 08:08:12 : INFO] - Cleaning up tasks of type (smush). A total of 3 tasks will be deleted. 
[2025-06-15 11:59:19 : INFO] - Re_Smush_It_Task with attachment ID : 2533, autocreated on : June 15, 2025 11:59:19 
[2025-06-15 11:59:26 : INFO] - Re_Smush_It_Task with attachment ID : 2534, autocreated on : June 15, 2025 11:59:26 
[2025-06-15 12:04:26 : INFO] - A total of 2 tasks of type smush found and will be processed in this iteration 
[2025-06-15 12:04:26 : DEBUG] - Lock option (updraft_lock_smush, abm_options) was created in the database 
[2025-06-15 12:04:26 : INFO] - Lock (updraft_lock_smush, abm_options) acquired after initialising the database 
[2025-06-15 12:04:26 : INFO] - Processing task with ID : 763, and type 'smush' 
[2025-06-15 12:04:26 : INFO] - Re_Smush_It_Task with attachment ID : 2533, autocreated on : June 15, 2025 11:59:19 
[2025-06-15 12:04:26 : INFO] - File: Image-23.jpg, Compression quality: 85 
[2025-06-15 12:04:27 : INFO] - Backing up the original image - 2024/08/Image-23-updraft-pre-smush-original.jpg 
[2025-06-15 12:04:29 : INFO] - There were no WebP conversion tools found on your server. 
[2025-06-15 12:04:29 : INFO] - Successfully optimized the image - /srv/data/web/vhosts/amisdebourronmarlotte.fr/htdocs/wp-content/uploads/2024/08/Image-23.jpg.Le fichier a été compressé de 517.33 KB à 307.83 KB, en économisant 40.5 % à l’aide de WP-Optimize 
[2025-06-15 12:04:29 : INFO] - Completed processing task with ID : 763, and type 'smush' 
[2025-06-15 12:04:29 : INFO] - Processing task with ID : 764, and type 'smush' 
[2025-06-15 12:04:29 : INFO] - Re_Smush_It_Task with attachment ID : 2534, autocreated on : June 15, 2025 11:59:26 
[2025-06-15 12:04:29 : INFO] - File: Rochers-Fontainebleau.jpg, Compression quality: 85 
[2025-06-15 12:04:30 : INFO] - Backing up the original image - 2024/08/Rochers-Fontainebleau-updraft-pre-smush-original.jpg 
[2025-06-15 12:04:33 : INFO] - There were no WebP conversion tools found on your server. 
[2025-06-15 12:04:33 : INFO] - Successfully optimized the image - /srv/data/web/vhosts/amisdebourronmarlotte.fr/htdocs/wp-content/uploads/2024/08/Rochers-Fontainebleau.jpg.Le fichier a été compressé de 450.49 KB à 373.36 KB, en économisant 17.12 % à l’aide de WP-Optimize 
[2025-06-15 12:04:33 : INFO] - Completed processing task with ID : 764, and type 'smush' 
[2025-06-15 12:04:33 : INFO] - Lock option (updraft_lock_smush, abm_options) released 
[2025-06-15 12:04:33 : INFO] - Successfully processed the queue (smush). 2 tasks were processed out of 2. 
[2025-06-15 12:04:33 : INFO] - Lock option (updraft_lock_smush, abm_options) was deleted from the database 
[2025-06-15 12:04:33 : INFO] - Cleaning up tasks of type (smush). A total of 2 tasks will be deleted. 
[2025-06-15 12:53:06 : INFO] - Re_Smush_It_Task with attachment ID : 2535, autocreated on : June 15, 2025 12:53:06 
[2025-06-15 12:53:12 : INFO] - Re_Smush_It_Task with attachment ID : 2536, autocreated on : June 15, 2025 12:53:12 
[2025-06-15 12:58:07 : INFO] - A total of 2 tasks of type smush found and will be processed in this iteration 
[2025-06-15 12:58:07 : DEBUG] - Lock option (updraft_lock_smush, abm_options) was created in the database 
[2025-06-15 12:58:07 : INFO] - Lock (updraft_lock_smush, abm_options) acquired after initialising the database 
[2025-06-15 12:58:07 : INFO] - Processing task with ID : 765, and type 'smush' 
[2025-06-15 12:58:07 : INFO] - Re_Smush_It_Task with attachment ID : 2535, autocreated on : June 15, 2025 12:53:06 
[2025-06-15 12:58:07 : INFO] - File: Ehrmann-Le-Manuscrit.jpg, Compression quality: 85 
[2025-06-15 12:58:07 : INFO] - Backing up the original image - 2024/08/Ehrmann-Le-Manuscrit-updraft-pre-smush-original.jpg 
[2025-06-15 12:58:08 : INFO] - There were no WebP conversion tools found on your server. 
[2025-06-15 12:58:08 : INFO] - Successfully optimized the image - /srv/data/web/vhosts/amisdebourronmarlotte.fr/htdocs/wp-content/uploads/2024/08/Ehrmann-Le-Manuscrit.jpg.Le fichier a été compressé de 172.68 KB à 138.20 KB, en économisant 19.97 % à l’aide de WP-Optimize 
[2025-06-15 12:58:08 : INFO] - Completed processing task with ID : 765, and type 'smush' 
[2025-06-15 12:58:08 : INFO] - Processing task with ID : 766, and type 'smush' 
[2025-06-15 12:58:08 : INFO] - Re_Smush_It_Task with attachment ID : 2536, autocreated on : June 15, 2025 12:53:12 
[2025-06-15 12:58:08 : INFO] - File: Henri-Zuber-par-Ehrmann-scaled.jpg, Compression quality: 85 
[2025-06-15 12:58:09 : INFO] - Backing up the original image - 2024/08/Henri-Zuber-par-Ehrmann-scaled-updraft-pre-smush-original.jpg 
[2025-06-15 12:58:12 : INFO] - There were no WebP conversion tools found on your server. 
[2025-06-15 12:58:12 : INFO] - Successfully optimized the image - /srv/data/web/vhosts/amisdebourronmarlotte.fr/htdocs/wp-content/uploads/2024/08/Henri-Zuber-par-Ehrmann-scaled.jpg.Le fichier a été compressé de 618.53 KB à 601.36 KB, en économisant 2.78 % à l’aide de WP-Optimize 
[2025-06-15 12:58:12 : INFO] - Completed processing task with ID : 766, and type 'smush' 
[2025-06-15 12:58:12 : INFO] - Lock option (updraft_lock_smush, abm_options) released 
[2025-06-15 12:58:12 : INFO] - Successfully processed the queue (smush). 2 tasks were processed out of 2. 
[2025-06-15 12:58:12 : INFO] - Lock option (updraft_lock_smush, abm_options) was deleted from the database 
[2025-06-15 12:58:12 : INFO] - Cleaning up tasks of type (smush). A total of 2 tasks will be deleted. 
[2025-06-16 06:15:22 : INFO] - Re_Smush_It_Task with attachment ID : 2540, autocreated on : June 16, 2025 06:15:22 
[2025-06-16 06:20:24 : INFO] - A total of 1 tasks of type smush found and will be processed in this iteration 
[2025-06-16 06:20:24 : DEBUG] - Lock option (updraft_lock_smush, abm_options) was created in the database 
[2025-06-16 06:20:24 : INFO] - Lock (updraft_lock_smush, abm_options) acquired after initialising the database 
[2025-06-16 06:20:24 : INFO] - Processing task with ID : 767, and type 'smush' 
[2025-06-16 06:20:24 : INFO] - Re_Smush_It_Task with attachment ID : 2540, autocreated on : June 16, 2025 06:15:22 
[2025-06-16 06:20:24 : INFO] - File: Paysage-esquisse-extrait-du-carnet-Bourron-pour-Monsieur-Daniel-Ricoult-2.png, Compression quality: 85 
[2025-06-16 06:20:27 : INFO] - Backing up the original image - 2024/08/Paysage-esquisse-extrait-du-carnet-Bourron-pour-Monsieur-Daniel-Ricoult-2-updraft-pre-smush-original.png 
[2025-06-16 06:20:34 : INFO] - There were no WebP conversion tools found on your server. 
[2025-06-16 06:20:34 : INFO] - Successfully optimized the image - /srv/data/web/vhosts/amisdebourronmarlotte.fr/htdocs/wp-content/uploads/2024/08/Paysage-esquisse-extrait-du-carnet-Bourron-pour-Monsieur-Daniel-Ricoult-2.png.Le fichier a été compressé de 2.48 MB à 856.47 KB, en économisant 66.34 % à l’aide de WP-Optimize 
[2025-06-16 06:20:34 : INFO] - Completed processing task with ID : 767, and type 'smush' 
[2025-06-16 06:20:34 : INFO] - Lock option (updraft_lock_smush, abm_options) released 
[2025-06-16 06:20:34 : INFO] - Successfully processed the queue (smush). 1 tasks were processed out of 1. 
[2025-06-16 06:20:34 : INFO] - Lock option (updraft_lock_smush, abm_options) was deleted from the database 
[2025-06-16 06:20:34 : INFO] - Cleaning up tasks of type (smush). A total of 1 tasks will be deleted. 
[2025-06-16 06:36:05 : INFO] - Re_Smush_It_Task with attachment ID : 2544, autocreated on : June 16, 2025 06:36:05 
[2025-06-16 06:38:38 : INFO] - Re_Smush_It_Task with attachment ID : 2545, autocreated on : June 16, 2025 06:38:38 
[2025-06-16 06:41:06 : INFO] - A total of 2 tasks of type smush found and will be processed in this iteration 
[2025-06-16 06:41:06 : DEBUG] - Lock option (updraft_lock_smush, abm_options) was created in the database 
[2025-06-16 06:41:06 : INFO] - Lock (updraft_lock_smush, abm_options) acquired after initialising the database 
[2025-06-16 06:41:06 : INFO] - Processing task with ID : 768, and type 'smush' 
[2025-06-16 06:41:06 : INFO] - Re_Smush_It_Task with attachment ID : 2544, autocreated on : June 16, 2025 06:36:05 
[2025-06-16 06:41:06 : INFO] - File: Image1-1-scaled.jpg, Compression quality: 85 
[2025-06-16 06:41:07 : INFO] - Backing up the original image - 2025/06/Image1-1-scaled-updraft-pre-smush-original.jpg 
[2025-06-16 06:41:10 : INFO] - There were no WebP conversion tools found on your server. 
[2025-06-16 06:41:10 : INFO] - Successfully optimized the image - /srv/data/web/vhosts/amisdebourronmarlotte.fr/htdocs/wp-content/uploads/2025/06/Image1-1-scaled.jpg.Le fichier a été compressé de 549.03 KB à 531.54 KB, en économisant 3.19 % à l’aide de WP-Optimize 
[2025-06-16 06:41:10 : INFO] - Completed processing task with ID : 768, and type 'smush' 
[2025-06-16 06:41:10 : INFO] - Processing task with ID : 769, and type 'smush' 
[2025-06-16 06:41:10 : INFO] - Re_Smush_It_Task with attachment ID : 2545, autocreated on : June 16, 2025 06:38:38 
[2025-06-16 06:41:10 : INFO] - File: Image3-1.jpg, Compression quality: 85 
[2025-06-16 06:41:11 : INFO] - Backing up the original image - 2025/06/Image3-1-updraft-pre-smush-original.jpg 
[2025-06-16 06:41:12 : INFO] - There were no WebP conversion tools found on your server. 
[2025-06-16 06:41:12 : INFO] - Successfully optimized the image - /srv/data/web/vhosts/amisdebourronmarlotte.fr/htdocs/wp-content/uploads/2025/06/Image3-1.jpg.Le fichier a été compressé de 168.73 KB à 136.38 KB, en économisant 19.17 % à l’aide de WP-Optimize 
[2025-06-16 06:41:12 : INFO] - Completed processing task with ID : 769, and type 'smush' 
[2025-06-16 06:41:12 : INFO] - Lock option (updraft_lock_smush, abm_options) released 
[2025-06-16 06:41:12 : INFO] - Successfully processed the queue (smush). 2 tasks were processed out of 2. 
[2025-06-16 06:41:12 : INFO] - Lock option (updraft_lock_smush, abm_options) was deleted from the database 
[2025-06-16 06:41:12 : INFO] - Cleaning up tasks of type (smush). A total of 2 tasks will be deleted. 
[2025-06-23 06:21:25 : INFO] - Re_Smush_It_Task with attachment ID : 2562, autocreated on : June 23, 2025 06:21:25 
[2025-06-23 06:21:42 : INFO] - Re_Smush_It_Task with attachment ID : 2563, autocreated on : June 23, 2025 06:21:42 
[2025-06-23 06:21:56 : INFO] - Re_Smush_It_Task with attachment ID : 2564, autocreated on : June 23, 2025 06:21:56 
[2025-06-23 06:22:16 : INFO] - Re_Smush_It_Task with attachment ID : 2565, autocreated on : June 23, 2025 06:22:16 
[2025-06-23 06:22:26 : INFO] - Re_Smush_It_Task with attachment ID : 2566, autocreated on : June 23, 2025 06:22:25 
[2025-06-23 06:26:51 : INFO] - A total of 5 tasks of type smush found and will be processed in this iteration 
[2025-06-23 06:26:51 : DEBUG] - Lock option (updraft_lock_smush, abm_options) was created in the database 
[2025-06-23 06:26:51 : INFO] - Lock (updraft_lock_smush, abm_options) acquired after initialising the database 
[2025-06-23 06:26:51 : INFO] - Processing task with ID : 770, and type 'smush' 
[2025-06-23 06:26:51 : INFO] - Re_Smush_It_Task with attachment ID : 2562, autocreated on : June 23, 2025 06:21:25 
[2025-06-23 06:26:51 : INFO] - File: IMG_4495-1-scaled.jpg, Compression quality: 85 
[2025-06-23 06:26:52 : INFO] - Backing up the original image - 2025/06/IMG_4495-1-scaled-updraft-pre-smush-original.jpg 
[2025-06-23 06:26:56 : INFO] - There were no WebP conversion tools found on your server. 
[2025-06-23 06:26:56 : INFO] - Successfully optimized the image - /srv/data/web/vhosts/amisdebourronmarlotte.fr/htdocs/wp-content/uploads/2025/06/IMG_4495-1-scaled.jpg.Le fichier a été compressé de 977.23 KB à 975.45 KB, en économisant 0.18 % à l’aide de WP-Optimize 
[2025-06-23 06:26:56 : INFO] - Completed processing task with ID : 770, and type 'smush' 
[2025-06-23 06:26:56 : INFO] - Processing task with ID : 771, and type 'smush' 
[2025-06-23 06:26:56 : INFO] - Re_Smush_It_Task with attachment ID : 2563, autocreated on : June 23, 2025 06:21:42 
[2025-06-23 06:26:56 : INFO] - File: IMG_4500-scaled.jpg, Compression quality: 85 
[2025-06-23 06:26:56 : INFO] - Backing up the original image - 2025/06/IMG_4500-scaled-updraft-pre-smush-original.jpg 
[2025-06-23 06:27:00 : INFO] - There were no WebP conversion tools found on your server. 
[2025-06-23 06:27:00 : INFO] - Successfully optimized the image - /srv/data/web/vhosts/amisdebourronmarlotte.fr/htdocs/wp-content/uploads/2025/06/IMG_4500-scaled.jpg.Le fichier a été compressé de 846.78 KB à 845.55 KB, en économisant 0.15 % à l’aide de WP-Optimize 
[2025-06-23 06:27:00 : INFO] - Completed processing task with ID : 771, and type 'smush' 
[2025-06-23 06:27:00 : INFO] - Processing task with ID : 772, and type 'smush' 
[2025-06-23 06:27:00 : INFO] - Re_Smush_It_Task with attachment ID : 2564, autocreated on : June 23, 2025 06:21:56 
[2025-06-23 06:27:00 : INFO] - File: IMG_4496-scaled.jpg, Compression quality: 85 
[2025-06-23 06:27:01 : INFO] - Backing up the original image - 2025/06/IMG_4496-scaled-updraft-pre-smush-original.jpg 
[2025-06-23 06:27:04 : INFO] - There were no WebP conversion tools found on your server. 
[2025-06-23 06:27:05 : INFO] - Successfully optimized the image - /srv/data/web/vhosts/amisdebourronmarlotte.fr/htdocs/wp-content/uploads/2025/06/IMG_4496-scaled.jpg.Le fichier a été compressé de 960.01 KB à 959.07 KB, en économisant 0.1 % à l’aide de WP-Optimize 
[2025-06-23 06:27:05 : INFO] - Completed processing task with ID : 772, and type 'smush' 
[2025-06-23 06:27:05 : INFO] - Processing task with ID : 773, and type 'smush' 
[2025-06-23 06:27:05 : INFO] - Re_Smush_It_Task with attachment ID : 2565, autocreated on : June 23, 2025 06:22:16 
[2025-06-23 06:27:05 : INFO] - File: IMG_4513-scaled.jpg, Compression quality: 85 
[2025-06-23 06:27:05 : INFO] - Backing up the original image - 2025/06/IMG_4513-scaled-updraft-pre-smush-original.jpg 
[2025-06-23 06:27:09 : INFO] - There were no WebP conversion tools found on your server. 
[2025-06-23 06:27:09 : INFO] - Successfully optimized the image - /srv/data/web/vhosts/amisdebourronmarlotte.fr/htdocs/wp-content/uploads/2025/06/IMG_4513-scaled.jpg.Le fichier a été compressé de 960.67 KB à 956.40 KB, en économisant 0.44 % à l’aide de WP-Optimize 
[2025-06-23 06:27:09 : INFO] - Completed processing task with ID : 773, and type 'smush' 
[2025-06-23 06:27:09 : INFO] - Processing task with ID : 774, and type 'smush' 
[2025-06-23 06:27:09 : INFO] - Re_Smush_It_Task with attachment ID : 2566, autocreated on : June 23, 2025 06:22:25 
[2025-06-23 06:27:09 : INFO] - File: IMG_4518-scaled.jpg, Compression quality: 85 
[2025-06-23 06:27:10 : INFO] - Backing up the original image - 2025/06/IMG_4518-scaled-updraft-pre-smush-original.jpg 
[2025-06-23 06:27:13 : INFO] - There were no WebP conversion tools found on your server. 
[2025-06-23 06:27:13 : INFO] - Successfully optimized the image - /srv/data/web/vhosts/amisdebourronmarlotte.fr/htdocs/wp-content/uploads/2025/06/IMG_4518-scaled.jpg.Le fichier a été compressé de 791.05 KB à 787.37 KB, en économisant 0.47 % à l’aide de WP-Optimize 
[2025-06-23 06:27:13 : INFO] - Completed processing task with ID : 774, and type 'smush' 
[2025-06-23 06:27:13 : INFO] - Lock option (updraft_lock_smush, abm_options) released 
[2025-06-23 06:27:13 : INFO] - Successfully processed the queue (smush). 5 tasks were processed out of 5. 
[2025-06-23 06:27:13 : INFO] - Lock option (updraft_lock_smush, abm_options) was deleted from the database 
[2025-06-23 06:27:13 : INFO] - Cleaning up tasks of type (smush). A total of 5 tasks will be deleted. 
[2025-06-23 06:28:10 : INFO] - Re_Smush_It_Task with attachment ID : 2567, autocreated on : June 23, 2025 06:28:10 
[2025-06-23 06:28:42 : INFO] - Re_Smush_It_Task with attachment ID : 2568, autocreated on : June 23, 2025 06:28:42 
[2025-06-23 06:36:42 : INFO] - Re_Smush_It_Task with attachment ID : 2571, autocreated on : June 23, 2025 06:36:42 
[2025-06-23 06:36:54 : INFO] - Re_Smush_It_Task with attachment ID : 2572, autocreated on : June 23, 2025 06:36:54 
[2025-06-23 06:36:55 : INFO] - A total of 4 tasks of type smush found and will be processed in this iteration 
[2025-06-23 06:36:55 : DEBUG] - Lock option (updraft_lock_smush, abm_options) was created in the database 
[2025-06-23 06:36:55 : INFO] - Lock (updraft_lock_smush, abm_options) acquired after initialising the database 
[2025-06-23 06:36:55 : INFO] - Processing task with ID : 775, and type 'smush' 
[2025-06-23 06:36:55 : INFO] - Re_Smush_It_Task with attachment ID : 2567, autocreated on : June 23, 2025 06:28:10 
[2025-06-23 06:36:55 : INFO] - File: IMG_7752-scaled.jpg, Compression quality: 85 
[2025-06-23 06:36:56 : INFO] - Backing up the original image - 2025/06/IMG_7752-scaled-updraft-pre-smush-original.jpg 
[2025-06-23 06:37:00 : INFO] - There were no WebP conversion tools found on your server. 
[2025-06-23 06:37:00 : INFO] - Successfully optimized the image - /srv/data/web/vhosts/amisdebourronmarlotte.fr/htdocs/wp-content/uploads/2025/06/IMG_7752-scaled.jpg.Le fichier a été compressé de 774.70 KB à 774.17 KB, en économisant 0.07 % à l’aide de WP-Optimize 
[2025-06-23 06:37:00 : INFO] - Completed processing task with ID : 775, and type 'smush' 
[2025-06-23 06:37:00 : INFO] - Processing task with ID : 776, and type 'smush' 
[2025-06-23 06:37:00 : INFO] - Re_Smush_It_Task with attachment ID : 2568, autocreated on : June 23, 2025 06:28:42 
[2025-06-23 06:37:00 : INFO] - File: IMG_7758-scaled.jpg, Compression quality: 85 
[2025-06-23 06:37:00 : INFO] - Backing up the original image - 2025/06/IMG_7758-scaled-updraft-pre-smush-original.jpg 
[2025-06-23 06:37:03 : INFO] - There were no WebP conversion tools found on your server. 
[2025-06-23 06:37:03 : INFO] - Successfully optimized the image - /srv/data/web/vhosts/amisdebourronmarlotte.fr/htdocs/wp-content/uploads/2025/06/IMG_7758-scaled.jpg.Le fichier a été compressé de 345.73 KB à 345.00 KB, en économisant 0.21 % à l’aide de WP-Optimize 
[2025-06-23 06:37:03 : INFO] - Completed processing task with ID : 776, and type 'smush' 
[2025-06-23 06:37:03 : INFO] - Processing task with ID : 777, and type 'smush' 
[2025-06-23 06:37:03 : INFO] - Re_Smush_It_Task with attachment ID : 2571, autocreated on : June 23, 2025 06:36:42 
[2025-06-23 06:37:03 : INFO] - File: IMG_7750-scaled.jpg, Compression quality: 85 
[2025-06-23 06:37:04 : INFO] - Backing up the original image - 2025/06/IMG_7750-scaled-updraft-pre-smush-original.jpg 
[2025-06-23 06:37:08 : INFO] - There were no WebP conversion tools found on your server. 
[2025-06-23 06:37:08 : INFO] - Successfully optimized the image - /srv/data/web/vhosts/amisdebourronmarlotte.fr/htdocs/wp-content/uploads/2025/06/IMG_7750-scaled.jpg.Le fichier a été compressé de 722.77 KB à 699.74 KB, en économisant 3.19 % à l’aide de WP-Optimize 
[2025-06-23 06:37:08 : INFO] - Completed processing task with ID : 777, and type 'smush' 
[2025-06-23 06:37:08 : INFO] - Processing task with ID : 778, and type 'smush' 
[2025-06-23 06:37:08 : INFO] - Re_Smush_It_Task with attachment ID : 2572, autocreated on : June 23, 2025 06:36:54 
[2025-06-23 06:37:08 : INFO] - File: IMG_7784-scaled.jpg, Compression quality: 85 
[2025-06-23 06:37:08 : INFO] - Backing up the original image - 2025/06/IMG_7784-scaled-updraft-pre-smush-original.jpg 
[2025-06-23 06:37:12 : INFO] - There were no WebP conversion tools found on your server. 
[2025-06-23 06:37:12 : INFO] - Successfully optimized the image - /srv/data/web/vhosts/amisdebourronmarlotte.fr/htdocs/wp-content/uploads/2025/06/IMG_7784-scaled.jpg.Le fichier a été compressé de 787.76 KB à 783.88 KB, en économisant 0.49 % à l’aide de WP-Optimize 
[2025-06-23 06:37:12 : INFO] - Completed processing task with ID : 778, and type 'smush' 
[2025-06-23 06:37:12 : INFO] - Lock option (updraft_lock_smush, abm_options) released 
[2025-06-23 06:37:12 : INFO] - Successfully processed the queue (smush). 4 tasks were processed out of 4. 
[2025-06-23 06:37:12 : INFO] - Lock option (updraft_lock_smush, abm_options) was deleted from the database 
[2025-06-23 06:37:12 : INFO] - Cleaning up tasks of type (smush). A total of 4 tasks will be deleted. 
[2025-06-23 06:38:50 : INFO] - Re_Smush_It_Task with attachment ID : 2573, autocreated on : June 23, 2025 06:38:50 
[2025-06-23 06:38:58 : INFO] - Re_Smush_It_Task with attachment ID : 2574, autocreated on : June 23, 2025 06:38:58 
[2025-06-23 06:40:52 : INFO] - Re_Smush_It_Task with attachment ID : 2576, autocreated on : June 23, 2025 06:40:52 
[2025-06-23 06:47:00 : INFO] - A total of 3 tasks of type smush found and will be processed in this iteration 
[2025-06-23 06:47:00 : DEBUG] - Lock option (updraft_lock_smush, abm_options) was created in the database 
[2025-06-23 06:47:00 : INFO] - Lock (updraft_lock_smush, abm_options) acquired after initialising the database 
[2025-06-23 06:47:00 : INFO] - Processing task with ID : 779, and type 'smush' 
[2025-06-23 06:47:00 : INFO] - Re_Smush_It_Task with attachment ID : 2573, autocreated on : June 23, 2025 06:38:50 
[2025-06-23 06:47:00 : INFO] - File: IMG_7779-scaled.jpg, Compression quality: 85 
[2025-06-23 06:47:01 : INFO] - Backing up the original image - 2025/06/IMG_7779-scaled-updraft-pre-smush-original.jpg 
[2025-06-23 06:47:04 : INFO] - There were no WebP conversion tools found on your server. 
[2025-06-23 06:47:04 : INFO] - Successfully optimized the image - /srv/data/web/vhosts/amisdebourronmarlotte.fr/htdocs/wp-content/uploads/2025/06/IMG_7779-scaled.jpg.Le fichier a été compressé de 595.33 KB à 588.17 KB, en économisant 1.2 % à l’aide de WP-Optimize 
[2025-06-23 06:47:04 : INFO] - Completed processing task with ID : 779, and type 'smush' 
[2025-06-23 06:47:04 : INFO] - Processing task with ID : 780, and type 'smush' 
[2025-06-23 06:47:04 : INFO] - Re_Smush_It_Task with attachment ID : 2574, autocreated on : June 23, 2025 06:38:58 
[2025-06-23 06:47:04 : INFO] - File: IMG_7777-scaled.jpg, Compression quality: 85 
[2025-06-23 06:47:05 : INFO] - Backing up the original image - 2025/06/IMG_7777-scaled-updraft-pre-smush-original.jpg 
[2025-06-23 06:47:08 : INFO] - There were no WebP conversion tools found on your server. 
[2025-06-23 06:47:08 : INFO] - Successfully optimized the image - /srv/data/web/vhosts/amisdebourronmarlotte.fr/htdocs/wp-content/uploads/2025/06/IMG_7777-scaled.jpg.Le fichier a été compressé de 615.77 KB à 604.02 KB, en économisant 1.91 % à l’aide de WP-Optimize 
[2025-06-23 06:47:08 : INFO] - Completed processing task with ID : 780, and type 'smush' 
[2025-06-23 06:47:08 : INFO] - Processing task with ID : 781, and type 'smush' 
[2025-06-23 06:47:08 : INFO] - Re_Smush_It_Task with attachment ID : 2576, autocreated on : June 23, 2025 06:40:52 
[2025-06-23 06:47:08 : INFO] - File: IMG_4498-scaled.jpg, Compression quality: 85 
[2025-06-23 06:47:09 : INFO] - Backing up the original image - 2025/06/IMG_4498-scaled-updraft-pre-smush-original.jpg 
[2025-06-23 06:47:13 : INFO] - There were no WebP conversion tools found on your server. 
[2025-06-23 06:47:13 : INFO] - Successfully optimized the image - /srv/data/web/vhosts/amisdebourronmarlotte.fr/htdocs/wp-content/uploads/2025/06/IMG_4498-scaled.jpg.Le fichier a été compressé de 830.38 KB à 801.54 KB, en économisant 3.47 % à l’aide de WP-Optimize 
[2025-06-23 06:47:13 : INFO] - Completed processing task with ID : 781, and type 'smush' 
[2025-06-23 06:47:13 : INFO] - Lock option (updraft_lock_smush, abm_options) released 
[2025-06-23 06:47:13 : INFO] - Successfully processed the queue (smush). 3 tasks were processed out of 3. 
[2025-06-23 06:47:13 : INFO] - Lock option (updraft_lock_smush, abm_options) was deleted from the database 
[2025-06-23 06:47:13 : INFO] - Cleaning up tasks of type (smush). A total of 3 tasks will be deleted. 
[2025-06-28 07:00:23 : INFO] - Re_Smush_It_Task with attachment ID : 2587, autocreated on : June 28, 2025 07:00:23 
[2025-06-28 07:00:38 : INFO] - Re_Smush_It_Task with attachment ID : 2588, autocreated on : June 28, 2025 07:00:38 
[2025-06-28 07:01:07 : INFO] - Re_Smush_It_Task with attachment ID : 2589, autocreated on : June 28, 2025 07:01:07 
[2025-06-28 07:01:20 : INFO] - Re_Smush_It_Task with attachment ID : 2590, autocreated on : June 28, 2025 07:01:20 
[2025-06-28 07:05:29 : INFO] - A total of 4 tasks of type smush found and will be processed in this iteration 
[2025-06-28 07:05:29 : DEBUG] - Lock option (updraft_lock_smush, abm_options) was created in the database 
[2025-06-28 07:05:29 : INFO] - Lock (updraft_lock_smush, abm_options) acquired after initialising the database 
[2025-06-28 07:05:29 : INFO] - Processing task with ID : 782, and type 'smush' 
[2025-06-28 07:05:29 : INFO] - Re_Smush_It_Task with attachment ID : 2587, autocreated on : June 28, 2025 07:00:23 
[2025-06-28 07:05:29 : INFO] - File: Image1-2.jpg, Compression quality: 85 
[2025-06-28 07:05:30 : INFO] - Backing up the original image - 2025/06/Image1-2-updraft-pre-smush-original.jpg 
[2025-06-28 07:05:32 : INFO] - There were no WebP conversion tools found on your server. 
[2025-06-28 07:05:32 : INFO] - Successfully optimized the image - /srv/data/web/vhosts/amisdebourronmarlotte.fr/htdocs/wp-content/uploads/2025/06/Image1-2.jpg.Le fichier a été compressé de 221.56 KB à 183.17 KB, en économisant 17.33 % à l’aide de WP-Optimize 
[2025-06-28 07:05:32 : INFO] - Completed processing task with ID : 782, and type 'smush' 
[2025-06-28 07:05:32 : INFO] - Processing task with ID : 783, and type 'smush' 
[2025-06-28 07:05:32 : INFO] - Re_Smush_It_Task with attachment ID : 2588, autocreated on : June 28, 2025 07:00:38 
[2025-06-28 07:05:32 : INFO] - File: Image4-1.jpg, Compression quality: 85 
[2025-06-28 07:05:32 : INFO] - Backing up the original image - 2025/06/Image4-1-updraft-pre-smush-original.jpg 
[2025-06-28 07:05:34 : INFO] - There were no WebP conversion tools found on your server. 
[2025-06-28 07:05:34 : INFO] - Successfully optimized the image - /srv/data/web/vhosts/amisdebourronmarlotte.fr/htdocs/wp-content/uploads/2025/06/Image4-1.jpg.Le fichier a été compressé de 141.36 KB à 119.80 KB, en économisant 15.25 % à l’aide de WP-Optimize 
[2025-06-28 07:05:34 : INFO] - Completed processing task with ID : 783, and type 'smush' 
[2025-06-28 07:05:34 : INFO] - Processing task with ID : 784, and type 'smush' 
[2025-06-28 07:05:34 : INFO] - Re_Smush_It_Task with attachment ID : 2589, autocreated on : June 28, 2025 07:01:07 
[2025-06-28 07:05:34 : INFO] - File: Image2-1.jpg, Compression quality: 85 
[2025-06-28 07:05:35 : INFO] - Backing up the original image - 2025/06/Image2-1-updraft-pre-smush-original.jpg 
[2025-06-28 07:05:37 : INFO] - There were no WebP conversion tools found on your server. 
[2025-06-28 07:05:37 : INFO] - Successfully optimized the image - /srv/data/web/vhosts/amisdebourronmarlotte.fr/htdocs/wp-content/uploads/2025/06/Image2-1.jpg.Le fichier a été compressé de 385.77 KB à 314.19 KB, en économisant 18.55 % à l’aide de WP-Optimize 
[2025-06-28 07:05:37 : INFO] - Completed processing task with ID : 784, and type 'smush' 
[2025-06-28 07:05:37 : INFO] - Processing task with ID : 785, and type 'smush' 
[2025-06-28 07:05:37 : INFO] - Re_Smush_It_Task with attachment ID : 2590, autocreated on : June 28, 2025 07:01:20 
[2025-06-28 07:05:37 : INFO] - File: IMG_7891-scaled.jpg, Compression quality: 85 
[2025-06-28 07:05:38 : INFO] - Backing up the original image - 2025/06/IMG_7891-scaled-updraft-pre-smush-original.jpg 
[2025-06-28 07:05:41 : INFO] - There were no WebP conversion tools found on your server. 
[2025-06-28 07:05:41 : INFO] - Successfully optimized the image - /srv/data/web/vhosts/amisdebourronmarlotte.fr/htdocs/wp-content/uploads/2025/06/IMG_7891-scaled.jpg.Le fichier a été compressé de 973.00 KB à 963.15 KB, en économisant 1.01 % à l’aide de WP-Optimize 
[2025-06-28 07:05:42 : INFO] - Completed processing task with ID : 785, and type 'smush' 
[2025-06-28 07:05:42 : INFO] - Lock option (updraft_lock_smush, abm_options) released 
[2025-06-28 07:05:42 : INFO] - Successfully processed the queue (smush). 4 tasks were processed out of 4. 
[2025-06-28 07:05:42 : INFO] - Lock option (updraft_lock_smush, abm_options) was deleted from the database 
[2025-06-28 07:05:42 : INFO] - Cleaning up tasks of type (smush). A total of 4 tasks will be deleted. 
[2025-06-28 07:06:41 : INFO] - Re_Smush_It_Task with attachment ID : 2596, autocreated on : June 28, 2025 07:06:40 
[2025-06-28 07:07:46 : INFO] - Re_Smush_It_Task with attachment ID : 2597, autocreated on : June 28, 2025 07:07:46 
[2025-06-28 07:08:41 : INFO] - Re_Smush_It_Task with attachment ID : 2598, autocreated on : June 28, 2025 07:08:41 
[2025-06-28 07:20:02 : INFO] - A total of 3 tasks of type smush found and will be processed in this iteration 
[2025-06-28 07:20:02 : DEBUG] - Lock option (updraft_lock_smush, abm_options) was created in the database 
[2025-06-28 07:20:02 : INFO] - Lock (updraft_lock_smush, abm_options) acquired after initialising the database 
[2025-06-28 07:20:02 : INFO] - Processing task with ID : 786, and type 'smush' 
[2025-06-28 07:20:02 : INFO] - Re_Smush_It_Task with attachment ID : 2596, autocreated on : June 28, 2025 07:06:40 
[2025-06-28 07:20:02 : INFO] - File: A-1.jpg, Compression quality: 85 
[2025-06-28 07:20:03 : INFO] - Backing up the original image - 2025/06/A-1-updraft-pre-smush-original.jpg 
[2025-06-28 07:20:04 : INFO] - There were no WebP conversion tools found on your server. 
[2025-06-28 07:20:04 : INFO] - Successfully optimized the image - /srv/data/web/vhosts/amisdebourronmarlotte.fr/htdocs/wp-content/uploads/2025/06/A-1.jpg.Le fichier a été compressé de 122.52 KB à 96.22 KB, en économisant 21.47 % à l’aide de WP-Optimize 
[2025-06-28 07:20:04 : INFO] - Completed processing task with ID : 786, and type 'smush' 
[2025-06-28 07:20:04 : INFO] - Processing task with ID : 787, and type 'smush' 
[2025-06-28 07:20:04 : INFO] - Re_Smush_It_Task with attachment ID : 2597, autocreated on : June 28, 2025 07:07:46 
[2025-06-28 07:20:04 : INFO] - File: Image7-1.jpg, Compression quality: 85 
[2025-06-28 07:20:05 : INFO] - Backing up the original image - 2025/06/Image7-1-updraft-pre-smush-original.jpg 
[2025-06-28 07:20:06 : INFO] - There were no WebP conversion tools found on your server. 
[2025-06-28 07:20:06 : INFO] - Successfully optimized the image - /srv/data/web/vhosts/amisdebourronmarlotte.fr/htdocs/wp-content/uploads/2025/06/Image7-1.jpg.Le fichier a été compressé de 139.54 KB à 108.21 KB, en économisant 22.45 % à l’aide de WP-Optimize 
[2025-06-28 07:20:06 : INFO] - Completed processing task with ID : 787, and type 'smush' 
[2025-06-28 07:20:06 : INFO] - Processing task with ID : 788, and type 'smush' 
[2025-06-28 07:20:06 : INFO] - Re_Smush_It_Task with attachment ID : 2598, autocreated on : June 28, 2025 07:08:41 
[2025-06-28 07:20:06 : INFO] - File: IMG_7892-scaled.jpg, Compression quality: 85 
[2025-06-28 07:20:07 : INFO] - Backing up the original image - 2025/06/IMG_7892-scaled-updraft-pre-smush-original.jpg 
[2025-06-28 07:20:10 : INFO] - There were no WebP conversion tools found on your server. 
[2025-06-28 07:20:10 : INFO] - Successfully optimized the image - /srv/data/web/vhosts/amisdebourronmarlotte.fr/htdocs/wp-content/uploads/2025/06/IMG_7892-scaled.jpg.Le fichier a été compressé de 963.48 KB à 958.69 KB, en économisant 0.5 % à l’aide de WP-Optimize 
[2025-06-28 07:20:10 : INFO] - Completed processing task with ID : 788, and type 'smush' 
[2025-06-28 07:20:10 : INFO] - Lock option (updraft_lock_smush, abm_options) released 
[2025-06-28 07:20:10 : INFO] - Successfully processed the queue (smush). 3 tasks were processed out of 3. 
[2025-06-28 07:20:10 : INFO] - Lock option (updraft_lock_smush, abm_options) was deleted from the database 
[2025-06-28 07:20:10 : INFO] - Cleaning up tasks of type (smush). A total of 3 tasks will be deleted. 
[2025-07-04 16:07:39 : INFO] - Re_Smush_It_Task with attachment ID : 2601, autocreated on : July 04, 2025 04:07:39 
[2025-07-04 16:08:34 : INFO] - Re_Smush_It_Task with attachment ID : 2603, autocreated on : July 04, 2025 04:08:34 
[2025-07-04 16:09:27 : INFO] - Re_Smush_It_Task with attachment ID : 2604, autocreated on : July 04, 2025 04:09:27 
[2025-07-04 16:10:45 : INFO] - Re_Smush_It_Task with attachment ID : 2605, autocreated on : July 04, 2025 04:10:45 
[2025-07-04 16:12:13 : INFO] - Re_Smush_It_Task with attachment ID : 2606, autocreated on : July 04, 2025 04:12:13 
[2025-07-04 16:12:49 : INFO] - Re_Smush_It_Task with attachment ID : 2607, autocreated on : July 04, 2025 04:12:49 
[2025-07-04 16:12:50 : INFO] - A total of 6 tasks of type smush found and will be processed in this iteration 
[2025-07-04 16:12:50 : DEBUG] - Lock option (updraft_lock_smush, abm_options) was created in the database 
[2025-07-04 16:12:50 : INFO] - Lock (updraft_lock_smush, abm_options) acquired after initialising the database 
[2025-07-04 16:12:50 : INFO] - Processing task with ID : 789, and type 'smush' 
[2025-07-04 16:12:50 : INFO] - Re_Smush_It_Task with attachment ID : 2601, autocreated on : July 04, 2025 04:07:39 
[2025-07-04 16:12:50 : INFO] - File: Image2.jpg, Compression quality: 85 
[2025-07-04 16:12:51 : INFO] - Backing up the original image - 2025/07/Image2-updraft-pre-smush-original.jpg 
[2025-07-04 16:12:51 : INFO] - There were no WebP conversion tools found on your server. 
[2025-07-04 16:12:51 : INFO] - Successfully optimized the image - /srv/data/web/vhosts/amisdebourronmarlotte.fr/htdocs/wp-content/uploads/2025/07/Image2.jpg.Le fichier a été compressé de 162.72 KB à 129.69 KB, en économisant 20.3 % à l’aide de WP-Optimize 
[2025-07-04 16:12:51 : INFO] - Completed processing task with ID : 789, and type 'smush' 
[2025-07-04 16:12:51 : INFO] - Processing task with ID : 790, and type 'smush' 
[2025-07-04 16:12:51 : INFO] - Task with ID 790 and type (smush) failed with error code invalid_file_path - The linked attachment ID does not have a valid file path 
[2025-07-04 16:12:52 : INFO] - Processing task with ID : 791, and type 'smush' 
[2025-07-04 16:12:52 : INFO] - Re_Smush_It_Task with attachment ID : 2604, autocreated on : July 04, 2025 04:09:27 
[2025-07-04 16:12:52 : INFO] - File: Image3-1.jpg, Compression quality: 85 
[2025-07-04 16:12:52 : INFO] - Backing up the original image - 2025/07/Image3-1-updraft-pre-smush-original.jpg 
[2025-07-04 16:12:53 : INFO] - There were no WebP conversion tools found on your server. 
[2025-07-04 16:12:53 : INFO] - Successfully optimized the image - /srv/data/web/vhosts/amisdebourronmarlotte.fr/htdocs/wp-content/uploads/2025/07/Image3-1.jpg.Le fichier a été compressé de 148.47 KB à 119.48 KB, en économisant 19.53 % à l’aide de WP-Optimize 
[2025-07-04 16:12:53 : INFO] - Completed processing task with ID : 791, and type 'smush' 
[2025-07-04 16:12:53 : INFO] - Processing task with ID : 792, and type 'smush' 
[2025-07-04 16:12:53 : INFO] - Re_Smush_It_Task with attachment ID : 2605, autocreated on : July 04, 2025 04:10:45 
[2025-07-04 16:12:53 : INFO] - File: Image4.jpg, Compression quality: 85 
[2025-07-04 16:12:53 : INFO] - Backing up the original image - 2025/07/Image4-updraft-pre-smush-original.jpg 
[2025-07-04 16:12:55 : INFO] - There were no WebP conversion tools found on your server. 
[2025-07-04 16:12:55 : INFO] - Successfully optimized the image - /srv/data/web/vhosts/amisdebourronmarlotte.fr/htdocs/wp-content/uploads/2025/07/Image4.jpg.Le fichier a été compressé de 84.26 KB à 68.18 KB, en économisant 19.08 % à l’aide de WP-Optimize 
[2025-07-04 16:12:55 : INFO] - Completed processing task with ID : 792, and type 'smush' 
[2025-07-04 16:12:55 : INFO] - Processing task with ID : 793, and type 'smush' 
[2025-07-04 16:12:55 : INFO] - Re_Smush_It_Task with attachment ID : 2606, autocreated on : July 04, 2025 04:12:13 
[2025-07-04 16:12:55 : INFO] - File: Image5.jpg, Compression quality: 85 
[2025-07-04 16:12:55 : INFO] - Backing up the original image - 2025/07/Image5-updraft-pre-smush-original.jpg 
[2025-07-04 16:12:56 : INFO] - There were no WebP conversion tools found on your server. 
[2025-07-04 16:12:56 : INFO] - Successfully optimized the image - /srv/data/web/vhosts/amisdebourronmarlotte.fr/htdocs/wp-content/uploads/2025/07/Image5.jpg.Le fichier a été compressé de 152.98 KB à 123.00 KB, en économisant 19.6 % à l’aide de WP-Optimize 
[2025-07-04 16:12:57 : INFO] - Completed processing task with ID : 793, and type 'smush' 
[2025-07-04 16:12:57 : INFO] - Processing task with ID : 794, and type 'smush' 
[2025-07-04 16:12:57 : INFO] - Re_Smush_It_Task with attachment ID : 2607, autocreated on : July 04, 2025 04:12:49 
[2025-07-04 16:12:57 : INFO] - File: Image6.jpg, Compression quality: 85 
[2025-07-04 16:12:57 : INFO] - Backing up the original image - 2025/07/Image6-updraft-pre-smush-original.jpg 
[2025-07-04 16:12:58 : INFO] - There were no WebP conversion tools found on your server. 
[2025-07-04 16:12:58 : INFO] - Successfully optimized the image - /srv/data/web/vhosts/amisdebourronmarlotte.fr/htdocs/wp-content/uploads/2025/07/Image6.jpg.Le fichier a été compressé de 53.23 KB à 43.07 KB, en économisant 19.09 % à l’aide de WP-Optimize 
[2025-07-04 16:12:58 : INFO] - Completed processing task with ID : 794, and type 'smush' 
[2025-07-04 16:12:58 : INFO] - Lock option (updraft_lock_smush, abm_options) released 
[2025-07-04 16:12:58 : INFO] - Successfully processed the queue (smush). 6 tasks were processed out of 6. 
[2025-07-04 16:12:58 : INFO] - Lock option (updraft_lock_smush, abm_options) was deleted from the database 
[2025-07-04 16:12:58 : INFO] - Cleaning up tasks of type (smush). A total of 5 tasks will be deleted. 
[2025-07-04 16:13:49 : INFO] - Re_Smush_It_Task with attachment ID : 2608, autocreated on : July 04, 2025 04:13:49 
[2025-07-04 16:14:54 : INFO] - Re_Smush_It_Task with attachment ID : 2609, autocreated on : July 04, 2025 04:14:54 
[2025-07-04 16:15:25 : INFO] - Re_Smush_It_Task with attachment ID : 2610, autocreated on : July 04, 2025 04:15:25 
[2025-07-04 16:22:57 : INFO] - A total of 3 tasks of type smush found and will be processed in this iteration 
[2025-07-04 16:22:57 : DEBUG] - Lock option (updraft_lock_smush, abm_options) was created in the database 
[2025-07-04 16:22:57 : INFO] - Lock (updraft_lock_smush, abm_options) acquired after initialising the database 
[2025-07-04 16:22:57 : INFO] - Processing task with ID : 795, and type 'smush' 
[2025-07-04 16:22:57 : INFO] - Re_Smush_It_Task with attachment ID : 2608, autocreated on : July 04, 2025 04:13:49 
[2025-07-04 16:22:57 : INFO] - File: Image7.jpg, Compression quality: 85 
[2025-07-04 16:22:57 : INFO] - Backing up the original image - 2025/07/Image7-updraft-pre-smush-original.jpg 
[2025-07-04 16:22:58 : INFO] - There were no WebP conversion tools found on your server. 
[2025-07-04 16:22:58 : INFO] - Successfully optimized the image - /srv/data/web/vhosts/amisdebourronmarlotte.fr/htdocs/wp-content/uploads/2025/07/Image7.jpg.Le fichier a été compressé de 60.72 KB à 48.89 KB, en économisant 19.49 % à l’aide de WP-Optimize 
[2025-07-04 16:22:58 : INFO] - Completed processing task with ID : 795, and type 'smush' 
[2025-07-04 16:22:58 : INFO] - Processing task with ID : 796, and type 'smush' 
[2025-07-04 16:22:58 : INFO] - Re_Smush_It_Task with attachment ID : 2609, autocreated on : July 04, 2025 04:14:54 
[2025-07-04 16:22:58 : INFO] - File: Image9.jpg, Compression quality: 85 
[2025-07-04 16:22:59 : INFO] - Backing up the original image - 2025/07/Image9-updraft-pre-smush-original.jpg 
[2025-07-04 16:23:00 : INFO] - There were no WebP conversion tools found on your server. 
[2025-07-04 16:23:00 : INFO] - Successfully optimized the image - /srv/data/web/vhosts/amisdebourronmarlotte.fr/htdocs/wp-content/uploads/2025/07/Image9.jpg.Le fichier a été compressé de 144.38 KB à 115.68 KB, en économisant 19.88 % à l’aide de WP-Optimize 
[2025-07-04 16:23:00 : INFO] - Completed processing task with ID : 796, and type 'smush' 
[2025-07-04 16:23:00 : INFO] - Processing task with ID : 797, and type 'smush' 
[2025-07-04 16:23:00 : INFO] - Re_Smush_It_Task with attachment ID : 2610, autocreated on : July 04, 2025 04:15:25 
[2025-07-04 16:23:00 : INFO] - File: Image10.jpg, Compression quality: 85 
[2025-07-04 16:23:00 : INFO] - Backing up the original image - 2025/07/Image10-updraft-pre-smush-original.jpg 
[2025-07-04 16:23:01 : INFO] - There were no WebP conversion tools found on your server. 
[2025-07-04 16:23:01 : INFO] - Successfully optimized the image - /srv/data/web/vhosts/amisdebourronmarlotte.fr/htdocs/wp-content/uploads/2025/07/Image10.jpg.Le fichier a été compressé de 121.94 KB à 99.03 KB, en économisant 18.79 % à l’aide de WP-Optimize 
[2025-07-04 16:23:01 : INFO] - Completed processing task with ID : 797, and type 'smush' 
[2025-07-04 16:23:01 : INFO] - Lock option (updraft_lock_smush, abm_options) released 
[2025-07-04 16:23:01 : INFO] - Successfully processed the queue (smush). 3 tasks were processed out of 3. 
[2025-07-04 16:23:01 : INFO] - Lock option (updraft_lock_smush, abm_options) was deleted from the database 
[2025-07-04 16:23:01 : INFO] - Cleaning up tasks of type (smush). A total of 3 tasks will be deleted. 
[2025-07-15 12:12:29 : INFO] - Re_Smush_It_Task with attachment ID : 2619, autocreated on : July 15, 2025 12:12:29 
[2025-07-15 12:20:12 : INFO] - A total of 1 tasks of type smush found and will be processed in this iteration 
[2025-07-15 12:20:12 : DEBUG] - Lock option (updraft_lock_smush, abm_options) was created in the database 
[2025-07-15 12:20:12 : INFO] - Lock (updraft_lock_smush, abm_options) acquired after initialising the database 
[2025-07-15 12:20:12 : INFO] - Processing task with ID : 798, and type 'smush' 
[2025-07-15 12:20:12 : INFO] - Re_Smush_It_Task with attachment ID : 2619, autocreated on : July 15, 2025 12:12:29 
[2025-07-15 12:20:12 : INFO] - File: Image2-1.jpg, Compression quality: 85 
[2025-07-15 12:20:12 : INFO] - Backing up the original image - 2025/07/Image2-1-updraft-pre-smush-original.jpg 
[2025-07-15 12:20:13 : INFO] - There were no WebP conversion tools found on your server. 
[2025-07-15 12:20:13 : INFO] - Successfully optimized the image - /srv/data/web/vhosts/amisdebourronmarlotte.fr/htdocs/wp-content/uploads/2025/07/Image2-1.jpg.Le fichier a été compressé de 170.85 KB à 138.34 KB, en économisant 19.03 % à l’aide de WP-Optimize 
[2025-07-15 12:20:13 : INFO] - Completed processing task with ID : 798, and type 'smush' 
[2025-07-15 12:20:13 : INFO] - Lock option (updraft_lock_smush, abm_options) released 
[2025-07-15 12:20:13 : INFO] - Successfully processed the queue (smush). 1 tasks were processed out of 1. 
[2025-07-15 12:20:13 : INFO] - Lock option (updraft_lock_smush, abm_options) was deleted from the database 
[2025-07-15 12:20:13 : INFO] - Cleaning up tasks of type (smush). A total of 1 tasks will be deleted. 
[2025-07-22 06:42:37 : INFO] - Re_Smush_It_Task with attachment ID : 2636, autocreated on : July 22, 2025 06:42:37 
[2025-07-22 06:42:45 : INFO] - Re_Smush_It_Task with attachment ID : 2637, autocreated on : July 22, 2025 06:42:45 
[2025-07-22 06:43:24 : INFO] - Re_Smush_It_Task with attachment ID : 2638, autocreated on : July 22, 2025 06:43:24 
[2025-07-22 06:47:37 : INFO] - A total of 3 tasks of type smush found and will be processed in this iteration 
[2025-07-22 06:47:37 : DEBUG] - Lock option (updraft_lock_smush, abm_options) was created in the database 
[2025-07-22 06:47:37 : INFO] - Lock (updraft_lock_smush, abm_options) acquired after initialising the database 
[2025-07-22 06:47:37 : INFO] - Processing task with ID : 799, and type 'smush' 
[2025-07-22 06:47:37 : INFO] - Re_Smush_It_Task with attachment ID : 2636, autocreated on : July 22, 2025 06:42:37 
[2025-07-22 06:47:37 : INFO] - File: Image1.png, Compression quality: 85 
[2025-07-22 06:47:38 : INFO] - Backing up the original image - 2025/07/Image1-updraft-pre-smush-original.png 
[2025-07-22 06:47:41 : INFO] - There were no WebP conversion tools found on your server. 
[2025-07-22 06:47:41 : INFO] - Successfully optimized the image - /srv/data/web/vhosts/amisdebourronmarlotte.fr/htdocs/wp-content/uploads/2025/07/Image1.png.Le fichier a été compressé de 778.03 KB à 202.10 KB, en économisant 74.02 % à l’aide de WP-Optimize 
[2025-07-22 06:47:41 : INFO] - Completed processing task with ID : 799, and type 'smush' 
[2025-07-22 06:47:41 : INFO] - Processing task with ID : 800, and type 'smush' 
[2025-07-22 06:47:41 : INFO] - Re_Smush_It_Task with attachment ID : 2637, autocreated on : July 22, 2025 06:42:45 
[2025-07-22 06:47:41 : INFO] - File: 800975-le-jardin-japonais-du-chateau-de-courances.jpg, Compression quality: 85 
[2025-07-22 06:47:41 : INFO] - Backing up the original image - 2025/07/800975-le-jardin-japonais-du-chateau-de-courances-updraft-pre-smush-original.jpg 
[2025-07-22 06:47:43 : INFO] - There were no WebP conversion tools found on your server. 
[2025-07-22 06:47:43 : INFO] - Successfully optimized the image - /srv/data/web/vhosts/amisdebourronmarlotte.fr/htdocs/wp-content/uploads/2025/07/800975-le-jardin-japonais-du-chateau-de-courances.jpg.Le fichier a été compressé de 455.14 KB à 181.97 KB, en économisant 60.02 % à l’aide de WP-Optimize 
[2025-07-22 06:47:43 : INFO] - Completed processing task with ID : 800, and type 'smush' 
[2025-07-22 06:47:43 : INFO] - Processing task with ID : 801, and type 'smush' 
[2025-07-22 06:47:43 : INFO] - Re_Smush_It_Task with attachment ID : 2638, autocreated on : July 22, 2025 06:43:24 
[2025-07-22 06:47:43 : INFO] - File: Image1-1.png, Compression quality: 85 
[2025-07-22 06:47:44 : INFO] - Backing up the original image - 2025/07/Image1-1-updraft-pre-smush-original.png 
[2025-07-22 06:47:46 : INFO] - There were no WebP conversion tools found on your server. 
[2025-07-22 06:47:46 : INFO] - Successfully optimized the image - /srv/data/web/vhosts/amisdebourronmarlotte.fr/htdocs/wp-content/uploads/2025/07/Image1-1.png.Le fichier a été compressé de 575.54 KB à 188.54 KB, en économisant 67.24 % à l’aide de WP-Optimize 
[2025-07-22 06:47:46 : INFO] - Completed processing task with ID : 801, and type 'smush' 
[2025-07-22 06:47:46 : INFO] - Lock option (updraft_lock_smush, abm_options) released 
[2025-07-22 06:47:46 : INFO] - Successfully processed the queue (smush). 3 tasks were processed out of 3. 
[2025-07-22 06:47:46 : INFO] - Lock option (updraft_lock_smush, abm_options) was deleted from the database 
[2025-07-22 06:47:46 : INFO] - Cleaning up tasks of type (smush). A total of 3 tasks will be deleted. 
[2025-07-25 09:27:40 : INFO] - Re_Smush_It_Task with attachment ID : 2651, autocreated on : July 25, 2025 09:27:40 
[2025-07-25 09:29:40 : INFO] - Re_Smush_It_Task with attachment ID : 2652, autocreated on : July 25, 2025 09:29:40 
[2025-07-25 09:32:46 : INFO] - A total of 2 tasks of type smush found and will be processed in this iteration 
[2025-07-25 09:32:46 : DEBUG] - Lock option (updraft_lock_smush, abm_options) was created in the database 
[2025-07-25 09:32:46 : INFO] - Lock (updraft_lock_smush, abm_options) acquired after initialising the database 
[2025-07-25 09:32:46 : INFO] - Processing task with ID : 802, and type 'smush' 
[2025-07-25 09:32:46 : INFO] - Re_Smush_It_Task with attachment ID : 2651, autocreated on : July 25, 2025 09:27:40 
[2025-07-25 09:32:46 : INFO] - File: IMG_8098-scaled.jpg, Compression quality: 85 
[2025-07-25 09:32:47 : INFO] - Backing up the original image - 2025/07/IMG_8098-scaled-updraft-pre-smush-original.jpg 
[2025-07-25 09:32:51 : INFO] - There were no WebP conversion tools found on your server. 
[2025-07-25 09:32:52 : INFO] - Successfully optimized the image - /srv/data/web/vhosts/amisdebourronmarlotte.fr/htdocs/wp-content/uploads/2025/07/IMG_8098-scaled.jpg.Le fichier a été compressé de 1.10 MB à 1.08 MB, en économisant 1.84 % à l’aide de WP-Optimize 
[2025-07-25 09:32:52 : INFO] - Completed processing task with ID : 802, and type 'smush' 
[2025-07-25 09:32:52 : INFO] - Processing task with ID : 803, and type 'smush' 
[2025-07-25 09:32:52 : INFO] - Re_Smush_It_Task with attachment ID : 2652, autocreated on : July 25, 2025 09:29:40 
[2025-07-25 09:32:52 : INFO] - File: IMG_8087-scaled.jpg, Compression quality: 85 
[2025-07-25 09:32:53 : INFO] - Backing up the original image - 2025/07/IMG_8087-scaled-updraft-pre-smush-original.jpg 
[2025-07-25 09:32:57 : INFO] - There were no WebP conversion tools found on your server. 
[2025-07-25 09:32:57 : INFO] - Successfully optimized the image - /srv/data/web/vhosts/amisdebourronmarlotte.fr/htdocs/wp-content/uploads/2025/07/IMG_8087-scaled.jpg.Le fichier a été compressé de 1.57 MB à 1.51 MB, en économisant 3.82 % à l’aide de WP-Optimize 
[2025-07-25 09:32:57 : INFO] - Completed processing task with ID : 803, and type 'smush' 
[2025-07-25 09:32:57 : INFO] - Lock option (updraft_lock_smush, abm_options) released 
[2025-07-25 09:32:57 : INFO] - Successfully processed the queue (smush). 2 tasks were processed out of 2. 
[2025-07-25 09:32:57 : INFO] - Lock option (updraft_lock_smush, abm_options) was deleted from the database 
[2025-07-25 09:32:57 : INFO] - Cleaning up tasks of type (smush). A total of 2 tasks will be deleted. 
[2025-07-25 09:33:54 : INFO] - Re_Smush_It_Task with attachment ID : 2654, autocreated on : July 25, 2025 09:33:54 
[2025-07-25 09:38:10 : INFO] - Re_Smush_It_Task with attachment ID : 2655, autocreated on : July 25, 2025 09:38:10 
[2025-07-25 09:42:47 : INFO] - A total of 2 tasks of type smush found and will be processed in this iteration 
[2025-07-25 09:42:47 : DEBUG] - Lock option (updraft_lock_smush, abm_options) was created in the database 
[2025-07-25 09:42:47 : INFO] - Lock (updraft_lock_smush, abm_options) acquired after initialising the database 
[2025-07-25 09:42:47 : INFO] - Processing task with ID : 804, and type 'smush' 
[2025-07-25 09:42:47 : INFO] - Re_Smush_It_Task with attachment ID : 2654, autocreated on : July 25, 2025 09:33:54 
[2025-07-25 09:42:47 : INFO] - File: IMG_8100-scaled.jpg, Compression quality: 85 
[2025-07-25 09:42:48 : INFO] - Backing up the original image - 2025/07/IMG_8100-scaled-updraft-pre-smush-original.jpg 
[2025-07-25 09:42:52 : INFO] - There were no WebP conversion tools found on your server. 
[2025-07-25 09:42:52 : INFO] - Successfully optimized the image - /srv/data/web/vhosts/amisdebourronmarlotte.fr/htdocs/wp-content/uploads/2025/07/IMG_8100-scaled.jpg.Le fichier a été compressé de 1.29 MB à 1.24 MB, en économisant 3.62 % à l’aide de WP-Optimize 
[2025-07-25 09:42:52 : INFO] - Completed processing task with ID : 804, and type 'smush' 
[2025-07-25 09:42:52 : INFO] - Processing task with ID : 805, and type 'smush' 
[2025-07-25 09:42:52 : INFO] - Re_Smush_It_Task with attachment ID : 2655, autocreated on : July 25, 2025 09:38:10 
[2025-07-25 09:42:52 : INFO] - File: IMG_2680-scaled.jpg, Compression quality: 85 
[2025-07-25 09:42:53 : INFO] - Backing up the original image - 2025/07/IMG_2680-scaled-updraft-pre-smush-original.jpg 
[2025-07-25 09:42:57 : INFO] - There were no WebP conversion tools found on your server. 
[2025-07-25 09:42:57 : INFO] - Successfully optimized the image - /srv/data/web/vhosts/amisdebourronmarlotte.fr/htdocs/wp-content/uploads/2025/07/IMG_2680-scaled.jpg.Le fichier a été compressé de 1.40 MB à 1.34 MB, en économisant 4.31 % à l’aide de WP-Optimize 
[2025-07-25 09:42:57 : INFO] - Completed processing task with ID : 805, and type 'smush' 
[2025-07-25 09:42:57 : INFO] - Lock option (updraft_lock_smush, abm_options) released 
[2025-07-25 09:42:57 : INFO] - Successfully processed the queue (smush). 2 tasks were processed out of 2. 
[2025-07-25 09:42:57 : INFO] - Lock option (updraft_lock_smush, abm_options) was deleted from the database 
[2025-07-25 09:42:57 : INFO] - Cleaning up tasks of type (smush). A total of 2 tasks will be deleted. 
[2025-08-25 07:53:59 : INFO] - Re_Smush_It_Task with attachment ID : 2665, autocreated on : August 25, 2025 07:53:59 
[2025-08-25 07:58:59 : INFO] - A total of 1 tasks of type smush found and will be processed in this iteration 
[2025-08-25 07:58:59 : DEBUG] - Lock option (updraft_lock_smush, abm_options) was created in the database 
[2025-08-25 07:58:59 : INFO] - Lock (updraft_lock_smush, abm_options) acquired after initialising the database 
[2025-08-25 07:58:59 : INFO] - Processing task with ID : 806, and type 'smush' 
[2025-08-25 07:58:59 : INFO] - Re_Smush_It_Task with attachment ID : 2665, autocreated on : August 25, 2025 07:53:59 
[2025-08-25 07:58:59 : INFO] - File: LES-ROUTES-DES-IMPRESSIONNISMES-EN-EUROPE-V1.png, Compression quality: 85 
[2025-08-25 07:59:01 : INFO] - Backing up the original image - 2025/08/LES-ROUTES-DES-IMPRESSIONNISMES-EN-EUROPE-V1-updraft-pre-smush-original.png 
[2025-08-25 07:59:07 : INFO] - There were no WebP conversion tools found on your server. 
[2025-08-25 07:59:07 : INFO] - Successfully optimized the image - /srv/data/web/vhosts/amisdebourronmarlotte.fr/htdocs/wp-content/uploads/2025/08/LES-ROUTES-DES-IMPRESSIONNISMES-EN-EUROPE-V1.png.Le fichier a été compressé de 1.41 MB à 368.68 KB, en économisant 74.5 % à l’aide de WP-Optimize 
[2025-08-25 07:59:07 : INFO] - Completed processing task with ID : 806, and type 'smush' 
[2025-08-25 07:59:07 : INFO] - Lock option (updraft_lock_smush, abm_options) released 
[2025-08-25 07:59:07 : INFO] - Successfully processed the queue (smush). 1 tasks were processed out of 1. 
[2025-08-25 07:59:07 : INFO] - Lock option (updraft_lock_smush, abm_options) was deleted from the database 
[2025-08-25 07:59:07 : INFO] - Cleaning up tasks of type (smush). A total of 1 tasks will be deleted. 
[2025-08-31 08:39:25 : INFO] - Re_Smush_It_Task with attachment ID : 2671, autocreated on : August 31, 2025 08:39:25 
[2025-08-31 08:44:26 : INFO] - A total of 1 tasks of type smush found and will be processed in this iteration 
[2025-08-31 08:44:26 : DEBUG] - Lock option (updraft_lock_smush, abm_options) was created in the database 
[2025-08-31 08:44:26 : INFO] - Lock (updraft_lock_smush, abm_options) acquired after initialising the database 
[2025-08-31 08:44:26 : INFO] - Processing task with ID : 807, and type 'smush' 
[2025-08-31 08:44:26 : INFO] - Re_Smush_It_Task with attachment ID : 2671, autocreated on : August 31, 2025 08:39:25 
[2025-08-31 08:44:26 : INFO] - File: Image1.jpg, Compression quality: 85 
[2025-08-31 08:44:27 : INFO] - Backing up the original image - 2025/08/Image1-updraft-pre-smush-original.jpg 
[2025-08-31 08:44:29 : INFO] - There were no WebP conversion tools found on your server. 
[2025-08-31 08:44:29 : INFO] - Successfully optimized the image - /srv/data/web/vhosts/amisdebourronmarlotte.fr/htdocs/wp-content/uploads/2025/08/Image1.jpg.Le fichier a été compressé de 377.57 KB à 319.08 KB, en économisant 15.49 % à l’aide de WP-Optimize 
[2025-08-31 08:44:29 : INFO] - Completed processing task with ID : 807, and type 'smush' 
[2025-08-31 08:44:29 : INFO] - Lock option (updraft_lock_smush, abm_options) released 
[2025-08-31 08:44:29 : INFO] - Successfully processed the queue (smush). 1 tasks were processed out of 1. 
[2025-08-31 08:44:29 : INFO] - Lock option (updraft_lock_smush, abm_options) was deleted from the database 
[2025-08-31 08:44:29 : INFO] - Cleaning up tasks of type (smush). A total of 1 tasks will be deleted. 
[2025-08-31 08:55:44 : INFO] - Re_Smush_It_Task with attachment ID : 2676, autocreated on : August 31, 2025 08:55:44 
[2025-08-31 09:01:43 : INFO] - A total of 1 tasks of type smush found and will be processed in this iteration 
[2025-08-31 09:01:43 : DEBUG] - Lock option (updraft_lock_smush, abm_options) was created in the database 
[2025-08-31 09:01:43 : INFO] - Lock (updraft_lock_smush, abm_options) acquired after initialising the database 
[2025-08-31 09:01:43 : INFO] - Processing task with ID : 808, and type 'smush' 
[2025-08-31 09:01:43 : INFO] - Re_Smush_It_Task with attachment ID : 2676, autocreated on : August 31, 2025 08:55:44 
[2025-08-31 09:01:43 : INFO] - File: Image2.jpg, Compression quality: 85 
[2025-08-31 09:01:43 : INFO] - Backing up the original image - 2025/08/Image2-updraft-pre-smush-original.jpg 
[2025-08-31 09:01:44 : INFO] - There were no WebP conversion tools found on your server. 
[2025-08-31 09:01:44 : INFO] - Successfully optimized the image - /srv/data/web/vhosts/amisdebourronmarlotte.fr/htdocs/wp-content/uploads/2025/08/Image2.jpg.Le fichier a été compressé de 73.95 KB à 59.79 KB, en économisant 19.15 % à l’aide de WP-Optimize 
[2025-08-31 09:01:44 : INFO] - Completed processing task with ID : 808, and type 'smush' 
[2025-08-31 09:01:44 : INFO] - Lock option (updraft_lock_smush, abm_options) released 
[2025-08-31 09:01:44 : INFO] - Successfully processed the queue (smush). 1 tasks were processed out of 1. 
[2025-08-31 09:01:44 : INFO] - Lock option (updraft_lock_smush, abm_options) was deleted from the database 
[2025-08-31 09:01:44 : INFO] - Cleaning up tasks of type (smush). A total of 1 tasks will be deleted. 
[2025-09-13 11:28:46 : INFO] - Re_Smush_It_Task with attachment ID : 2701, autocreated on : September 13, 2025 11:28:46 
[2025-09-13 11:29:05 : INFO] - Re_Smush_It_Task with attachment ID : 2702, autocreated on : September 13, 2025 11:29:05 
[2025-09-13 11:29:58 : INFO] - Re_Smush_It_Task with attachment ID : 2703, autocreated on : September 13, 2025 11:29:58 
[2025-09-13 11:30:30 : INFO] - Re_Smush_It_Task with attachment ID : 2704, autocreated on : September 13, 2025 11:30:30 
[2025-09-13 11:31:24 : INFO] - Re_Smush_It_Task with attachment ID : 2705, autocreated on : September 13, 2025 11:31:24 
[2025-09-13 11:31:33 : INFO] - Re_Smush_It_Task with attachment ID : 2706, autocreated on : September 13, 2025 11:31:33 
[2025-09-13 11:32:20 : INFO] - Re_Smush_It_Task with attachment ID : 2707, autocreated on : September 13, 2025 11:32:20 
[2025-09-13 11:33:53 : INFO] - A total of 7 tasks of type smush found and will be processed in this iteration 
[2025-09-13 11:33:53 : DEBUG] - Lock option (updraft_lock_smush, abm_options) was created in the database 
[2025-09-13 11:33:53 : INFO] - Lock (updraft_lock_smush, abm_options) acquired after initialising the database 
[2025-09-13 11:33:53 : INFO] - Processing task with ID : 809, and type 'smush' 
[2025-09-13 11:33:53 : INFO] - Re_Smush_It_Task with attachment ID : 2701, autocreated on : September 13, 2025 11:28:46 
[2025-09-13 11:33:53 : INFO] - File: Image4.jpg, Compression quality: 85 
[2025-09-13 11:33:54 : INFO] - Backing up the original image - 2025/09/Image4-updraft-pre-smush-original.jpg 
[2025-09-13 11:33:55 : INFO] - There were no WebP conversion tools found on your server. 
[2025-09-13 11:33:55 : INFO] - Successfully optimized the image - /srv/data/web/vhosts/amisdebourronmarlotte.fr/htdocs/wp-content/uploads/2025/09/Image4.jpg.Le fichier a été compressé de 160.40 KB à 128.58 KB, en économisant 19.84 % à l’aide de WP-Optimize 
[2025-09-13 11:33:55 : INFO] - Completed processing task with ID : 809, and type 'smush' 
[2025-09-13 11:33:55 : INFO] - Processing task with ID : 810, and type 'smush' 
[2025-09-13 11:33:55 : INFO] - Re_Smush_It_Task with attachment ID : 2702, autocreated on : September 13, 2025 11:29:05 
[2025-09-13 11:33:55 : INFO] - File: Image5.jpg, Compression quality: 85 
[2025-09-13 11:33:55 : INFO] - Backing up the original image - 2025/09/Image5-updraft-pre-smush-original.jpg 
[2025-09-13 11:33:56 : INFO] - There were no WebP conversion tools found on your server. 
[2025-09-13 11:33:57 : INFO] - Successfully optimized the image - /srv/data/web/vhosts/amisdebourronmarlotte.fr/htdocs/wp-content/uploads/2025/09/Image5.jpg.Le fichier a été compressé de 110.34 KB à 88.98 KB, en économisant 19.35 % à l’aide de WP-Optimize 
[2025-09-13 11:33:57 : INFO] - Completed processing task with ID : 810, and type 'smush' 
[2025-09-13 11:33:57 : INFO] - Processing task with ID : 811, and type 'smush' 
[2025-09-13 11:33:57 : INFO] - Re_Smush_It_Task with attachment ID : 2703, autocreated on : September 13, 2025 11:29:58 
[2025-09-13 11:33:57 : INFO] - File: Image3.jpg, Compression quality: 85 
[2025-09-13 11:33:57 : INFO] - Backing up the original image - 2025/09/Image3-updraft-pre-smush-original.jpg 
[2025-09-13 11:33:58 : INFO] - There were no WebP conversion tools found on your server. 
[2025-09-13 11:33:58 : INFO] - Successfully optimized the image - /srv/data/web/vhosts/amisdebourronmarlotte.fr/htdocs/wp-content/uploads/2025/09/Image3.jpg.Le fichier a été compressé de 78.08 KB à 62.79 KB, en économisant 19.58 % à l’aide de WP-Optimize 
[2025-09-13 11:33:58 : INFO] - Completed processing task with ID : 811, and type 'smush' 
[2025-09-13 11:33:58 : INFO] - Processing task with ID : 812, and type 'smush' 
[2025-09-13 11:33:58 : INFO] - Re_Smush_It_Task with attachment ID : 2704, autocreated on : September 13, 2025 11:30:30 
[2025-09-13 11:33:58 : INFO] - File: Image6.jpg, Compression quality: 85 
[2025-09-13 11:33:58 : INFO] - Backing up the original image - 2025/09/Image6-updraft-pre-smush-original.jpg 
[2025-09-13 11:33:59 : INFO] - There were no WebP conversion tools found on your server. 
[2025-09-13 11:33:59 : INFO] - Successfully optimized the image - /srv/data/web/vhosts/amisdebourronmarlotte.fr/htdocs/wp-content/uploads/2025/09/Image6.jpg.Le fichier a été compressé de 69.73 KB à 55.86 KB, en économisant 19.89 % à l’aide de WP-Optimize 
[2025-09-13 11:33:59 : INFO] - Completed processing task with ID : 812, and type 'smush' 
[2025-09-13 11:33:59 : INFO] - Processing task with ID : 813, and type 'smush' 
[2025-09-13 11:33:59 : INFO] - Re_Smush_It_Task with attachment ID : 2705, autocreated on : September 13, 2025 11:31:24 
[2025-09-13 11:33:59 : INFO] - File: Image7.jpg, Compression quality: 85 
[2025-09-13 11:33:59 : INFO] - Backing up the original image - 2025/09/Image7-updraft-pre-smush-original.jpg 
[2025-09-13 11:34:00 : INFO] - There were no WebP conversion tools found on your server. 
[2025-09-13 11:34:00 : INFO] - Successfully optimized the image - /srv/data/web/vhosts/amisdebourronmarlotte.fr/htdocs/wp-content/uploads/2025/09/Image7.jpg.Le fichier a été compressé de 145.18 KB à 113.92 KB, en économisant 21.53 % à l’aide de WP-Optimize 
[2025-09-13 11:34:00 : INFO] - Completed processing task with ID : 813, and type 'smush' 
[2025-09-13 11:34:00 : INFO] - Processing task with ID : 814, and type 'smush' 
[2025-09-13 11:34:00 : INFO] - Re_Smush_It_Task with attachment ID : 2706, autocreated on : September 13, 2025 11:31:33 
[2025-09-13 11:34:00 : INFO] - File: Image8.jpg, Compression quality: 85 
[2025-09-13 11:34:01 : INFO] - Backing up the original image - 2025/09/Image8-updraft-pre-smush-original.jpg 
[2025-09-13 11:34:03 : INFO] - There were no WebP conversion tools found on your server. 
[2025-09-13 11:34:03 : INFO] - Successfully optimized the image - /srv/data/web/vhosts/amisdebourronmarlotte.fr/htdocs/wp-content/uploads/2025/09/Image8.jpg.Le fichier a été compressé de 109.35 KB à 86.80 KB, en économisant 20.62 % à l’aide de WP-Optimize 
[2025-09-13 11:34:03 : INFO] - Completed processing task with ID : 814, and type 'smush' 
[2025-09-13 11:34:03 : INFO] - Processing task with ID : 815, and type 'smush' 
[2025-09-13 11:34:03 : INFO] - Re_Smush_It_Task with attachment ID : 2707, autocreated on : September 13, 2025 11:32:20 
[2025-09-13 11:34:03 : INFO] - File: Image9.jpg, Compression quality: 85 
[2025-09-13 11:34:03 : INFO] - Backing up the original image - 2025/09/Image9-updraft-pre-smush-original.jpg 
[2025-09-13 11:34:04 : INFO] - There were no WebP conversion tools found on your server. 
[2025-09-13 11:34:04 : INFO] - Successfully optimized the image - /srv/data/web/vhosts/amisdebourronmarlotte.fr/htdocs/wp-content/uploads/2025/09/Image9.jpg.Le fichier a été compressé de 126.61 KB à 103.18 KB, en économisant 18.51 % à l’aide de WP-Optimize 
[2025-09-13 11:34:05 : INFO] - Completed processing task with ID : 815, and type 'smush' 
[2025-09-13 11:34:05 : INFO] - Lock option (updraft_lock_smush, abm_options) released 
[2025-09-13 11:34:05 : INFO] - Successfully processed the queue (smush). 7 tasks were processed out of 7. 
[2025-09-13 11:34:05 : INFO] - Lock option (updraft_lock_smush, abm_options) was deleted from the database 
[2025-09-13 11:34:05 : INFO] - Cleaning up tasks of type (smush). A total of 7 tasks will be deleted. 
[2025-09-13 11:34:22 : INFO] - Re_Smush_It_Task with attachment ID : 2709, autocreated on : September 13, 2025 11:34:22 
[2025-09-13 11:43:58 : INFO] - A total of 1 tasks of type smush found and will be processed in this iteration 
[2025-09-13 11:43:58 : DEBUG] - Lock option (updraft_lock_smush, abm_options) was created in the database 
[2025-09-13 11:43:58 : INFO] - Lock (updraft_lock_smush, abm_options) acquired after initialising the database 
[2025-09-13 11:43:58 : INFO] - Processing task with ID : 816, and type 'smush' 
[2025-09-13 11:43:58 : INFO] - Re_Smush_It_Task with attachment ID : 2709, autocreated on : September 13, 2025 11:34:22 
[2025-09-13 11:43:58 : INFO] - File: Image1.jpg, Compression quality: 85 
[2025-09-13 11:43:58 : INFO] - Backing up the original image - 2025/09/Image1-updraft-pre-smush-original.jpg 
[2025-09-13 11:43:59 : INFO] - There were no WebP conversion tools found on your server. 
[2025-09-13 11:43:59 : INFO] - Successfully optimized the image - /srv/data/web/vhosts/amisdebourronmarlotte.fr/htdocs/wp-content/uploads/2025/09/Image1.jpg.Le fichier a été compressé de 46.10 KB à 36.74 KB, en économisant 20.31 % à l’aide de WP-Optimize 
[2025-09-13 11:43:59 : INFO] - Completed processing task with ID : 816, and type 'smush' 
[2025-09-13 11:43:59 : INFO] - Lock option (updraft_lock_smush, abm_options) released 
[2025-09-13 11:43:59 : INFO] - Successfully processed the queue (smush). 1 tasks were processed out of 1. 
[2025-09-13 11:43:59 : INFO] - Lock option (updraft_lock_smush, abm_options) was deleted from the database 
[2025-09-13 11:43:59 : INFO] - Cleaning up tasks of type (smush). A total of 1 tasks will be deleted. 
[2025-09-14 10:48:46 : INFO] - Re_Smush_It_Task with attachment ID : 2718, autocreated on : September 14, 2025 10:48:46 
[2025-09-14 10:53:50 : INFO] - A total of 1 tasks of type smush found and will be processed in this iteration 
[2025-09-14 10:53:50 : DEBUG] - Lock option (updraft_lock_smush, abm_options) was created in the database 
[2025-09-14 10:53:50 : INFO] - Lock (updraft_lock_smush, abm_options) acquired after initialising the database 
[2025-09-14 10:53:51 : INFO] - Processing task with ID : 817, and type 'smush' 
[2025-09-14 10:53:51 : INFO] - Re_Smush_It_Task with attachment ID : 2718, autocreated on : September 14, 2025 10:48:46 
[2025-09-14 10:53:51 : INFO] - File: Image2.jpg, Compression quality: 85 
[2025-09-14 10:53:51 : INFO] - Backing up the original image - 2025/09/Image2-updraft-pre-smush-original.jpg 
[2025-09-14 10:53:53 : INFO] - There were no WebP conversion tools found on your server. 
[2025-09-14 10:53:53 : INFO] - Successfully optimized the image - /srv/data/web/vhosts/amisdebourronmarlotte.fr/htdocs/wp-content/uploads/2025/09/Image2.jpg.Le fichier a été compressé de 286.13 KB à 229.41 KB, en économisant 19.82 % à l’aide de WP-Optimize 
[2025-09-14 10:53:53 : INFO] - Completed processing task with ID : 817, and type 'smush' 
[2025-09-14 10:53:53 : INFO] - Lock option (updraft_lock_smush, abm_options) released 
[2025-09-14 10:53:53 : INFO] - Successfully processed the queue (smush). 1 tasks were processed out of 1. 
[2025-09-14 10:53:53 : INFO] - Lock option (updraft_lock_smush, abm_options) was deleted from the database 
[2025-09-14 10:53:53 : INFO] - Cleaning up tasks of type (smush). A total of 1 tasks will be deleted. 
[2025-09-14 13:53:03 : INFO] - Re_Smush_It_Task with attachment ID : 2721, autocreated on : September 14, 2025 01:53:03 
[2025-09-14 13:53:14 : INFO] - Re_Smush_It_Task with attachment ID : 2722, autocreated on : September 14, 2025 01:53:14 
[2025-09-14 13:56:13 : INFO] - Re_Smush_It_Task with attachment ID : 2725, autocreated on : September 14, 2025 01:56:13 
[2025-09-14 13:57:35 : INFO] - Re_Smush_It_Task with attachment ID : 2726, autocreated on : September 14, 2025 01:57:35 
[2025-09-14 13:58:04 : INFO] - A total of 4 tasks of type smush found and will be processed in this iteration 
[2025-09-14 13:58:04 : DEBUG] - Lock option (updraft_lock_smush, abm_options) was created in the database 
[2025-09-14 13:58:04 : INFO] - Lock (updraft_lock_smush, abm_options) acquired after initialising the database 
[2025-09-14 13:58:04 : INFO] - Processing task with ID : 818, and type 'smush' 
[2025-09-14 13:58:04 : INFO] - Re_Smush_It_Task with attachment ID : 2721, autocreated on : September 14, 2025 01:53:03 
[2025-09-14 13:58:04 : INFO] - File: IMG_8499-scaled.jpg, Compression quality: 85 
[2025-09-14 13:58:04 : INFO] - Backing up the original image - 2025/09/IMG_8499-scaled-updraft-pre-smush-original.jpg 
[2025-09-14 13:58:08 : INFO] - There were no WebP conversion tools found on your server. 
[2025-09-14 13:58:08 : INFO] - Successfully optimized the image - /srv/data/web/vhosts/amisdebourronmarlotte.fr/htdocs/wp-content/uploads/2025/09/IMG_8499-scaled.jpg.Le fichier a été compressé de 563.92 KB à 551.89 KB, en économisant 2.13 % à l’aide de WP-Optimize 
[2025-09-14 13:58:08 : INFO] - Completed processing task with ID : 818, and type 'smush' 
[2025-09-14 13:58:08 : INFO] - Processing task with ID : 819, and type 'smush' 
[2025-09-14 13:58:08 : INFO] - Re_Smush_It_Task with attachment ID : 2722, autocreated on : September 14, 2025 01:53:14 
[2025-09-14 13:58:08 : INFO] - File: IMG_8498-scaled.jpg, Compression quality: 85 
[2025-09-14 13:58:09 : INFO] - Backing up the original image - 2025/09/IMG_8498-scaled-updraft-pre-smush-original.jpg 
[2025-09-14 13:58:12 : INFO] - There were no WebP conversion tools found on your server. 
[2025-09-14 13:58:12 : INFO] - Successfully optimized the image - /srv/data/web/vhosts/amisdebourronmarlotte.fr/htdocs/wp-content/uploads/2025/09/IMG_8498-scaled.jpg.Le fichier a été compressé de 592.72 KB à 583.38 KB, en économisant 1.58 % à l’aide de WP-Optimize 
[2025-09-14 13:58:12 : INFO] - Completed processing task with ID : 819, and type 'smush' 
[2025-09-14 13:58:12 : INFO] - Processing task with ID : 820, and type 'smush' 
[2025-09-14 13:58:12 : INFO] - Task with ID 820 and type (smush) failed with error code invalid_file_path - The linked attachment ID does not have a valid file path 
[2025-09-14 13:58:12 : INFO] - Processing task with ID : 821, and type 'smush' 
[2025-09-14 13:58:12 : INFO] - Re_Smush_It_Task with attachment ID : 2726, autocreated on : September 14, 2025 01:57:35 
[2025-09-14 13:58:12 : INFO] - File: LES-ROUTES-DES-IMPRESSIONNISMES-EN-EUROPE-V1.jpg, Compression quality: 85 
[2025-09-14 13:58:13 : INFO] - Backing up the original image - 2025/09/LES-ROUTES-DES-IMPRESSIONNISMES-EN-EUROPE-V1-updraft-pre-smush-original.jpg 
[2025-09-14 13:58:14 : INFO] - There were no WebP conversion tools found on your server. 
[2025-09-14 13:58:14 : INFO] - Successfully optimized the image - /srv/data/web/vhosts/amisdebourronmarlotte.fr/htdocs/wp-content/uploads/2025/09/LES-ROUTES-DES-IMPRESSIONNISMES-EN-EUROPE-V1.jpg.Le fichier a été compressé de 49.62 KB à 39.62 KB, en économisant 20.15 % à l’aide de WP-Optimize 
[2025-09-14 13:58:14 : INFO] - Completed processing task with ID : 821, and type 'smush' 
[2025-09-14 13:58:14 : INFO] - Lock option (updraft_lock_smush, abm_options) released 
[2025-09-14 13:58:14 : INFO] - Successfully processed the queue (smush). 4 tasks were processed out of 4. 
[2025-09-14 13:58:14 : INFO] - Lock option (updraft_lock_smush, abm_options) was deleted from the database 
[2025-09-14 13:58:14 : INFO] - Cleaning up tasks of type (smush). A total of 3 tasks will be deleted. 
[2025-09-17 07:49:21 : INFO] - Re_Smush_It_Task with attachment ID : 2729, autocreated on : September 17, 2025 07:49:21 
[2025-09-17 07:56:58 : INFO] - A total of 1 tasks of type smush found and will be processed in this iteration 
[2025-09-17 07:56:58 : DEBUG] - Lock option (updraft_lock_smush, abm_options) was created in the database 
[2025-09-17 07:56:58 : INFO] - Lock (updraft_lock_smush, abm_options) acquired after initialising the database 
[2025-09-17 07:56:58 : INFO] - Processing task with ID : 822, and type 'smush' 
[2025-09-17 07:56:58 : INFO] - Re_Smush_It_Task with attachment ID : 2729, autocreated on : September 17, 2025 07:49:21 
[2025-09-17 07:56:58 : INFO] - File: Image1-1.jpg, Compression quality: 85 
[2025-09-17 07:56:59 : INFO] - Backing up the original image - 2025/09/Image1-1-updraft-pre-smush-original.jpg 
[2025-09-17 07:57:00 : INFO] - There were no WebP conversion tools found on your server. 
[2025-09-17 07:57:00 : INFO] - Successfully optimized the image - /srv/data/web/vhosts/amisdebourronmarlotte.fr/htdocs/wp-content/uploads/2025/09/Image1-1.jpg.Le fichier a été compressé de 85.86 KB à 69.02 KB, en économisant 19.61 % à l’aide de WP-Optimize 
[2025-09-17 07:57:00 : INFO] - Completed processing task with ID : 822, and type 'smush' 
[2025-09-17 07:57:00 : INFO] - Lock option (updraft_lock_smush, abm_options) released 
[2025-09-17 07:57:00 : INFO] - Successfully processed the queue (smush). 1 tasks were processed out of 1. 
[2025-09-17 07:57:00 : INFO] - Lock option (updraft_lock_smush, abm_options) was deleted from the database 
[2025-09-17 07:57:00 : INFO] - Cleaning up tasks of type (smush). A total of 1 tasks will be deleted. 
[2025-10-06 11:47:56 : INFO] - Re_Smush_It_Task with attachment ID : 2736, autocreated on : October 06, 2025 11:47:56 
[2025-10-06 11:51:50 : INFO] - Re_Smush_It_Task with attachment ID : 2737, autocreated on : October 06, 2025 11:51:50 
[2025-10-06 11:52:02 : INFO] - Re_Smush_It_Task with attachment ID : 2738, autocreated on : October 06, 2025 11:52:01 
[2025-10-06 11:53:07 : INFO] - A total of 3 tasks of type smush found and will be processed in this iteration 
[2025-10-06 11:53:07 : DEBUG] - Lock option (updraft_lock_smush, abm_options) was created in the database 
[2025-10-06 11:53:07 : INFO] - Lock (updraft_lock_smush, abm_options) acquired after initialising the database 
[2025-10-06 11:53:07 : INFO] - Processing task with ID : 823, and type 'smush' 
[2025-10-06 11:53:07 : INFO] - Re_Smush_It_Task with attachment ID : 2736, autocreated on : October 06, 2025 11:47:56 
[2025-10-06 11:53:07 : INFO] - File: Image1.jpg, Compression quality: 85 
[2025-10-06 11:53:08 : INFO] - Backing up the original image - 2025/10/Image1-updraft-pre-smush-original.jpg 
[2025-10-06 11:53:09 : INFO] - There were no WebP conversion tools found on your server. 
[2025-10-06 11:53:10 : INFO] - Successfully optimized the image - /srv/data/web/vhosts/amisdebourronmarlotte.fr/htdocs/wp-content/uploads/2025/10/Image1.jpg.Le fichier a été compressé de 169.50 KB à 141.67 KB, en économisant 16.42 % à l’aide de WP-Optimize 
[2025-10-06 11:53:10 : INFO] - Completed processing task with ID : 823, and type 'smush' 
[2025-10-06 11:53:10 : INFO] - Processing task with ID : 824, and type 'smush' 
[2025-10-06 11:53:10 : INFO] - Re_Smush_It_Task with attachment ID : 2737, autocreated on : October 06, 2025 11:51:50 
[2025-10-06 11:53:10 : INFO] - File: Image2.jpg, Compression quality: 85 
[2025-10-06 11:53:10 : INFO] - Backing up the original image - 2025/10/Image2-updraft-pre-smush-original.jpg 
[2025-10-06 11:53:11 : INFO] - There were no WebP conversion tools found on your server. 
[2025-10-06 11:53:11 : INFO] - Successfully optimized the image - /srv/data/web/vhosts/amisdebourronmarlotte.fr/htdocs/wp-content/uploads/2025/10/Image2.jpg.Le fichier a été compressé de 132.45 KB à 104.20 KB, en économisant 21.33 % à l’aide de WP-Optimize 
[2025-10-06 11:53:11 : INFO] - Completed processing task with ID : 824, and type 'smush' 
[2025-10-06 11:53:11 : INFO] - Processing task with ID : 825, and type 'smush' 
[2025-10-06 11:53:11 : INFO] - Re_Smush_It_Task with attachment ID : 2738, autocreated on : October 06, 2025 11:52:01 
[2025-10-06 11:53:11 : INFO] - File: Image3.jpg, Compression quality: 85 
[2025-10-06 11:53:11 : INFO] - Backing up the original image - 2025/10/Image3-updraft-pre-smush-original.jpg 
[2025-10-06 11:53:13 : INFO] - There were no WebP conversion tools found on your server. 
[2025-10-06 11:53:13 : INFO] - Successfully optimized the image - /srv/data/web/vhosts/amisdebourronmarlotte.fr/htdocs/wp-content/uploads/2025/10/Image3.jpg.Le fichier a été compressé de 141.23 KB à 113.29 KB, en économisant 19.78 % à l’aide de WP-Optimize 
[2025-10-06 11:53:13 : INFO] - Completed processing task with ID : 825, and type 'smush' 
[2025-10-06 11:53:13 : INFO] - Lock option (updraft_lock_smush, abm_options) released 
[2025-10-06 11:53:13 : INFO] - Successfully processed the queue (smush). 3 tasks were processed out of 3. 
[2025-10-06 11:53:13 : INFO] - Lock option (updraft_lock_smush, abm_options) was deleted from the database 
[2025-10-06 11:53:13 : INFO] - Cleaning up tasks of type (smush). A total of 3 tasks will be deleted. 
[2025-10-06 11:55:10 : INFO] - Re_Smush_It_Task with attachment ID : 2739, autocreated on : October 06, 2025 11:55:10 
[2025-10-06 12:09:01 : INFO] - A total of 1 tasks of type smush found and will be processed in this iteration 
[2025-10-06 12:09:01 : DEBUG] - Lock option (updraft_lock_smush, abm_options) was created in the database 
[2025-10-06 12:09:01 : INFO] - Lock (updraft_lock_smush, abm_options) acquired after initialising the database 
[2025-10-06 12:09:01 : INFO] - Processing task with ID : 826, and type 'smush' 
[2025-10-06 12:09:01 : INFO] - Re_Smush_It_Task with attachment ID : 2739, autocreated on : October 06, 2025 11:55:10 
[2025-10-06 12:09:01 : INFO] - File: Image4.jpg, Compression quality: 85 
[2025-10-06 12:09:02 : INFO] - Backing up the original image - 2025/10/Image4-updraft-pre-smush-original.jpg 
[2025-10-06 12:09:04 : INFO] - There were no WebP conversion tools found on your server. 
[2025-10-06 12:09:04 : INFO] - Successfully optimized the image - /srv/data/web/vhosts/amisdebourronmarlotte.fr/htdocs/wp-content/uploads/2025/10/Image4.jpg.Le fichier a été compressé de 214.58 KB à 171.87 KB, en économisant 19.91 % à l’aide de WP-Optimize 
[2025-10-06 12:09:04 : INFO] - Completed processing task with ID : 826, and type 'smush' 
[2025-10-06 12:09:04 : INFO] - Lock option (updraft_lock_smush, abm_options) released 
[2025-10-06 12:09:04 : INFO] - Successfully processed the queue (smush). 1 tasks were processed out of 1. 
[2025-10-06 12:09:04 : INFO] - Lock option (updraft_lock_smush, abm_options) was deleted from the database 
[2025-10-06 12:09:04 : INFO] - Cleaning up tasks of type (smush). A total of 1 tasks will be deleted. 
[2025-10-06 13:53:58 : INFO] - Re_Smush_It_Task with attachment ID : 2744, autocreated on : October 06, 2025 01:53:58 
[2025-10-06 13:59:00 : INFO] - A total of 1 tasks of type smush found and will be processed in this iteration 
[2025-10-06 13:59:00 : DEBUG] - Lock option (updraft_lock_smush, abm_options) was created in the database 
[2025-10-06 13:59:00 : INFO] - Lock (updraft_lock_smush, abm_options) acquired after initialising the database 
[2025-10-06 13:59:00 : INFO] - Processing task with ID : 827, and type 'smush' 
[2025-10-06 13:59:00 : INFO] - Re_Smush_It_Task with attachment ID : 2744, autocreated on : October 06, 2025 01:53:58 
[2025-10-06 13:59:00 : INFO] - File: Image2.png, Compression quality: 85 
[2025-10-06 13:59:01 : INFO] - Backing up the original image - 2025/10/Image2-updraft-pre-smush-original.png 
[2025-10-06 13:59:04 : INFO] - There were no WebP conversion tools found on your server. 
[2025-10-06 13:59:04 : INFO] - Successfully optimized the image - /srv/data/web/vhosts/amisdebourronmarlotte.fr/htdocs/wp-content/uploads/2025/10/Image2.png.Le fichier a été compressé de 1.27 MB à 306.12 KB, en économisant 76.44 % à l’aide de WP-Optimize 
[2025-10-06 13:59:04 : INFO] - Completed processing task with ID : 827, and type 'smush' 
[2025-10-06 13:59:04 : INFO] - Lock option (updraft_lock_smush, abm_options) released 
[2025-10-06 13:59:04 : INFO] - Successfully processed the queue (smush). 1 tasks were processed out of 1. 
[2025-10-06 13:59:04 : INFO] - Lock option (updraft_lock_smush, abm_options) was deleted from the database 
[2025-10-06 13:59:04 : INFO] - Cleaning up tasks of type (smush). A total of 1 tasks will be deleted. 
[2025-10-06 14:02:14 : INFO] - Re_Smush_It_Task with attachment ID : 2745, autocreated on : October 06, 2025 02:02:14 
[2025-10-06 14:09:10 : INFO] - A total of 1 tasks of type smush found and will be processed in this iteration 
[2025-10-06 14:09:10 : DEBUG] - Lock option (updraft_lock_smush, abm_options) was created in the database 
[2025-10-06 14:09:10 : INFO] - Lock (updraft_lock_smush, abm_options) acquired after initialising the database 
[2025-10-06 14:09:10 : INFO] - Processing task with ID : 828, and type 'smush' 
[2025-10-06 14:09:10 : INFO] - Re_Smush_It_Task with attachment ID : 2745, autocreated on : October 06, 2025 02:02:14 
[2025-10-06 14:09:10 : INFO] - File: Chiens-Miniature-sur-ivoire-par-de-penne-Fanica.jpg, Compression quality: 85 
[2025-10-06 14:09:11 : INFO] - Backing up the original image - 2025/10/Chiens-Miniature-sur-ivoire-par-de-penne-Fanica-updraft-pre-smush-original.jpg 
[2025-10-06 14:09:14 : INFO] - There were no WebP conversion tools found on your server. 
[2025-10-06 14:09:14 : INFO] - Successfully optimized the image - /srv/data/web/vhosts/amisdebourronmarlotte.fr/htdocs/wp-content/uploads/2025/10/Chiens-Miniature-sur-ivoire-par-de-penne-Fanica.jpg.Le fichier a été compressé de 598.16 KB à 501.93 KB, en économisant 16.09 % à l’aide de WP-Optimize 
[2025-10-06 14:09:14 : INFO] - Completed processing task with ID : 828, and type 'smush' 
[2025-10-06 14:09:14 : INFO] - Lock option (updraft_lock_smush, abm_options) released 
[2025-10-06 14:09:14 : INFO] - Successfully processed the queue (smush). 1 tasks were processed out of 1. 
[2025-10-06 14:09:14 : INFO] - Lock option (updraft_lock_smush, abm_options) was deleted from the database 
[2025-10-06 14:09:14 : INFO] - Cleaning up tasks of type (smush). A total of 1 tasks will be deleted. 
[2025-10-17 05:08:48 : INFO] - Re_Smush_It_Task with attachment ID : 2753, autocreated on : October 17, 2025 05:08:48 
[2025-10-17 05:09:16 : INFO] - Re_Smush_It_Task with attachment ID : 2754, autocreated on : October 17, 2025 05:09:16 
[2025-10-17 05:14:03 : INFO] - A total of 2 tasks of type smush found and will be processed in this iteration 
[2025-10-17 05:14:03 : DEBUG] - Lock option (updraft_lock_smush, abm_options) was created in the database 
[2025-10-17 05:14:03 : INFO] - Lock (updraft_lock_smush, abm_options) acquired after initialising the database 
[2025-10-17 05:14:03 : INFO] - Processing task with ID : 829, and type 'smush' 
[2025-10-17 05:14:03 : INFO] - Re_Smush_It_Task with attachment ID : 2753, autocreated on : October 17, 2025 05:08:48 
[2025-10-17 05:14:03 : INFO] - File: Image2-1.png, Compression quality: 85 
[2025-10-17 05:14:04 : INFO] - Backing up the original image - 2025/10/Image2-1-updraft-pre-smush-original.png 
[2025-10-17 05:14:05 : INFO] - There were no WebP conversion tools found on your server. 
[2025-10-17 05:14:05 : INFO] - Successfully optimized the image - /srv/data/web/vhosts/amisdebourronmarlotte.fr/htdocs/wp-content/uploads/2025/10/Image2-1.png.Le fichier a été compressé de 903.70 KB à 361.65 KB, en économisant 59.98 % à l’aide de WP-Optimize 
[2025-10-17 05:14:05 : INFO] - Completed processing task with ID : 829, and type 'smush' 
[2025-10-17 05:14:05 : INFO] - Processing task with ID : 830, and type 'smush' 
[2025-10-17 05:14:05 : INFO] - Re_Smush_It_Task with attachment ID : 2754, autocreated on : October 17, 2025 05:09:16 
[2025-10-17 05:14:05 : INFO] - File: Image1.png, Compression quality: 85 
[2025-10-17 05:14:06 : INFO] - Backing up the original image - 2025/10/Image1-updraft-pre-smush-original.png 
[2025-10-17 05:14:08 : INFO] - There were no WebP conversion tools found on your server. 
[2025-10-17 05:14:08 : INFO] - Successfully optimized the image - /srv/data/web/vhosts/amisdebourronmarlotte.fr/htdocs/wp-content/uploads/2025/10/Image1.png.Le fichier a été compressé de 794.94 KB à 331.17 KB, en économisant 58.34 % à l’aide de WP-Optimize 
[2025-10-17 05:14:08 : INFO] - Completed processing task with ID : 830, and type 'smush' 
[2025-10-17 05:14:08 : INFO] - Lock option (updraft_lock_smush, abm_options) released 
[2025-10-17 05:14:08 : INFO] - Successfully processed the queue (smush). 2 tasks were processed out of 2. 
[2025-10-17 05:14:08 : INFO] - Lock option (updraft_lock_smush, abm_options) was deleted from the database 
[2025-10-17 05:14:08 : INFO] - Cleaning up tasks of type (smush). A total of 2 tasks will be deleted. 
[2025-10-17 06:15:44 : INFO] - Re_Smush_It_Task with attachment ID : 2757, autocreated on : October 17, 2025 06:15:44 
[2025-10-17 06:17:29 : INFO] - Re_Smush_It_Task with attachment ID : 2758, autocreated on : October 17, 2025 06:17:29 
[2025-10-17 06:21:02 : INFO] - A total of 2 tasks of type smush found and will be processed in this iteration 
[2025-10-17 06:21:02 : DEBUG] - Lock option (updraft_lock_smush, abm_options) was created in the database 
[2025-10-17 06:21:02 : INFO] - Lock (updraft_lock_smush, abm_options) acquired after initialising the database 
[2025-10-17 06:21:02 : INFO] - Processing task with ID : 831, and type 'smush' 
[2025-10-17 06:21:02 : INFO] - Task with ID 831 and type (smush) failed with error code invalid_file_path - The linked attachment ID does not have a valid file path 
[2025-10-17 06:21:02 : INFO] - Processing task with ID : 832, and type 'smush' 
[2025-10-17 06:21:02 : INFO] - Task with ID 832 and type (smush) failed with error code exceeded_max_filesize - /srv/data/web/vhosts/amisdebourronmarlotte.fr/htdocs/wp-content/uploads/2025/10/Image3-1-scaled.png - cannot be optimized, file size is above service provider limit 
[2025-10-17 06:21:02 : INFO] - Lock option (updraft_lock_smush, abm_options) released 
[2025-10-17 06:21:02 : INFO] - Successfully processed the queue (smush). 2 tasks were processed out of 2. 
[2025-10-17 06:21:02 : INFO] - Lock option (updraft_lock_smush, abm_options) was deleted from the database 
[2025-10-17 06:21:45 : INFO] - Re_Smush_It_Task with attachment ID : 2760, autocreated on : October 17, 2025 06:21:45 
[2025-10-17 06:34:38 : INFO] - A total of 1 tasks of type smush found and will be processed in this iteration 
[2025-10-17 06:34:38 : DEBUG] - Lock option (updraft_lock_smush, abm_options) was created in the database 
[2025-10-17 06:34:38 : INFO] - Lock (updraft_lock_smush, abm_options) acquired after initialising the database 
[2025-10-17 06:34:38 : INFO] - Processing task with ID : 833, and type 'smush' 
[2025-10-17 06:34:38 : INFO] - Re_Smush_It_Task with attachment ID : 2760, autocreated on : October 17, 2025 06:21:45 
[2025-10-17 06:34:38 : INFO] - File: Image5.png, Compression quality: 85 
[2025-10-17 06:34:39 : INFO] - Backing up the original image - 2025/10/Image5-updraft-pre-smush-original.png 
[2025-10-17 06:34:42 : INFO] - There were no WebP conversion tools found on your server. 
[2025-10-17 06:34:42 : INFO] - Successfully optimized the image - /srv/data/web/vhosts/amisdebourronmarlotte.fr/htdocs/wp-content/uploads/2025/10/Image5.png.Le fichier a été compressé de 629.14 KB à 173.63 KB, en économisant 72.4 % à l’aide de WP-Optimize 
[2025-10-17 06:34:42 : INFO] - Completed processing task with ID : 833, and type 'smush' 
[2025-10-17 06:34:42 : INFO] - Lock option (updraft_lock_smush, abm_options) released 
[2025-10-17 06:34:42 : INFO] - Successfully processed the queue (smush). 1 tasks were processed out of 1. 
[2025-10-17 06:34:42 : INFO] - Lock option (updraft_lock_smush, abm_options) was deleted from the database 
[2025-10-17 06:34:42 : INFO] - Cleaning up tasks of type (smush). A total of 1 tasks will be deleted. 
[2025-10-19 14:48:50 : INFO] - Re_Smush_It_Task with attachment ID : 2766, autocreated on : October 19, 2025 02:48:50 
[2025-10-19 14:49:02 : INFO] - Re_Smush_It_Task with attachment ID : 2767, autocreated on : October 19, 2025 02:49:02 
[2025-10-19 14:54:44 : INFO] - A total of 2 tasks of type smush found and will be processed in this iteration 
[2025-10-19 14:54:44 : DEBUG] - Lock option (updraft_lock_smush, abm_options) was created in the database 
[2025-10-19 14:54:44 : INFO] - Lock (updraft_lock_smush, abm_options) acquired after initialising the database 
[2025-10-19 14:54:44 : INFO] - Processing task with ID : 834, and type 'smush' 
[2025-10-19 14:54:44 : INFO] - Re_Smush_It_Task with attachment ID : 2766, autocreated on : October 19, 2025 02:48:50 
[2025-10-19 14:54:44 : INFO] - File: Pepin-Edouard-Lenfance-de-Bacchus-1881-scaled.png, Compression quality: 85 
[2025-10-19 14:54:46 : INFO] - Backing up the original image - 2025/10/Pepin-Edouard-Lenfance-de-Bacchus-1881-scaled-updraft-pre-smush-original.png 
[2025-10-19 14:54:58 : INFO] - There were no WebP conversion tools found on your server. 
[2025-10-19 14:54:58 : INFO] - Successfully optimized the image - /srv/data/web/vhosts/amisdebourronmarlotte.fr/htdocs/wp-content/uploads/2025/10/Pepin-Edouard-Lenfance-de-Bacchus-1881-scaled.png.Le fichier a été compressé de 3.46 MB à 1.46 MB, en économisant 57.87 % à l’aide de WP-Optimize 
[2025-10-19 14:54:58 : INFO] - Completed processing task with ID : 834, and type 'smush' 
[2025-10-19 14:54:58 : INFO] - Processing task with ID : 835, and type 'smush' 
[2025-10-19 14:54:58 : INFO] - Re_Smush_It_Task with attachment ID : 2767, autocreated on : October 19, 2025 02:49:02 
[2025-10-19 14:54:58 : INFO] - File: Eva-Pandora.png, Compression quality: 85 
[2025-10-19 14:54:59 : INFO] - Backing up the original image - 2025/10/Eva-Pandora-updraft-pre-smush-original.png 
[2025-10-19 14:55:00 : INFO] - There were no WebP conversion tools found on your server. 
[2025-10-19 14:55:00 : INFO] - Successfully optimized the image - /srv/data/web/vhosts/amisdebourronmarlotte.fr/htdocs/wp-content/uploads/2025/10/Eva-Pandora.png.Le fichier a été compressé de 389.94 KB à 114.59 KB, en économisant 70.61 % à l’aide de WP-Optimize 
[2025-10-19 14:55:00 : INFO] - Completed processing task with ID : 835, and type 'smush' 
[2025-10-19 14:55:00 : INFO] - Lock option (updraft_lock_smush, abm_options) released 
[2025-10-19 14:55:00 : INFO] - Successfully processed the queue (smush). 2 tasks were processed out of 2. 
[2025-10-19 14:55:00 : INFO] - Lock option (updraft_lock_smush, abm_options) was deleted from the database 
[2025-10-19 14:55:00 : INFO] - Cleaning up tasks of type (smush). A total of 2 tasks will be deleted. 
[2025-10-21 06:58:48 : INFO] - Re_Smush_It_Task with attachment ID : 2771, autocreated on : October 21, 2025 06:58:48 
[2025-10-21 06:59:01 : INFO] - Re_Smush_It_Task with attachment ID : 2772, autocreated on : October 21, 2025 06:59:00 
[2025-10-21 06:59:27 : INFO] - Re_Smush_It_Task with attachment ID : 2773, autocreated on : October 21, 2025 06:59:27 
[2025-10-21 06:59:36 : INFO] - Re_Smush_It_Task with attachment ID : 2774, autocreated on : October 21, 2025 06:59:36 
[2025-10-21 07:06:13 : INFO] - A total of 4 tasks of type smush found and will be processed in this iteration 
[2025-10-21 07:06:13 : DEBUG] - Lock option (updraft_lock_smush, abm_options) was created in the database 
[2025-10-21 07:06:13 : INFO] - Lock (updraft_lock_smush, abm_options) acquired after initialising the database 
[2025-10-21 07:06:13 : INFO] - Processing task with ID : 836, and type 'smush' 
[2025-10-21 07:06:13 : INFO] - Re_Smush_It_Task with attachment ID : 2771, autocreated on : October 21, 2025 06:58:48 
[2025-10-21 07:06:13 : INFO] - File: Image4.png, Compression quality: 85 
[2025-10-21 07:06:15 : INFO] - Backing up the original image - 2025/10/Image4-updraft-pre-smush-original.png 
[2025-10-21 07:06:19 : INFO] - There were no WebP conversion tools found on your server. 
[2025-10-21 07:06:19 : INFO] - Successfully optimized the image - /srv/data/web/vhosts/amisdebourronmarlotte.fr/htdocs/wp-content/uploads/2025/10/Image4.png.Le fichier a été compressé de 1.46 MB à 533.87 KB, en économisant 64.21 % à l’aide de WP-Optimize 
[2025-10-21 07:06:19 : INFO] - Completed processing task with ID : 836, and type 'smush' 
[2025-10-21 07:06:19 : INFO] - Processing task with ID : 837, and type 'smush' 
[2025-10-21 07:06:19 : INFO] - Re_Smush_It_Task with attachment ID : 2772, autocreated on : October 21, 2025 06:59:00 
[2025-10-21 07:06:19 : INFO] - File: Image3.png, Compression quality: 85 
[2025-10-21 07:06:20 : INFO] - Backing up the original image - 2025/10/Image3-updraft-pre-smush-original.png 
[2025-10-21 07:06:20 : INFO] - There were no WebP conversion tools found on your server. 
[2025-10-21 07:06:21 : INFO] - Successfully optimized the image - /srv/data/web/vhosts/amisdebourronmarlotte.fr/htdocs/wp-content/uploads/2025/10/Image3.png.Le fichier a été compressé de 96.05 KB à 64.40 KB, en économisant 32.95 % à l’aide de WP-Optimize 
[2025-10-21 07:06:21 : INFO] - Completed processing task with ID : 837, and type 'smush' 
[2025-10-21 07:06:21 : INFO] - Processing task with ID : 838, and type 'smush' 
[2025-10-21 07:06:21 : INFO] - Re_Smush_It_Task with attachment ID : 2773, autocreated on : October 21, 2025 06:59:27 
[2025-10-21 07:06:21 : INFO] - File: Image2-2.png, Compression quality: 85 
[2025-10-21 07:06:22 : INFO] - Backing up the original image - 2025/10/Image2-2-updraft-pre-smush-original.png 
[2025-10-21 07:06:24 : INFO] - There were no WebP conversion tools found on your server. 
[2025-10-21 07:06:24 : INFO] - Successfully optimized the image - /srv/data/web/vhosts/amisdebourronmarlotte.fr/htdocs/wp-content/uploads/2025/10/Image2-2.png.Le fichier a été compressé de 635.32 KB à 207.10 KB, en économisant 67.4 % à l’aide de WP-Optimize 
[2025-10-21 07:06:24 : INFO] - Completed processing task with ID : 838, and type 'smush' 
[2025-10-21 07:06:24 : INFO] - Processing task with ID : 839, and type 'smush' 
[2025-10-21 07:06:24 : INFO] - Re_Smush_It_Task with attachment ID : 2774, autocreated on : October 21, 2025 06:59:36 
[2025-10-21 07:06:24 : INFO] - File: Image1-1.png, Compression quality: 85 
[2025-10-21 07:06:25 : INFO] - Backing up the original image - 2025/10/Image1-1-updraft-pre-smush-original.png 
[2025-10-21 07:06:30 : INFO] - There were no WebP conversion tools found on your server. 
[2025-10-21 07:06:30 : INFO] - Successfully optimized the image - /srv/data/web/vhosts/amisdebourronmarlotte.fr/htdocs/wp-content/uploads/2025/10/Image1-1.png.Le fichier a été compressé de 1.14 MB à 734.90 KB, en économisant 37.22 % à l’aide de WP-Optimize 
[2025-10-21 07:06:30 : INFO] - Completed processing task with ID : 839, and type 'smush' 
[2025-10-21 07:06:30 : INFO] - Lock option (updraft_lock_smush, abm_options) released 
[2025-10-21 07:06:30 : INFO] - Successfully processed the queue (smush). 4 tasks were processed out of 4. 
[2025-10-21 07:06:30 : INFO] - Lock option (updraft_lock_smush, abm_options) was deleted from the database 
[2025-10-21 07:06:30 : INFO] - Cleaning up tasks of type (smush). A total of 4 tasks will be deleted. 
[2025-10-21 07:22:50 : INFO] - Re_Smush_It_Task with attachment ID : 2777, autocreated on : October 21, 2025 07:22:50 
[2025-10-21 07:27:58 : INFO] - A total of 1 tasks of type smush found and will be processed in this iteration 
[2025-10-21 07:27:58 : DEBUG] - Lock option (updraft_lock_smush, abm_options) was created in the database 
[2025-10-21 07:27:58 : INFO] - Lock (updraft_lock_smush, abm_options) acquired after initialising the database 
[2025-10-21 07:27:58 : INFO] - Processing task with ID : 840, and type 'smush' 
[2025-10-21 07:27:58 : INFO] - Re_Smush_It_Task with attachment ID : 2777, autocreated on : October 21, 2025 07:22:50 
[2025-10-21 07:27:58 : INFO] - File: Image-07.png, Compression quality: 85 
[2025-10-21 07:27:59 : INFO] - Backing up the original image - 2025/10/Image-07-updraft-pre-smush-original.png 
[2025-10-21 07:28:03 : INFO] - There were no WebP conversion tools found on your server. 
[2025-10-21 07:28:03 : INFO] - Successfully optimized the image - /srv/data/web/vhosts/amisdebourronmarlotte.fr/htdocs/wp-content/uploads/2025/10/Image-07.png.Le fichier a été compressé de 1.61 MB à 1.07 MB, en économisant 33.98 % à l’aide de WP-Optimize 
[2025-10-21 07:28:04 : INFO] - Completed processing task with ID : 840, and type 'smush' 
[2025-10-21 07:28:04 : INFO] - Lock option (updraft_lock_smush, abm_options) released 
[2025-10-21 07:28:04 : INFO] - Successfully processed the queue (smush). 1 tasks were processed out of 1. 
[2025-10-21 07:28:04 : INFO] - Lock option (updraft_lock_smush, abm_options) was deleted from the database 
[2025-10-21 07:28:04 : INFO] - Cleaning up tasks of type (smush). A total of 1 tasks will be deleted. 
[2025-10-21 07:35:57 : INFO] - Re_Smush_It_Task with attachment ID : 2778, autocreated on : October 21, 2025 07:35:57 
[2025-10-21 07:37:59 : INFO] - A total of 1 tasks of type smush found and will be processed in this iteration 
[2025-10-21 07:37:59 : DEBUG] - Lock option (updraft_lock_smush, abm_options) was created in the database 
[2025-10-21 07:37:59 : INFO] - Lock (updraft_lock_smush, abm_options) acquired after initialising the database 
[2025-10-21 07:37:59 : INFO] - Processing task with ID : 841, and type 'smush' 
[2025-10-21 07:37:59 : INFO] - Re_Smush_It_Task with attachment ID : 2778, autocreated on : October 21, 2025 07:35:57 
[2025-10-21 07:37:59 : INFO] - File: Image5-1.png, Compression quality: 85 
[2025-10-21 07:38:00 : INFO] - Backing up the original image - 2025/10/Image5-1-updraft-pre-smush-original.png 
[2025-10-21 07:38:02 : INFO] - There were no WebP conversion tools found on your server. 
[2025-10-21 07:38:02 : INFO] - Successfully optimized the image - /srv/data/web/vhosts/amisdebourronmarlotte.fr/htdocs/wp-content/uploads/2025/10/Image5-1.png.Le fichier a été compressé de 594.84 KB à 152.45 KB, en économisant 74.37 % à l’aide de WP-Optimize 
[2025-10-21 07:38:02 : INFO] - Completed processing task with ID : 841, and type 'smush' 
[2025-10-21 07:38:02 : INFO] - Lock option (updraft_lock_smush, abm_options) released 
[2025-10-21 07:38:02 : INFO] - Successfully processed the queue (smush). 1 tasks were processed out of 1. 
[2025-10-21 07:38:02 : INFO] - Lock option (updraft_lock_smush, abm_options) was deleted from the database 
[2025-10-21 07:38:02 : INFO] - Cleaning up tasks of type (smush). A total of 1 tasks will be deleted. 
[2025-10-21 08:08:43 : INFO] - Re_Smush_It_Task with attachment ID : 2783, autocreated on : October 21, 2025 08:08:43 
[2025-10-21 08:10:09 : INFO] - Re_Smush_It_Task with attachment ID : 2784, autocreated on : October 21, 2025 08:10:09 
[2025-10-21 08:10:21 : INFO] - Re_Smush_It_Task with attachment ID : 2785, autocreated on : October 21, 2025 08:10:21 
[2025-10-21 08:11:09 : INFO] - Re_Smush_It_Task with attachment ID : 2786, autocreated on : October 21, 2025 08:11:09 
[2025-10-21 08:12:42 : INFO] - Re_Smush_It_Task with attachment ID : 2787, autocreated on : October 21, 2025 08:12:42 
[2025-10-21 08:13:47 : INFO] - A total of 5 tasks of type smush found and will be processed in this iteration 
[2025-10-21 08:13:47 : DEBUG] - Lock option (updraft_lock_smush, abm_options) was created in the database 
[2025-10-21 08:13:47 : INFO] - Lock (updraft_lock_smush, abm_options) acquired after initialising the database 
[2025-10-21 08:13:47 : INFO] - Processing task with ID : 842, and type 'smush' 
[2025-10-21 08:13:47 : INFO] - Re_Smush_It_Task with attachment ID : 2783, autocreated on : October 21, 2025 08:08:43 
[2025-10-21 08:13:47 : INFO] - File: image-8.jpg, Compression quality: 85 
[2025-10-21 08:13:48 : INFO] - Backing up the original image - 2025/10/image-8-updraft-pre-smush-original.jpg 
[2025-10-21 08:13:50 : INFO] - There were no WebP conversion tools found on your server. 
[2025-10-21 08:13:50 : INFO] - Successfully optimized the image - /srv/data/web/vhosts/amisdebourronmarlotte.fr/htdocs/wp-content/uploads/2025/10/image-8.jpg.Le fichier a été compressé de 103.18 KB à 102.28 KB, en économisant 0.88 % à l’aide de WP-Optimize 
[2025-10-21 08:13:50 : INFO] - Completed processing task with ID : 842, and type 'smush' 
[2025-10-21 08:13:50 : INFO] - Processing task with ID : 843, and type 'smush' 
[2025-10-21 08:13:50 : INFO] - Re_Smush_It_Task with attachment ID : 2784, autocreated on : October 21, 2025 08:10:09 
[2025-10-21 08:13:50 : INFO] - File: Image7.png, Compression quality: 85 
[2025-10-21 08:13:50 : INFO] - Backing up the original image - 2025/10/Image7-updraft-pre-smush-original.png 
[2025-10-21 08:13:53 : INFO] - There were no WebP conversion tools found on your server. 
[2025-10-21 08:13:53 : INFO] - Successfully optimized the image - /srv/data/web/vhosts/amisdebourronmarlotte.fr/htdocs/wp-content/uploads/2025/10/Image7.png.Le fichier a été compressé de 461.70 KB à 207.35 KB, en économisant 55.09 % à l’aide de WP-Optimize 
[2025-10-21 08:13:53 : INFO] - Completed processing task with ID : 843, and type 'smush' 
[2025-10-21 08:13:53 : INFO] - Processing task with ID : 844, and type 'smush' 
[2025-10-21 08:13:53 : INFO] - Re_Smush_It_Task with attachment ID : 2785, autocreated on : October 21, 2025 08:10:21 
[2025-10-21 08:13:53 : INFO] - File: Image8.png, Compression quality: 85 
[2025-10-21 08:13:54 : INFO] - Backing up the original image - 2025/10/Image8-updraft-pre-smush-original.png 
[2025-10-21 08:13:55 : INFO] - There were no WebP conversion tools found on your server. 
[2025-10-21 08:13:55 : INFO] - Successfully optimized the image - /srv/data/web/vhosts/amisdebourronmarlotte.fr/htdocs/wp-content/uploads/2025/10/Image8.png.Le fichier a été compressé de 946.68 KB à 295.90 KB, en économisant 68.74 % à l’aide de WP-Optimize 
[2025-10-21 08:13:55 : INFO] - Completed processing task with ID : 844, and type 'smush' 
[2025-10-21 08:13:55 : INFO] - Processing task with ID : 845, and type 'smush' 
[2025-10-21 08:13:55 : INFO] - Re_Smush_It_Task with attachment ID : 2786, autocreated on : October 21, 2025 08:11:09 
[2025-10-21 08:13:55 : INFO] - File: Image6.png, Compression quality: 85 
[2025-10-21 08:13:56 : INFO] - Backing up the original image - 2025/10/Image6-updraft-pre-smush-original.png 
[2025-10-21 08:13:58 : INFO] - There were no WebP conversion tools found on your server. 
[2025-10-21 08:13:58 : INFO] - Successfully optimized the image - /srv/data/web/vhosts/amisdebourronmarlotte.fr/htdocs/wp-content/uploads/2025/10/Image6.png.Le fichier a été compressé de 292.35 KB à 128.82 KB, en économisant 55.94 % à l’aide de WP-Optimize 
[2025-10-21 08:13:58 : INFO] - Completed processing task with ID : 845, and type 'smush' 
[2025-10-21 08:13:58 : INFO] - Processing task with ID : 846, and type 'smush' 
[2025-10-21 08:13:58 : INFO] - Re_Smush_It_Task with attachment ID : 2787, autocreated on : October 21, 2025 08:12:42 
[2025-10-21 08:13:58 : INFO] - File: Image9.png, Compression quality: 85 
[2025-10-21 08:13:59 : INFO] - Backing up the original image - 2025/10/Image9-updraft-pre-smush-original.png 
[2025-10-21 08:14:01 : INFO] - There were no WebP conversion tools found on your server. 
[2025-10-21 08:14:01 : INFO] - Successfully optimized the image - /srv/data/web/vhosts/amisdebourronmarlotte.fr/htdocs/wp-content/uploads/2025/10/Image9.png.Le fichier a été compressé de 460.79 KB à 201.04 KB, en économisant 56.37 % à l’aide de WP-Optimize 
[2025-10-21 08:14:01 : INFO] - Completed processing task with ID : 846, and type 'smush' 
[2025-10-21 08:14:01 : INFO] - Lock option (updraft_lock_smush, abm_options) released 
[2025-10-21 08:14:01 : INFO] - Successfully processed the queue (smush). 5 tasks were processed out of 5. 
[2025-10-21 08:14:01 : INFO] - Lock option (updraft_lock_smush, abm_options) was deleted from the database 
[2025-10-21 08:14:01 : INFO] - Cleaning up tasks of type (smush). A total of 5 tasks will be deleted. 
[2025-10-21 08:35:09 : INFO] - Re_Smush_It_Task with attachment ID : 2792, autocreated on : October 21, 2025 08:35:09 
[2025-10-21 08:40:14 : INFO] - A total of 1 tasks of type smush found and will be processed in this iteration 
[2025-10-21 08:40:14 : DEBUG] - Lock option (updraft_lock_smush, abm_options) was created in the database 
[2025-10-21 08:40:14 : INFO] - Lock (updraft_lock_smush, abm_options) acquired after initialising the database 
[2025-10-21 08:40:14 : INFO] - Processing task with ID : 847, and type 'smush' 
[2025-10-21 08:40:14 : INFO] - Re_Smush_It_Task with attachment ID : 2792, autocreated on : October 21, 2025 08:35:09 
[2025-10-21 08:40:14 : INFO] - File: Gruny--scaled.jpg, Compression quality: 85 
[2025-10-21 08:40:14 : INFO] - Backing up the original image - 2025/10/Gruny--scaled-updraft-pre-smush-original.jpg 
[2025-10-21 08:40:18 : INFO] - There were no WebP conversion tools found on your server. 
[2025-10-21 08:40:18 : INFO] - Successfully optimized the image - /srv/data/web/vhosts/amisdebourronmarlotte.fr/htdocs/wp-content/uploads/2025/10/Gruny--scaled.jpg.Le fichier a été compressé de 649.70 KB à 644.58 KB, en économisant 0.79 % à l’aide de WP-Optimize 
[2025-10-21 08:40:18 : INFO] - Completed processing task with ID : 847, and type 'smush' 
[2025-10-21 08:40:18 : INFO] - Lock option (updraft_lock_smush, abm_options) released 
[2025-10-21 08:40:18 : INFO] - Successfully processed the queue (smush). 1 tasks were processed out of 1. 
[2025-10-21 08:40:18 : INFO] - Lock option (updraft_lock_smush, abm_options) was deleted from the database 
[2025-10-21 08:40:18 : INFO] - Cleaning up tasks of type (smush). A total of 1 tasks will be deleted. 
[2025-10-21 09:48:59 : INFO] - Re_Smush_It_Task with attachment ID : 2800, autocreated on : October 21, 2025 09:48:59 
[2025-10-21 09:54:03 : INFO] - A total of 1 tasks of type smush found and will be processed in this iteration 
[2025-10-21 09:54:03 : DEBUG] - Lock option (updraft_lock_smush, abm_options) was created in the database 
[2025-10-21 09:54:03 : INFO] - Lock (updraft_lock_smush, abm_options) acquired after initialising the database 
[2025-10-21 09:54:03 : INFO] - Processing task with ID : 848, and type 'smush' 
[2025-10-21 09:54:03 : INFO] - Re_Smush_It_Task with attachment ID : 2800, autocreated on : October 21, 2025 09:48:59 
[2025-10-21 09:54:03 : INFO] - File: Image10.png, Compression quality: 85 
[2025-10-21 09:54:04 : INFO] - Backing up the original image - 2025/10/Image10-updraft-pre-smush-original.png 
[2025-10-21 09:54:06 : INFO] - There were no WebP conversion tools found on your server. 
[2025-10-21 09:54:06 : INFO] - Successfully optimized the image - /srv/data/web/vhosts/amisdebourronmarlotte.fr/htdocs/wp-content/uploads/2025/10/Image10.png.Le fichier a été compressé de 658.99 KB à 270.22 KB, en économisant 59 % à l’aide de WP-Optimize 
[2025-10-21 09:54:06 : INFO] - Completed processing task with ID : 848, and type 'smush' 
[2025-10-21 09:54:06 : INFO] - Lock option (updraft_lock_smush, abm_options) released 
[2025-10-21 09:54:06 : INFO] - Successfully processed the queue (smush). 1 tasks were processed out of 1. 
[2025-10-21 09:54:06 : INFO] - Lock option (updraft_lock_smush, abm_options) was deleted from the database 
[2025-10-21 09:54:06 : INFO] - Cleaning up tasks of type (smush). A total of 1 tasks will be deleted. 
[2025-10-22 11:30:14 : INFO] - Re_Smush_It_Task with attachment ID : 2810, autocreated on : October 22, 2025 11:30:13 
[2025-10-22 11:35:18 : INFO] - A total of 1 tasks of type smush found and will be processed in this iteration 
[2025-10-22 11:35:18 : DEBUG] - Lock option (updraft_lock_smush, abm_options) was created in the database 
[2025-10-22 11:35:18 : INFO] - Lock (updraft_lock_smush, abm_options) acquired after initialising the database 
[2025-10-22 11:35:18 : INFO] - Processing task with ID : 849, and type 'smush' 
[2025-10-22 11:35:18 : INFO] - Re_Smush_It_Task with attachment ID : 2810, autocreated on : October 22, 2025 11:30:13 
[2025-10-22 11:35:18 : INFO] - File: Image1-2.png, Compression quality: 85 
[2025-10-22 11:35:21 : INFO] - Backing up the original image - 2025/10/Image1-2-updraft-pre-smush-original.png 
[2025-10-22 11:35:29 : INFO] - There were no WebP conversion tools found on your server. 
[2025-10-22 11:35:30 : INFO] - Successfully optimized the image - /srv/data/web/vhosts/amisdebourronmarlotte.fr/htdocs/wp-content/uploads/2025/10/Image1-2.png.Le fichier a été compressé de 3.57 MB à 760.62 KB, en économisant 79.19 % à l’aide de WP-Optimize 
[2025-10-22 11:35:30 : INFO] - Completed processing task with ID : 849, and type 'smush' 
[2025-10-22 11:35:30 : INFO] - Lock option (updraft_lock_smush, abm_options) released 
[2025-10-22 11:35:30 : INFO] - Successfully processed the queue (smush). 1 tasks were processed out of 1. 
[2025-10-22 11:35:30 : INFO] - Lock option (updraft_lock_smush, abm_options) was deleted from the database 
[2025-10-22 11:35:30 : INFO] - Cleaning up tasks of type (smush). A total of 1 tasks will be deleted. 
[2025-10-27 10:37:13 : INFO] - Re_Smush_It_Task with attachment ID : 2816, autocreated on : October 27, 2025 10:37:13 
[2025-10-27 10:37:59 : INFO] - Re_Smush_It_Task with attachment ID : 2818, autocreated on : October 27, 2025 10:37:59 
[2025-10-27 10:38:36 : INFO] - Re_Smush_It_Task with attachment ID : 2819, autocreated on : October 27, 2025 10:38:36 
[2025-10-27 10:42:16 : INFO] - A total of 3 tasks of type smush found and will be processed in this iteration 
[2025-10-27 10:42:16 : DEBUG] - Lock option (updraft_lock_smush, abm_options) was created in the database 
[2025-10-27 10:42:16 : INFO] - Lock (updraft_lock_smush, abm_options) acquired after initialising the database 
[2025-10-27 10:42:16 : INFO] - Processing task with ID : 850, and type 'smush' 
[2025-10-27 10:42:16 : INFO] - Task with ID 850 and type (smush) failed with error code invalid_file_path - The linked attachment ID does not have a valid file path 
[2025-10-27 10:42:16 : INFO] - Processing task with ID : 851, and type 'smush' 
[2025-10-27 10:42:16 : INFO] - Task with ID 851 and type (smush) failed with error code invalid_file_path - The linked attachment ID does not have a valid file path 
[2025-10-27 10:42:16 : INFO] - Processing task with ID : 852, and type 'smush' 
[2025-10-27 10:42:16 : INFO] - Re_Smush_It_Task with attachment ID : 2819, autocreated on : October 27, 2025 10:38:36 
[2025-10-27 10:42:16 : INFO] - File: Eva-Pandora-Nemours-2-1-scaled.jpg, Compression quality: 85 
[2025-10-27 10:42:17 : INFO] - Backing up the original image - 2025/10/Eva-Pandora-Nemours-2-1-scaled-updraft-pre-smush-original.jpg 
[2025-10-27 10:42:19 : INFO] - There were no WebP conversion tools found on your server. 
[2025-10-27 10:42:19 : INFO] - Successfully optimized the image - /srv/data/web/vhosts/amisdebourronmarlotte.fr/htdocs/wp-content/uploads/2025/10/Eva-Pandora-Nemours-2-1-scaled.jpg.Le fichier a été compressé de 122.62 KB à 105.91 KB, en économisant 13.63 % à l’aide de WP-Optimize 
[2025-10-27 10:42:19 : INFO] - Completed processing task with ID : 852, and type 'smush' 
[2025-10-27 10:42:19 : INFO] - Lock option (updraft_lock_smush, abm_options) released 
[2025-10-27 10:42:19 : INFO] - Successfully processed the queue (smush). 3 tasks were processed out of 3. 
[2025-10-27 10:42:19 : INFO] - Lock option (updraft_lock_smush, abm_options) was deleted from the database 
[2025-10-27 10:42:19 : INFO] - Cleaning up tasks of type (smush). A total of 1 tasks will be deleted. 
[2025-10-27 10:47:18 : INFO] - Re_Smush_It_Task with attachment ID : 2824, autocreated on : October 27, 2025 10:47:18 
[2025-10-27 10:48:17 : INFO] - Re_Smush_It_Task with attachment ID : 2825, autocreated on : October 27, 2025 10:48:17 
[2025-10-27 10:51:35 : INFO] - Re_Smush_It_Task with attachment ID : 2827, autocreated on : October 27, 2025 10:51:35 
[2025-10-27 10:52:19 : INFO] - A total of 3 tasks of type smush found and will be processed in this iteration 
[2025-10-27 10:52:19 : DEBUG] - Lock option (updraft_lock_smush, abm_options) was created in the database 
[2025-10-27 10:52:19 : INFO] - Lock (updraft_lock_smush, abm_options) acquired after initialising the database 
[2025-10-27 10:52:19 : INFO] - Processing task with ID : 853, and type 'smush' 
[2025-10-27 10:52:19 : INFO] - Re_Smush_It_Task with attachment ID : 2824, autocreated on : October 27, 2025 10:47:18 
[2025-10-27 10:52:19 : INFO] - File: Image2-3.png, Compression quality: 85 
[2025-10-27 10:52:20 : INFO] - Backing up the original image - 2025/10/Image2-3-updraft-pre-smush-original.png 
[2025-10-27 10:52:21 : INFO] - There were no WebP conversion tools found on your server. 
[2025-10-27 10:52:21 : INFO] - Successfully optimized the image - /srv/data/web/vhosts/amisdebourronmarlotte.fr/htdocs/wp-content/uploads/2025/10/Image2-3.png.Le fichier a été compressé de 357.06 KB à 158.62 KB, en économisant 55.58 % à l’aide de WP-Optimize 
[2025-10-27 10:52:21 : INFO] - Completed processing task with ID : 853, and type 'smush' 
[2025-10-27 10:52:21 : INFO] - Processing task with ID : 854, and type 'smush' 
[2025-10-27 10:52:22 : INFO] - Re_Smush_It_Task with attachment ID : 2825, autocreated on : October 27, 2025 10:48:17 
[2025-10-27 10:52:22 : INFO] - File: Image3-2.png, Compression quality: 85 
[2025-10-27 10:52:22 : INFO] - Backing up the original image - 2025/10/Image3-2-updraft-pre-smush-original.png 
[2025-10-27 10:52:24 : INFO] - There were no WebP conversion tools found on your server. 
[2025-10-27 10:52:24 : INFO] - Successfully optimized the image - /srv/data/web/vhosts/amisdebourronmarlotte.fr/htdocs/wp-content/uploads/2025/10/Image3-2.png.Le fichier a été compressé de 798.48 KB à 306.67 KB, en économisant 61.59 % à l’aide de WP-Optimize 
[2025-10-27 10:52:24 : INFO] - Completed processing task with ID : 854, and type 'smush' 
[2025-10-27 10:52:24 : INFO] - Processing task with ID : 855, and type 'smush' 
[2025-10-27 10:52:24 : INFO] - Re_Smush_It_Task with attachment ID : 2827, autocreated on : October 27, 2025 10:51:35 
[2025-10-27 10:52:24 : INFO] - File: La-Sittelle-scaled.jpg, Compression quality: 85 
[2025-10-27 10:52:25 : INFO] - Backing up the original image - 2025/10/La-Sittelle-scaled-updraft-pre-smush-original.jpg 
[2025-10-27 10:52:29 : INFO] - There were no WebP conversion tools found on your server. 
[2025-10-27 10:52:29 : INFO] - Successfully optimized the image - /srv/data/web/vhosts/amisdebourronmarlotte.fr/htdocs/wp-content/uploads/2025/10/La-Sittelle-scaled.jpg.Le fichier a été compressé de 689.86 KB à 664.43 KB, en économisant 3.69 % à l’aide de WP-Optimize 
[2025-10-27 10:52:29 : INFO] - Completed processing task with ID : 855, and type 'smush' 
[2025-10-27 10:52:29 : INFO] - Lock option (updraft_lock_smush, abm_options) released 
[2025-10-27 10:52:29 : INFO] - Successfully processed the queue (smush). 3 tasks were processed out of 3. 
[2025-10-27 10:52:29 : INFO] - Lock option (updraft_lock_smush, abm_options) was deleted from the database 
[2025-10-27 10:52:29 : INFO] - Cleaning up tasks of type (smush). A total of 3 tasks will be deleted. 
[2025-11-01 08:13:15 : INFO] - Re_Smush_It_Task with attachment ID : 2837, autocreated on : November 01, 2025 08:13:15 
[2025-11-01 08:13:27 : INFO] - Re_Smush_It_Task with attachment ID : 2838, autocreated on : November 01, 2025 08:13:27 
[2025-11-01 08:15:24 : INFO] - Re_Smush_It_Task with attachment ID : 2839, autocreated on : November 01, 2025 08:15:24 
[2025-11-01 08:16:14 : INFO] - Re_Smush_It_Task with attachment ID : 2840, autocreated on : November 01, 2025 08:16:14 
[2025-11-01 08:16:23 : INFO] - Re_Smush_It_Task with attachment ID : 2841, autocreated on : November 01, 2025 08:16:23 
[2025-11-01 08:16:40 : INFO] - Re_Smush_It_Task with attachment ID : 2842, autocreated on : November 01, 2025 08:16:40 
[2025-11-01 08:16:54 : INFO] - Re_Smush_It_Task with attachment ID : 2843, autocreated on : November 01, 2025 08:16:54 
[2025-11-01 08:18:21 : INFO] - A total of 7 tasks of type smush found and will be processed in this iteration 
[2025-11-01 08:18:21 : DEBUG] - Lock option (updraft_lock_smush, abm_options) was created in the database 
[2025-11-01 08:18:21 : INFO] - Lock (updraft_lock_smush, abm_options) acquired after initialising the database 
[2025-11-01 08:18:21 : INFO] - Processing task with ID : 856, and type 'smush' 
[2025-11-01 08:18:21 : INFO] - Re_Smush_It_Task with attachment ID : 2837, autocreated on : November 01, 2025 08:13:15 
[2025-11-01 08:18:21 : INFO] - File: IMG_E8850-scaled.jpg, Compression quality: 85 
[2025-11-01 08:18:22 : INFO] - Backing up the original image - 2025/11/IMG_E8850-scaled-updraft-pre-smush-original.jpg 
[2025-11-01 08:18:26 : INFO] - There were no WebP conversion tools found on your server. 
[2025-11-01 08:18:26 : INFO] - Successfully optimized the image - /srv/data/web/vhosts/amisdebourronmarlotte.fr/htdocs/wp-content/uploads/2025/11/IMG_E8850-scaled.jpg.Le fichier a été compressé de 551.94 KB à 542.52 KB, en économisant 1.71 % à l’aide de WP-Optimize 
[2025-11-01 08:18:26 : INFO] - Completed processing task with ID : 856, and type 'smush' 
[2025-11-01 08:18:26 : INFO] - Processing task with ID : 857, and type 'smush' 
[2025-11-01 08:18:26 : INFO] - Re_Smush_It_Task with attachment ID : 2838, autocreated on : November 01, 2025 08:13:27 
[2025-11-01 08:18:26 : INFO] - File: IMG_E8846-scaled.jpg, Compression quality: 85 
[2025-11-01 08:18:27 : INFO] - Backing up the original image - 2025/11/IMG_E8846-scaled-updraft-pre-smush-original.jpg 
[2025-11-01 08:18:31 : INFO] - There were no WebP conversion tools found on your server. 
[2025-11-01 08:18:31 : INFO] - Successfully optimized the image - /srv/data/web/vhosts/amisdebourronmarlotte.fr/htdocs/wp-content/uploads/2025/11/IMG_E8846-scaled.jpg.Le fichier a été compressé de 649.52 KB à 639.83 KB, en économisant 1.49 % à l’aide de WP-Optimize 
[2025-11-01 08:18:31 : INFO] - Completed processing task with ID : 857, and type 'smush' 
[2025-11-01 08:18:31 : INFO] - Processing task with ID : 858, and type 'smush' 
[2025-11-01 08:18:31 : INFO] - Re_Smush_It_Task with attachment ID : 2839, autocreated on : November 01, 2025 08:15:24 
[2025-11-01 08:18:31 : INFO] - File: IMG_E8846-1.jpg, Compression quality: 85 
[2025-11-01 08:18:31 : INFO] - Backing up the original image - 2025/11/IMG_E8846-1-updraft-pre-smush-original.jpg 
[2025-11-01 08:18:32 : INFO] - There were no WebP conversion tools found on your server. 
[2025-11-01 08:18:32 : INFO] - Successfully optimized the image - /srv/data/web/vhosts/amisdebourronmarlotte.fr/htdocs/wp-content/uploads/2025/11/IMG_E8846-1.jpg.Le fichier a été compressé de 76.99 KB à 63.89 KB, en économisant 17.02 % à l’aide de WP-Optimize 
[2025-11-01 08:18:32 : INFO] - Completed processing task with ID : 858, and type 'smush' 
[2025-11-01 08:18:32 : INFO] - Processing task with ID : 859, and type 'smush' 
[2025-11-01 08:18:32 : INFO] - Re_Smush_It_Task with attachment ID : 2840, autocreated on : November 01, 2025 08:16:14 
[2025-11-01 08:18:32 : INFO] - File: IMG_E8841-scaled.jpg, Compression quality: 85 
[2025-11-01 08:18:33 : INFO] - Backing up the original image - 2025/11/IMG_E8841-scaled-updraft-pre-smush-original.jpg 
[2025-11-01 08:18:37 : INFO] - There were no WebP conversion tools found on your server. 
[2025-11-01 08:18:37 : INFO] - Successfully optimized the image - /srv/data/web/vhosts/amisdebourronmarlotte.fr/htdocs/wp-content/uploads/2025/11/IMG_E8841-scaled.jpg.Le fichier a été compressé de 557.15 KB à 550.37 KB, en économisant 1.22 % à l’aide de WP-Optimize 
[2025-11-01 08:18:37 : INFO] - Completed processing task with ID : 859, and type 'smush' 
[2025-11-01 08:18:37 : INFO] - Processing task with ID : 860, and type 'smush' 
[2025-11-01 08:18:37 : INFO] - Re_Smush_It_Task with attachment ID : 2841, autocreated on : November 01, 2025 08:16:23 
[2025-11-01 08:18:37 : INFO] - File: IMG_E8842.jpg, Compression quality: 85 
[2025-11-01 08:18:37 : INFO] - Backing up the original image - 2025/11/IMG_E8842-updraft-pre-smush-original.jpg 
[2025-11-01 08:18:42 : INFO] - There were no WebP conversion tools found on your server. 
[2025-11-01 08:18:42 : INFO] - Successfully optimized the image - /srv/data/web/vhosts/amisdebourronmarlotte.fr/htdocs/wp-content/uploads/2025/11/IMG_E8842.jpg.Le fichier a été compressé de 679.86 KB à 426.33 KB, en économisant 37.29 % à l’aide de WP-Optimize 
[2025-11-01 08:18:42 : INFO] - Completed processing task with ID : 860, and type 'smush' 
[2025-11-01 08:18:42 : INFO] - Processing task with ID : 861, and type 'smush' 
[2025-11-01 08:18:42 : INFO] - Re_Smush_It_Task with attachment ID : 2842, autocreated on : November 01, 2025 08:16:40 
[2025-11-01 08:18:42 : INFO] - File: Image1.png, Compression quality: 85 
[2025-11-01 08:18:43 : INFO] - Backing up the original image - 2025/11/Image1-updraft-pre-smush-original.png 
[2025-11-01 08:18:45 : INFO] - There were no WebP conversion tools found on your server. 
[2025-11-01 08:18:45 : INFO] - Successfully optimized the image - /srv/data/web/vhosts/amisdebourronmarlotte.fr/htdocs/wp-content/uploads/2025/11/Image1.png.Le fichier a été compressé de 733.85 KB à 153.18 KB, en économisant 79.13 % à l’aide de WP-Optimize 
[2025-11-01 08:18:45 : INFO] - Completed processing task with ID : 861, and type 'smush' 
[2025-11-01 08:18:45 : INFO] - Processing task with ID : 862, and type 'smush' 
[2025-11-01 08:18:45 : INFO] - Re_Smush_It_Task with attachment ID : 2843, autocreated on : November 01, 2025 08:16:54 
[2025-11-01 08:18:45 : INFO] - File: IMG_8873-scaled.jpg, Compression quality: 85 
[2025-11-01 08:18:46 : INFO] - Backing up the original image - 2025/11/IMG_8873-scaled-updraft-pre-smush-original.jpg 
[2025-11-01 08:18:50 : INFO] - There were no WebP conversion tools found on your server. 
[2025-11-01 08:18:50 : INFO] - Successfully optimized the image - /srv/data/web/vhosts/amisdebourronmarlotte.fr/htdocs/wp-content/uploads/2025/11/IMG_8873-scaled.jpg.Le fichier a été compressé de 648.63 KB à 643.25 KB, en économisant 0.83 % à l’aide de WP-Optimize 
[2025-11-01 08:18:50 : INFO] - Completed processing task with ID : 862, and type 'smush' 
[2025-11-01 08:18:50 : INFO] - Lock option (updraft_lock_smush, abm_options) released 
[2025-11-01 08:18:50 : INFO] - Successfully processed the queue (smush). 7 tasks were processed out of 7. 
[2025-11-01 08:18:50 : INFO] - Lock option (updraft_lock_smush, abm_options) was deleted from the database 
[2025-11-01 08:18:50 : INFO] - Cleaning up tasks of type (smush). A total of 7 tasks will be deleted. 
[2025-11-01 08:24:40 : INFO] - Re_Smush_It_Task with attachment ID : 2848, autocreated on : November 01, 2025 08:24:40 
[2025-11-01 08:28:43 : INFO] - A total of 1 tasks of type smush found and will be processed in this iteration 
[2025-11-01 08:28:43 : DEBUG] - Lock option (updraft_lock_smush, abm_options) was created in the database 
[2025-11-01 08:28:43 : INFO] - Lock (updraft_lock_smush, abm_options) acquired after initialising the database 
[2025-11-01 08:28:43 : INFO] - Processing task with ID : 863, and type 'smush' 
[2025-11-01 08:28:43 : INFO] - Re_Smush_It_Task with attachment ID : 2848, autocreated on : November 01, 2025 08:24:40 
[2025-11-01 08:28:43 : INFO] - File: IMG_8849.jpg, Compression quality: 85 
[2025-11-01 08:28:44 : INFO] - Backing up the original image - 2025/11/IMG_8849-updraft-pre-smush-original.jpg 
[2025-11-01 08:28:47 : INFO] - There were no WebP conversion tools found on your server. 
[2025-11-01 08:28:47 : INFO] - Successfully optimized the image - /srv/data/web/vhosts/amisdebourronmarlotte.fr/htdocs/wp-content/uploads/2025/11/IMG_8849.jpg.Le fichier a été compressé de 450.48 KB à 373.09 KB, en économisant 17.18 % à l’aide de WP-Optimize 
[2025-11-01 08:28:47 : INFO] - Completed processing task with ID : 863, and type 'smush' 
[2025-11-01 08:28:47 : INFO] - Lock option (updraft_lock_smush, abm_options) released 
[2025-11-01 08:28:47 : INFO] - Successfully processed the queue (smush). 1 tasks were processed out of 1. 
[2025-11-01 08:28:47 : INFO] - Lock option (updraft_lock_smush, abm_options) was deleted from the database 
[2025-11-01 08:28:47 : INFO] - Cleaning up tasks of type (smush). A total of 1 tasks will be deleted. 
[2025-11-01 08:29:05 : INFO] - Re_Smush_It_Task with attachment ID : 2852, autocreated on : November 01, 2025 08:29:05 
[2025-11-01 08:31:26 : INFO] - Re_Smush_It_Task with attachment ID : 2853, autocreated on : November 01, 2025 08:31:26 
[2025-11-01 08:40:43 : INFO] - A total of 2 tasks of type smush found and will be processed in this iteration 
[2025-11-01 08:40:43 : DEBUG] - Lock option (updraft_lock_smush, abm_options) was created in the database 
[2025-11-01 08:40:43 : INFO] - Lock (updraft_lock_smush, abm_options) acquired after initialising the database 
[2025-11-01 08:40:43 : INFO] - Processing task with ID : 864, and type 'smush' 
[2025-11-01 08:40:43 : INFO] - Task with ID 864 and type (smush) failed with error code invalid_file_path - The linked attachment ID does not have a valid file path 
[2025-11-01 08:40:43 : INFO] - Processing task with ID : 865, and type 'smush' 
[2025-11-01 08:40:43 : INFO] - Re_Smush_It_Task with attachment ID : 2853, autocreated on : November 01, 2025 08:31:26 
[2025-11-01 08:40:43 : INFO] - File: IMG_E8849-1.jpg, Compression quality: 85 
[2025-11-01 08:40:44 : INFO] - Backing up the original image - 2025/11/IMG_E8849-1-updraft-pre-smush-original.jpg 
[2025-11-01 08:40:48 : INFO] - There were no WebP conversion tools found on your server. 
[2025-11-01 08:40:48 : INFO] - Successfully optimized the image - /srv/data/web/vhosts/amisdebourronmarlotte.fr/htdocs/wp-content/uploads/2025/11/IMG_E8849-1.jpg.Le fichier a été compressé de 757.45 KB à 624.84 KB, en économisant 17.51 % à l’aide de WP-Optimize 
[2025-11-01 08:40:48 : INFO] - Completed processing task with ID : 865, and type 'smush' 
[2025-11-01 08:40:48 : INFO] - Lock option (updraft_lock_smush, abm_options) released 
[2025-11-01 08:40:48 : INFO] - Successfully processed the queue (smush). 2 tasks were processed out of 2. 
[2025-11-01 08:40:48 : INFO] - Lock option (updraft_lock_smush, abm_options) was deleted from the database 
[2025-11-01 08:40:48 : INFO] - Cleaning up tasks of type (smush). A total of 1 tasks will be deleted. 
[2025-11-02 08:42:47 : INFO] - Re_Smush_It_Task with attachment ID : 2856, autocreated on : November 02, 2025 08:42:47 
[2025-11-02 08:45:42 : INFO] - Re_Smush_It_Task with attachment ID : 2858, autocreated on : November 02, 2025 08:45:42 
[2025-11-02 08:48:06 : INFO] - A total of 2 tasks of type smush found and will be processed in this iteration 
[2025-11-02 08:48:06 : DEBUG] - Lock option (updraft_lock_smush, abm_options) was created in the database 
[2025-11-02 08:48:06 : INFO] - Lock (updraft_lock_smush, abm_options) acquired after initialising the database 
[2025-11-02 08:48:06 : INFO] - Processing task with ID : 866, and type 'smush' 
[2025-11-02 08:48:06 : INFO] - Re_Smush_It_Task with attachment ID : 2856, autocreated on : November 02, 2025 08:42:47 
[2025-11-02 08:48:06 : INFO] - File: Concert-Berthe-Marx.png, Compression quality: 85 
[2025-11-02 08:48:07 : INFO] - Backing up the original image - 2025/11/Concert-Berthe-Marx-updraft-pre-smush-original.png 
[2025-11-02 08:48:10 : INFO] - There were no WebP conversion tools found on your server. 
[2025-11-02 08:48:10 : INFO] - Successfully optimized the image - /srv/data/web/vhosts/amisdebourronmarlotte.fr/htdocs/wp-content/uploads/2025/11/Concert-Berthe-Marx.png.Le fichier a été compressé de 687.25 KB à 179.95 KB, en économisant 73.82 % à l’aide de WP-Optimize 
[2025-11-02 08:48:10 : INFO] - Completed processing task with ID : 866, and type 'smush' 
[2025-11-02 08:48:10 : INFO] - Processing task with ID : 867, and type 'smush' 
[2025-11-02 08:48:10 : INFO] - Re_Smush_It_Task with attachment ID : 2858, autocreated on : November 02, 2025 08:45:42 
[2025-11-02 08:48:10 : INFO] - File: BERTHE-MARX.png, Compression quality: 85 
[2025-11-02 08:48:11 : INFO] - Backing up the original image - 2025/11/BERTHE-MARX-updraft-pre-smush-original.png 
[2025-11-02 08:48:13 : INFO] - There were no WebP conversion tools found on your server. 
[2025-11-02 08:48:13 : INFO] - Successfully optimized the image - /srv/data/web/vhosts/amisdebourronmarlotte.fr/htdocs/wp-content/uploads/2025/11/BERTHE-MARX.png.Le fichier a été compressé de 583.70 KB à 439.97 KB, en économisant 24.62 % à l’aide de WP-Optimize 
[2025-11-02 08:48:13 : INFO] - Completed processing task with ID : 867, and type 'smush' 
[2025-11-02 08:48:13 : INFO] - Lock option (updraft_lock_smush, abm_options) released 
[2025-11-02 08:48:13 : INFO] - Successfully processed the queue (smush). 2 tasks were processed out of 2. 
[2025-11-02 08:48:13 : INFO] - Lock option (updraft_lock_smush, abm_options) was deleted from the database 
[2025-11-02 08:48:13 : INFO] - Cleaning up tasks of type (smush). A total of 2 tasks will be deleted. 
[2025-11-07 16:14:49 : INFO] - Re_Smush_It_Task with attachment ID : 2868, autocreated on : November 07, 2025 04:14:49 
[2025-11-07 16:15:00 : INFO] - Re_Smush_It_Task with attachment ID : 2869, autocreated on : November 07, 2025 04:15:00 
[2025-11-07 16:15:16 : INFO] - Re_Smush_It_Task with attachment ID : 2870, autocreated on : November 07, 2025 04:15:15 
[2025-11-07 16:15:26 : INFO] - Re_Smush_It_Task with attachment ID : 2871, autocreated on : November 07, 2025 04:15:26 
[2025-11-07 16:15:40 : INFO] - Re_Smush_It_Task with attachment ID : 2872, autocreated on : November 07, 2025 04:15:40 
[2025-11-07 16:15:49 : INFO] - Re_Smush_It_Task with attachment ID : 2873, autocreated on : November 07, 2025 04:15:49 
[2025-11-07 16:16:33 : INFO] - Re_Smush_It_Task with attachment ID : 2874, autocreated on : November 07, 2025 04:16:33 
[2025-11-07 16:20:38 : INFO] - A total of 7 tasks of type smush found and will be processed in this iteration 
[2025-11-07 16:20:38 : DEBUG] - Lock option (updraft_lock_smush, abm_options) was created in the database 
[2025-11-07 16:20:38 : INFO] - Lock (updraft_lock_smush, abm_options) acquired after initialising the database 
[2025-11-07 16:20:38 : INFO] - Processing task with ID : 868, and type 'smush' 
[2025-11-07 16:20:38 : INFO] - Re_Smush_It_Task with attachment ID : 2868, autocreated on : November 07, 2025 04:14:49 
[2025-11-07 16:20:38 : INFO] - File: Image1.jpg, Compression quality: 85 
[2025-11-07 16:20:39 : INFO] - Backing up the original image - 2025/11/Image1-updraft-pre-smush-original.jpg 
[2025-11-07 16:20:41 : INFO] - There were no WebP conversion tools found on your server. 
[2025-11-07 16:20:41 : INFO] - Successfully optimized the image - /srv/data/web/vhosts/amisdebourronmarlotte.fr/htdocs/wp-content/uploads/2025/11/Image1.jpg.Le fichier a été compressé de 220.42 KB à 181.82 KB, en économisant 17.51 % à l’aide de WP-Optimize 
[2025-11-07 16:20:41 : INFO] - Completed processing task with ID : 868, and type 'smush' 
[2025-11-07 16:20:41 : INFO] - Processing task with ID : 869, and type 'smush' 
[2025-11-07 16:20:41 : INFO] - Re_Smush_It_Task with attachment ID : 2869, autocreated on : November 07, 2025 04:15:00 
[2025-11-07 16:20:41 : INFO] - File: Image2.jpg, Compression quality: 85 
[2025-11-07 16:20:41 : INFO] - Backing up the original image - 2025/11/Image2-updraft-pre-smush-original.jpg 
[2025-11-07 16:20:43 : INFO] - There were no WebP conversion tools found on your server. 
[2025-11-07 16:20:43 : INFO] - Successfully optimized the image - /srv/data/web/vhosts/amisdebourronmarlotte.fr/htdocs/wp-content/uploads/2025/11/Image2.jpg.Le fichier a été compressé de 181.06 KB à 145.35 KB, en économisant 19.72 % à l’aide de WP-Optimize 
[2025-11-07 16:20:43 : INFO] - Completed processing task with ID : 869, and type 'smush' 
[2025-11-07 16:20:43 : INFO] - Processing task with ID : 870, and type 'smush' 
[2025-11-07 16:20:43 : INFO] - Re_Smush_It_Task with attachment ID : 2870, autocreated on : November 07, 2025 04:15:15 
[2025-11-07 16:20:43 : INFO] - File: Image3.jpg, Compression quality: 85 
[2025-11-07 16:20:43 : INFO] - Backing up the original image - 2025/11/Image3-updraft-pre-smush-original.jpg 
[2025-11-07 16:20:45 : INFO] - There were no WebP conversion tools found on your server. 
[2025-11-07 16:20:45 : INFO] - Successfully optimized the image - /srv/data/web/vhosts/amisdebourronmarlotte.fr/htdocs/wp-content/uploads/2025/11/Image3.jpg.Le fichier a été compressé de 211.97 KB à 175.74 KB, en économisant 17.09 % à l’aide de WP-Optimize 
[2025-11-07 16:20:45 : INFO] - Completed processing task with ID : 870, and type 'smush' 
[2025-11-07 16:20:45 : INFO] - Processing task with ID : 871, and type 'smush' 
[2025-11-07 16:20:45 : INFO] - Re_Smush_It_Task with attachment ID : 2871, autocreated on : November 07, 2025 04:15:26 
[2025-11-07 16:20:45 : INFO] - File: Image4.jpg, Compression quality: 85 
[2025-11-07 16:20:46 : INFO] - Backing up the original image - 2025/11/Image4-updraft-pre-smush-original.jpg 
[2025-11-07 16:20:48 : INFO] - There were no WebP conversion tools found on your server. 
[2025-11-07 16:20:48 : INFO] - Successfully optimized the image - /srv/data/web/vhosts/amisdebourronmarlotte.fr/htdocs/wp-content/uploads/2025/11/Image4.jpg.Le fichier a été compressé de 272.48 KB à 222.62 KB, en économisant 18.3 % à l’aide de WP-Optimize 
[2025-11-07 16:20:48 : INFO] - Completed processing task with ID : 871, and type 'smush' 
[2025-11-07 16:20:48 : INFO] - Processing task with ID : 872, and type 'smush' 
[2025-11-07 16:20:48 : INFO] - Re_Smush_It_Task with attachment ID : 2872, autocreated on : November 07, 2025 04:15:40 
[2025-11-07 16:20:48 : INFO] - File: Image5.jpg, Compression quality: 85 
[2025-11-07 16:20:48 : INFO] - Backing up the original image - 2025/11/Image5-updraft-pre-smush-original.jpg 
[2025-11-07 16:20:50 : INFO] - There were no WebP conversion tools found on your server. 
[2025-11-07 16:20:50 : INFO] - Successfully optimized the image - /srv/data/web/vhosts/amisdebourronmarlotte.fr/htdocs/wp-content/uploads/2025/11/Image5.jpg.Le fichier a été compressé de 163.35 KB à 128.94 KB, en économisant 21.06 % à l’aide de WP-Optimize 
[2025-11-07 16:20:50 : INFO] - Completed processing task with ID : 872, and type 'smush' 
[2025-11-07 16:20:50 : INFO] - Processing task with ID : 873, and type 'smush' 
[2025-11-07 16:20:50 : INFO] - Re_Smush_It_Task with attachment ID : 2873, autocreated on : November 07, 2025 04:15:49 
[2025-11-07 16:20:50 : INFO] - File: Image6.jpg, Compression quality: 85 
[2025-11-07 16:20:50 : INFO] - Backing up the original image - 2025/11/Image6-updraft-pre-smush-original.jpg 
[2025-11-07 16:20:52 : INFO] - There were no WebP conversion tools found on your server. 
[2025-11-07 16:20:52 : INFO] - Successfully optimized the image - /srv/data/web/vhosts/amisdebourronmarlotte.fr/htdocs/wp-content/uploads/2025/11/Image6.jpg.Le fichier a été compressé de 233.06 KB à 190.84 KB, en économisant 18.11 % à l’aide de WP-Optimize 
[2025-11-07 16:20:52 : INFO] - Completed processing task with ID : 873, and type 'smush' 
[2025-11-07 16:20:52 : INFO] - Processing task with ID : 874, and type 'smush' 
[2025-11-07 16:20:52 : INFO] - Re_Smush_It_Task with attachment ID : 2874, autocreated on : November 07, 2025 04:16:33 
[2025-11-07 16:20:52 : INFO] - File: IMG_8997-scaled.jpg, Compression quality: 85 
[2025-11-07 16:20:53 : INFO] - Backing up the original image - 2025/11/IMG_8997-scaled-updraft-pre-smush-original.jpg 
[2025-11-07 16:20:57 : INFO] - There were no WebP conversion tools found on your server. 
[2025-11-07 16:20:57 : INFO] - Successfully optimized the image - /srv/data/web/vhosts/amisdebourronmarlotte.fr/htdocs/wp-content/uploads/2025/11/IMG_8997-scaled.jpg.Le fichier a été compressé de 871.65 KB à 871.16 KB, en économisant 0.06 % à l’aide de WP-Optimize 
[2025-11-07 16:20:57 : INFO] - Completed processing task with ID : 874, and type 'smush' 
[2025-11-07 16:20:57 : INFO] - Lock option (updraft_lock_smush, abm_options) released 
[2025-11-07 16:20:57 : INFO] - Successfully processed the queue (smush). 7 tasks were processed out of 7. 
[2025-11-07 16:20:57 : INFO] - Lock option (updraft_lock_smush, abm_options) was deleted from the database 
[2025-11-07 16:20:57 : INFO] - Cleaning up tasks of type (smush). A total of 7 tasks will be deleted. 
[2025-11-09 10:20:39 : INFO] - Re_Smush_It_Task with attachment ID : 2879, autocreated on : November 09, 2025 10:20:39 
[2025-11-09 10:26:44 : INFO] - A total of 1 tasks of type smush found and will be processed in this iteration 
[2025-11-09 10:26:44 : DEBUG] - Lock option (updraft_lock_smush, abm_options) was created in the database 
[2025-11-09 10:26:44 : INFO] - Lock (updraft_lock_smush, abm_options) acquired after initialising the database 
[2025-11-09 10:26:44 : INFO] - Processing task with ID : 875, and type 'smush' 
[2025-11-09 10:26:45 : INFO] - Re_Smush_It_Task with attachment ID : 2879, autocreated on : November 09, 2025 10:20:39 
[2025-11-09 10:26:45 : INFO] - File: Mode-du-19e.png, Compression quality: 85 
[2025-11-09 10:26:46 : INFO] - Backing up the original image - 2025/11/Mode-du-19e-updraft-pre-smush-original.png 
[2025-11-09 10:26:51 : INFO] - There were no WebP conversion tools found on your server. 
[2025-11-09 10:26:51 : INFO] - Successfully optimized the image - /srv/data/web/vhosts/amisdebourronmarlotte.fr/htdocs/wp-content/uploads/2025/11/Mode-du-19e.png.Le fichier a été compressé de 2.36 MB à 1.10 MB, en économisant 53.4 % à l’aide de WP-Optimize 
[2025-11-09 10:26:51 : INFO] - Completed processing task with ID : 875, and type 'smush' 
[2025-11-09 10:26:51 : INFO] - Lock option (updraft_lock_smush, abm_options) released 
[2025-11-09 10:26:51 : INFO] - Successfully processed the queue (smush). 1 tasks were processed out of 1. 
[2025-11-09 10:26:51 : INFO] - Lock option (updraft_lock_smush, abm_options) was deleted from the database 
[2025-11-09 10:26:51 : INFO] - Cleaning up tasks of type (smush). A total of 1 tasks will be deleted. 
[2025-11-09 10:27:46 : INFO] - Re_Smush_It_Task with attachment ID : 2882, autocreated on : November 09, 2025 10:27:46 
[2025-11-09 10:29:01 : INFO] - Re_Smush_It_Task with attachment ID : 2883, autocreated on : November 09, 2025 10:29:01 
[2025-11-09 10:30:08 : INFO] - Re_Smush_It_Task with attachment ID : 2884, autocreated on : November 09, 2025 10:30:08 
[2025-11-09 10:32:33 : INFO] - Re_Smush_It_Task with attachment ID : 2886, autocreated on : November 09, 2025 10:32:33 
[2025-11-09 10:34:46 : INFO] - Re_Smush_It_Task with attachment ID : 2887, autocreated on : November 09, 2025 10:34:46 
[2025-11-09 10:36:49 : INFO] - A total of 5 tasks of type smush found and will be processed in this iteration 
[2025-11-09 10:36:49 : DEBUG] - Lock option (updraft_lock_smush, abm_options) was created in the database 
[2025-11-09 10:36:49 : INFO] - Lock (updraft_lock_smush, abm_options) acquired after initialising the database 
[2025-11-09 10:36:49 : INFO] - Processing task with ID : 876, and type 'smush' 
[2025-11-09 10:36:49 : INFO] - Task with ID 876 and type (smush) failed with error code invalid_file_path - The linked attachment ID does not have a valid file path 
[2025-11-09 10:36:49 : INFO] - Processing task with ID : 877, and type 'smush' 
[2025-11-09 10:36:49 : INFO] - Re_Smush_It_Task with attachment ID : 2883, autocreated on : November 09, 2025 10:29:01 
[2025-11-09 10:36:49 : INFO] - File: aze_carg008667_rec_001-1.jpg, Compression quality: 85 
[2025-11-09 10:36:50 : INFO] - Backing up the original image - 2025/11/aze_carg008667_rec_001-1-updraft-pre-smush-original.jpg 
[2025-11-09 10:36:51 : INFO] - There were no WebP conversion tools found on your server. 
[2025-11-09 10:36:51 : INFO] - Successfully optimized the image - /srv/data/web/vhosts/amisdebourronmarlotte.fr/htdocs/wp-content/uploads/2025/11/aze_carg008667_rec_001-1.jpg.Le fichier a été compressé de 42.29 KB à 34.67 KB, en économisant 18.04 % à l’aide de WP-Optimize 
[2025-11-09 10:36:51 : INFO] - Completed processing task with ID : 877, and type 'smush' 
[2025-11-09 10:36:51 : INFO] - Processing task with ID : 878, and type 'smush' 
[2025-11-09 10:36:51 : INFO] - Re_Smush_It_Task with attachment ID : 2884, autocreated on : November 09, 2025 10:30:08 
[2025-11-09 10:36:51 : INFO] - File: Medaille_commemorative_de_la_guerre_1870–1871_France_AVERS.jpg, Compression quality: 85 
[2025-11-09 10:36:51 : INFO] - Backing up the original image - 2025/11/Medaille_commemorative_de_la_guerre_1870–1871_France_AVERS-updraft-pre-smush-original.jpg 
[2025-11-09 10:36:52 : INFO] - There were no WebP conversion tools found on your server. 
[2025-11-09 10:36:52 : INFO] - Successfully optimized the image - /srv/data/web/vhosts/amisdebourronmarlotte.fr/htdocs/wp-content/uploads/2025/11/Medaille_commemorative_de_la_guerre_1870–1871_France_AVERS.jpg.Le fichier a été compressé de 54.29 KB à 51.05 KB, en économisant 5.97 % à l’aide de WP-Optimize 
[2025-11-09 10:36:52 : INFO] - Completed processing task with ID : 878, and type 'smush' 
[2025-11-09 10:36:52 : INFO] - Processing task with ID : 879, and type 'smush' 
[2025-11-09 10:36:52 : INFO] - Re_Smush_It_Task with attachment ID : 2886, autocreated on : November 09, 2025 10:32:33 
[2025-11-09 10:36:52 : INFO] - File: image.png, Compression quality: 85 
[2025-11-09 10:36:52 : INFO] - Backing up the original image - 2025/11/image-updraft-pre-smush-original.png 
[2025-11-09 10:36:54 : INFO] - There were no WebP conversion tools found on your server. 
[2025-11-09 10:36:54 : INFO] - Successfully optimized the image - /srv/data/web/vhosts/amisdebourronmarlotte.fr/htdocs/wp-content/uploads/2025/11/image.png.Le fichier a été compressé de 385.29 KB à 118.22 KB, en économisant 69.32 % à l’aide de WP-Optimize 
[2025-11-09 10:36:54 : INFO] - Completed processing task with ID : 879, and type 'smush' 
[2025-11-09 10:36:54 : INFO] - Processing task with ID : 880, and type 'smush' 
[2025-11-09 10:36:54 : INFO] - Re_Smush_It_Task with attachment ID : 2887, autocreated on : November 09, 2025 10:34:46 
[2025-11-09 10:36:54 : INFO] - File: Jouet-19e-siecle.jpg, Compression quality: 85 
[2025-11-09 10:36:54 : INFO] - Backing up the original image - 2025/11/Jouet-19e-siecle-updraft-pre-smush-original.jpg 
[2025-11-09 10:36:55 : INFO] - There were no WebP conversion tools found on your server. 
[2025-11-09 10:36:55 : INFO] - Successfully optimized the image - /srv/data/web/vhosts/amisdebourronmarlotte.fr/htdocs/wp-content/uploads/2025/11/Jouet-19e-siecle.jpg.Le fichier a été compressé de 15.48 KB à 12.42 KB, en économisant 19.76 % à l’aide de WP-Optimize 
[2025-11-09 10:36:55 : INFO] - Completed processing task with ID : 880, and type 'smush' 
[2025-11-09 10:36:55 : INFO] - Lock option (updraft_lock_smush, abm_options) released 
[2025-11-09 10:36:55 : INFO] - Successfully processed the queue (smush). 5 tasks were processed out of 5. 
[2025-11-09 10:36:55 : INFO] - Lock option (updraft_lock_smush, abm_options) was deleted from the database 
[2025-11-09 10:36:55 : INFO] - Cleaning up tasks of type (smush). A total of 4 tasks will be deleted. 
[2025-11-09 10:38:52 : INFO] - Re_Smush_It_Task with attachment ID : 2889, autocreated on : November 09, 2025 10:38:52 
[2025-11-09 10:46:49 : INFO] - A total of 1 tasks of type smush found and will be processed in this iteration 
[2025-11-09 10:46:49 : DEBUG] - Lock option (updraft_lock_smush, abm_options) was created in the database 
[2025-11-09 10:46:49 : INFO] - Lock (updraft_lock_smush, abm_options) acquired after initialising the database 
[2025-11-09 10:46:49 : INFO] - Processing task with ID : 881, and type 'smush' 
[2025-11-09 10:46:49 : INFO] - Re_Smush_It_Task with attachment ID : 2889, autocreated on : November 09, 2025 10:38:52 
[2025-11-09 10:46:49 : INFO] - File: Singe-de-de-Penne.png, Compression quality: 85 
[2025-11-09 10:46:50 : INFO] - Backing up the original image - 2025/11/Singe-de-de-Penne-updraft-pre-smush-original.png 
[2025-11-09 10:46:52 : INFO] - There were no WebP conversion tools found on your server. 
[2025-11-09 10:46:52 : INFO] - Successfully optimized the image - /srv/data/web/vhosts/amisdebourronmarlotte.fr/htdocs/wp-content/uploads/2025/11/Singe-de-de-Penne.png.Le fichier a été compressé de 417.84 KB à 163.06 KB, en économisant 60.97 % à l’aide de WP-Optimize 
[2025-11-09 10:46:52 : INFO] - Completed processing task with ID : 881, and type 'smush' 
[2025-11-09 10:46:52 : INFO] - Lock option (updraft_lock_smush, abm_options) released 
[2025-11-09 10:46:52 : INFO] - Successfully processed the queue (smush). 1 tasks were processed out of 1. 
[2025-11-09 10:46:52 : INFO] - Lock option (updraft_lock_smush, abm_options) was deleted from the database 
[2025-11-09 10:46:52 : INFO] - Cleaning up tasks of type (smush). A total of 1 tasks will be deleted. 
[2025-11-09 10:53:46 : INFO] - Re_Smush_It_Task with attachment ID : 2891, autocreated on : November 09, 2025 10:53:45 
[2025-11-09 10:56:54 : INFO] - A total of 1 tasks of type smush found and will be processed in this iteration 
[2025-11-09 10:56:54 : DEBUG] - Lock option (updraft_lock_smush, abm_options) was created in the database 
[2025-11-09 10:56:54 : INFO] - Lock (updraft_lock_smush, abm_options) acquired after initialising the database 
[2025-11-09 10:56:54 : INFO] - Processing task with ID : 882, and type 'smush' 
[2025-11-09 10:56:54 : INFO] - Re_Smush_It_Task with attachment ID : 2891, autocreated on : November 09, 2025 10:53:45 
[2025-11-09 10:56:54 : INFO] - File: Jouet-19e-siecle-1.jpg, Compression quality: 85 
[2025-11-09 10:56:55 : INFO] - Backing up the original image - 2025/11/Jouet-19e-siecle-1-updraft-pre-smush-original.jpg 
[2025-11-09 10:56:55 : INFO] - There were no WebP conversion tools found on your server. 
[2025-11-09 10:56:55 : INFO] - Successfully optimized the image - /srv/data/web/vhosts/amisdebourronmarlotte.fr/htdocs/wp-content/uploads/2025/11/Jouet-19e-siecle-1.jpg.Le fichier a été compressé de 15.48 KB à 12.42 KB, en économisant 19.76 % à l’aide de WP-Optimize 
[2025-11-09 10:56:55 : INFO] - Completed processing task with ID : 882, and type 'smush' 
[2025-11-09 10:56:55 : INFO] - Lock option (updraft_lock_smush, abm_options) released 
[2025-11-09 10:56:55 : INFO] - Successfully processed the queue (smush). 1 tasks were processed out of 1. 
[2025-11-09 10:56:55 : INFO] - Lock option (updraft_lock_smush, abm_options) was deleted from the database 
[2025-11-09 10:56:55 : INFO] - Cleaning up tasks of type (smush). A total of 1 tasks will be deleted. 
[2025-11-10 20:05:39 : INFO] - Re_Smush_It_Task with attachment ID : 2915, autocreated on : November 10, 2025 08:05:39 
[2025-11-10 20:09:29 : INFO] - Re_Smush_It_Task with attachment ID : 2918, autocreated on : November 10, 2025 08:09:29 
[2025-11-10 20:16:31 : INFO] - A total of 2 tasks of type smush found and will be processed in this iteration 
[2025-11-10 20:16:31 : DEBUG] - Lock option (updraft_lock_smush, abm_options) was created in the database 
[2025-11-10 20:16:31 : INFO] - Lock (updraft_lock_smush, abm_options) acquired after initialising the database 
[2025-11-10 20:16:31 : INFO] - Processing task with ID : 883, and type 'smush' 
[2025-11-10 20:16:31 : INFO] - Task with ID 883 and type (smush) failed with error code invalid_file_path - The linked attachment ID does not have a valid file path 
[2025-11-10 20:16:31 : INFO] - Processing task with ID : 884, and type 'smush' 
[2025-11-10 20:16:31 : INFO] - Re_Smush_It_Task with attachment ID : 2918, autocreated on : November 10, 2025 08:09:29 
[2025-11-10 20:16:31 : INFO] - File: IMG_9037-2-scaled.jpg, Compression quality: 85 
[2025-11-10 20:16:33 : INFO] - Backing up the original image - 2025/11/IMG_9037-2-scaled-updraft-pre-smush-original.jpg 
[2025-11-10 20:16:37 : INFO] - There were no WebP conversion tools found on your server. 
[2025-11-10 20:16:37 : INFO] - Successfully optimized the image - /srv/data/web/vhosts/amisdebourronmarlotte.fr/htdocs/wp-content/uploads/2025/11/IMG_9037-2-scaled.jpg.Le fichier a été compressé de 932.95 KB à 907.38 KB, en économisant 2.74 % à l’aide de WP-Optimize 
[2025-11-10 20:16:37 : INFO] - Completed processing task with ID : 884, and type 'smush' 
[2025-11-10 20:16:37 : INFO] - Lock option (updraft_lock_smush, abm_options) released 
[2025-11-10 20:16:37 : INFO] - Successfully processed the queue (smush). 2 tasks were processed out of 2. 
[2025-11-10 20:16:37 : INFO] - Lock option (updraft_lock_smush, abm_options) was deleted from the database 
[2025-11-10 20:16:37 : INFO] - Cleaning up tasks of type (smush). A total of 1 tasks will be deleted. 
[2025-11-11 16:05:26 : INFO] - Re_Smush_It_Task with attachment ID : 2985, autocreated on : November 11, 2025 04:05:26 
[2025-11-11 16:08:02 : INFO] - Re_Smush_It_Task with attachment ID : 2988, autocreated on : November 11, 2025 04:08:02 
[2025-11-11 16:13:55 : INFO] - A total of 2 tasks of type smush found and will be processed in this iteration 
[2025-11-11 16:13:55 : DEBUG] - Lock option (updraft_lock_smush, abm_options) was created in the database 
[2025-11-11 16:13:55 : INFO] - Lock (updraft_lock_smush, abm_options) acquired after initialising the database 
[2025-11-11 16:13:55 : INFO] - Processing task with ID : 885, and type 'smush' 
[2025-11-11 16:13:55 : INFO] - Task with ID 885 and type (smush) failed with error code invalid_file_path - The linked attachment ID does not have a valid file path 
[2025-11-11 16:13:55 : INFO] - Processing task with ID : 886, and type 'smush' 
[2025-11-11 16:13:55 : INFO] - Re_Smush_It_Task with attachment ID : 2988, autocreated on : November 11, 2025 04:08:02 
[2025-11-11 16:13:55 : INFO] - File: IMG_9042B-scaled.jpg, Compression quality: 85 
[2025-11-11 16:13:56 : INFO] - Backing up the original image - 2025/11/IMG_9042B-scaled-updraft-pre-smush-original.jpg 
[2025-11-11 16:14:00 : INFO] - There were no WebP conversion tools found on your server. 
[2025-11-11 16:14:00 : INFO] - Successfully optimized the image - /srv/data/web/vhosts/amisdebourronmarlotte.fr/htdocs/wp-content/uploads/2025/11/IMG_9042B-scaled.jpg.Le fichier a été compressé de 788.52 KB à 762.22 KB, en économisant 3.34 % à l’aide de WP-Optimize 
[2025-11-11 16:14:00 : INFO] - Completed processing task with ID : 886, and type 'smush' 
[2025-11-11 16:14:00 : INFO] - Lock option (updraft_lock_smush, abm_options) released 
[2025-11-11 16:14:00 : INFO] - Successfully processed the queue (smush). 2 tasks were processed out of 2. 
[2025-11-11 16:14:00 : INFO] - Lock option (updraft_lock_smush, abm_options) was deleted from the database 
[2025-11-11 16:14:00 : INFO] - Cleaning up tasks of type (smush). A total of 1 tasks will be deleted. 
[2025-11-13 16:56:21 : INFO] - Re_Smush_It_Task with attachment ID : 2994, autocreated on : November 13, 2025 04:56:21 
[2025-11-13 17:01:23 : INFO] - A total of 1 tasks of type smush found and will be processed in this iteration 
[2025-11-13 17:01:23 : DEBUG] - Lock option (updraft_lock_smush, abm_options) was created in the database 
[2025-11-13 17:01:23 : INFO] - Lock (updraft_lock_smush, abm_options) acquired after initialising the database 
[2025-11-13 17:01:23 : INFO] - Processing task with ID : 887, and type 'smush' 
[2025-11-13 17:01:23 : INFO] - Re_Smush_It_Task with attachment ID : 2994, autocreated on : November 13, 2025 04:56:21 
[2025-11-13 17:01:23 : INFO] - File: Image1-1.png, Compression quality: 85 
[2025-11-13 17:01:24 : INFO] - Backing up the original image - 2025/11/Image1-1-updraft-pre-smush-original.png 
[2025-11-13 17:01:25 : INFO] - There were no WebP conversion tools found on your server. 
[2025-11-13 17:01:25 : INFO] - Successfully optimized the image - /srv/data/web/vhosts/amisdebourronmarlotte.fr/htdocs/wp-content/uploads/2025/11/Image1-1.png.Le fichier a été compressé de 629.84 KB à 275.72 KB, en économisant 56.22 % à l’aide de WP-Optimize 
[2025-11-13 17:01:25 : INFO] - Completed processing task with ID : 887, and type 'smush' 
[2025-11-13 17:01:25 : INFO] - Lock option (updraft_lock_smush, abm_options) released 
[2025-11-13 17:01:25 : INFO] - Successfully processed the queue (smush). 1 tasks were processed out of 1. 
[2025-11-13 17:01:25 : INFO] - Lock option (updraft_lock_smush, abm_options) was deleted from the database 
[2025-11-13 17:01:25 : INFO] - Cleaning up tasks of type (smush). A total of 1 tasks will be deleted. 
[2025-11-17 13:01:32 : INFO] - Re_Smush_It_Task with attachment ID : 3018, autocreated on : November 17, 2025 01:01:32 
[2025-11-17 13:06:35 : INFO] - A total of 1 tasks of type smush found and will be processed in this iteration 
[2025-11-17 13:06:35 : DEBUG] - Lock option (updraft_lock_smush, abm_options) was created in the database 
[2025-11-17 13:06:35 : INFO] - Lock (updraft_lock_smush, abm_options) acquired after initialising the database 
[2025-11-17 13:06:35 : INFO] - Processing task with ID : 888, and type 'smush' 
[2025-11-17 13:06:35 : INFO] - Task with ID 888 and type (smush) failed with error code exceeded_max_filesize - /srv/data/web/vhosts/amisdebourronmarlotte.fr/htdocs/wp-content/uploads/2025/11/Image1-2.png - cannot be optimized, file size is above service provider limit 
[2025-11-17 13:06:35 : INFO] - Lock option (updraft_lock_smush, abm_options) released 
[2025-11-17 13:06:35 : INFO] - Successfully processed the queue (smush). 1 tasks were processed out of 1. 
[2025-11-17 13:06:35 : INFO] - Lock option (updraft_lock_smush, abm_options) was deleted from the database 
[2025-11-23 10:36:43 : INFO] - Re_Smush_It_Task with attachment ID : 3051, autocreated on : November 23, 2025 10:36:42 
[2025-11-23 10:41:24 : INFO] - Re_Smush_It_Task with attachment ID : 3052, autocreated on : November 23, 2025 10:41:24 
[2025-11-23 10:41:48 : INFO] - A total of 2 tasks of type smush found and will be processed in this iteration 
[2025-11-23 10:41:48 : DEBUG] - Lock option (updraft_lock_smush, abm_options) was created in the database 
[2025-11-23 10:41:48 : INFO] - Lock (updraft_lock_smush, abm_options) acquired after initialising the database 
[2025-11-23 10:41:48 : INFO] - Processing task with ID : 889, and type 'smush' 
[2025-11-23 10:41:48 : INFO] - Re_Smush_It_Task with attachment ID : 3051, autocreated on : November 23, 2025 10:36:42 
[2025-11-23 10:41:48 : INFO] - File: Concert-Berthe-Marx-1.png, Compression quality: 85 
[2025-11-23 10:41:49 : INFO] - Backing up the original image - 2025/11/Concert-Berthe-Marx-1-updraft-pre-smush-original.png 
[2025-11-23 10:41:52 : INFO] - There were no WebP conversion tools found on your server. 
[2025-11-23 10:41:52 : INFO] - Successfully optimized the image - /srv/data/web/vhosts/amisdebourronmarlotte.fr/htdocs/wp-content/uploads/2025/11/Concert-Berthe-Marx-1.png.Le fichier a été compressé de 687.25 KB à 179.95 KB, en économisant 73.82 % à l’aide de WP-Optimize 
[2025-11-23 10:41:52 : INFO] - Completed processing task with ID : 889, and type 'smush' 
[2025-11-23 10:41:52 : INFO] - Processing task with ID : 890, and type 'smush' 
[2025-11-23 10:41:52 : INFO] - Re_Smush_It_Task with attachment ID : 3052, autocreated on : November 23, 2025 10:41:24 
[2025-11-23 10:41:52 : INFO] - File: Image1-3.png, Compression quality: 85 
[2025-11-23 10:41:53 : INFO] - Backing up the original image - 2025/11/Image1-3-updraft-pre-smush-original.png 
[2025-11-23 10:41:54 : INFO] - There were no WebP conversion tools found on your server. 
[2025-11-23 10:41:54 : INFO] - Successfully optimized the image - /srv/data/web/vhosts/amisdebourronmarlotte.fr/htdocs/wp-content/uploads/2025/11/Image1-3.png.Le fichier a été compressé de 770.10 KB à 349.09 KB, en économisant 54.67 % à l’aide de WP-Optimize 
[2025-11-23 10:41:54 : INFO] - Completed processing task with ID : 890, and type 'smush' 
[2025-11-23 10:41:54 : INFO] - Lock option (updraft_lock_smush, abm_options) released 
[2025-11-23 10:41:54 : INFO] - Successfully processed the queue (smush). 2 tasks were processed out of 2. 
[2025-11-23 10:41:54 : INFO] - Lock option (updraft_lock_smush, abm_options) was deleted from the database 
[2025-11-23 10:41:54 : INFO] - Cleaning up tasks of type (smush). A total of 2 tasks will be deleted. 
[2025-11-23 11:02:34 : INFO] - Re_Smush_It_Task with attachment ID : 3053, autocreated on : November 23, 2025 11:02:34 
[2025-11-23 11:05:18 : INFO] - Re_Smush_It_Task with attachment ID : 3054, autocreated on : November 23, 2025 11:05:17 
[2025-11-23 11:05:26 : INFO] - Re_Smush_It_Task with attachment ID : 3055, autocreated on : November 23, 2025 11:05:26 
[2025-11-23 11:05:33 : INFO] - Re_Smush_It_Task with attachment ID : 3056, autocreated on : November 23, 2025 11:05:33 
[2025-11-23 11:07:43 : INFO] - Re_Smush_It_Task with attachment ID : 3058, autocreated on : November 23, 2025 11:07:43 
[2025-11-23 11:07:43 : INFO] - A total of 5 tasks of type smush found and will be processed in this iteration 
[2025-11-23 11:07:43 : DEBUG] - Lock option (updraft_lock_smush, abm_options) was created in the database 
[2025-11-23 11:07:43 : INFO] - Lock (updraft_lock_smush, abm_options) acquired after initialising the database 
[2025-11-23 11:07:43 : INFO] - Processing task with ID : 891, and type 'smush' 
[2025-11-23 11:07:43 : INFO] - Re_Smush_It_Task with attachment ID : 3053, autocreated on : November 23, 2025 11:02:34 
[2025-11-23 11:07:43 : INFO] - File: 0AC5C02D-8333-4564-8D3F-5003C0BB3428-scaled.jpeg, Compression quality: 85 
[2025-11-23 11:07:44 : INFO] - Backing up the original image - 2025/11/0AC5C02D-8333-4564-8D3F-5003C0BB3428-scaled-updraft-pre-smush-original.jpeg 
[2025-11-23 11:07:48 : INFO] - There were no WebP conversion tools found on your server. 
[2025-11-23 11:07:48 : INFO] - Successfully optimized the image - /srv/data/web/vhosts/amisdebourronmarlotte.fr/htdocs/wp-content/uploads/2025/11/0AC5C02D-8333-4564-8D3F-5003C0BB3428-scaled.jpeg.Le fichier a été compressé de 658.57 KB à 650.96 KB, en économisant 1.16 % à l’aide de WP-Optimize 
[2025-11-23 11:07:48 : INFO] - Completed processing task with ID : 891, and type 'smush' 
[2025-11-23 11:07:49 : INFO] - Processing task with ID : 892, and type 'smush' 
[2025-11-23 11:07:49 : INFO] - Re_Smush_It_Task with attachment ID : 3054, autocreated on : November 23, 2025 11:05:17 
[2025-11-23 11:07:49 : INFO] - File: Image2-1.jpg, Compression quality: 85 
[2025-11-23 11:07:49 : INFO] - Backing up the original image - 2025/11/Image2-1-updraft-pre-smush-original.jpg 
[2025-11-23 11:07:51 : INFO] - There were no WebP conversion tools found on your server. 
[2025-11-23 11:07:51 : INFO] - Successfully optimized the image - /srv/data/web/vhosts/amisdebourronmarlotte.fr/htdocs/wp-content/uploads/2025/11/Image2-1.jpg.Le fichier a été compressé de 183.78 KB à 153.88 KB, en économisant 16.27 % à l’aide de WP-Optimize 
[2025-11-23 11:07:51 : INFO] - Completed processing task with ID : 892, and type 'smush' 
[2025-11-23 11:07:51 : INFO] - Processing task with ID : 893, and type 'smush' 
[2025-11-23 11:07:51 : INFO] - Re_Smush_It_Task with attachment ID : 3055, autocreated on : November 23, 2025 11:05:26 
[2025-11-23 11:07:51 : INFO] - File: Image4-1.jpg, Compression quality: 85 
[2025-11-23 11:07:52 : INFO] - Backing up the original image - 2025/11/Image4-1-updraft-pre-smush-original.jpg 
[2025-11-23 11:07:52 : INFO] - There were no WebP conversion tools found on your server. 
[2025-11-23 11:07:52 : INFO] - Successfully optimized the image - /srv/data/web/vhosts/amisdebourronmarlotte.fr/htdocs/wp-content/uploads/2025/11/Image4-1.jpg.Le fichier a été compressé de 21.42 KB à 18.12 KB, en économisant 15.4 % à l’aide de WP-Optimize 
[2025-11-23 11:07:52 : INFO] - Completed processing task with ID : 893, and type 'smush' 
[2025-11-23 11:07:52 : INFO] - Processing task with ID : 894, and type 'smush' 
[2025-11-23 11:07:52 : INFO] - Re_Smush_It_Task with attachment ID : 3056, autocreated on : November 23, 2025 11:05:33 
[2025-11-23 11:07:52 : INFO] - File: Image3-1.jpg, Compression quality: 85 
[2025-11-23 11:07:53 : INFO] - Backing up the original image - 2025/11/Image3-1-updraft-pre-smush-original.jpg 
[2025-11-23 11:07:54 : INFO] - There were no WebP conversion tools found on your server. 
[2025-11-23 11:07:54 : INFO] - Successfully optimized the image - /srv/data/web/vhosts/amisdebourronmarlotte.fr/htdocs/wp-content/uploads/2025/11/Image3-1.jpg.Le fichier a été compressé de 191.94 KB à 161.66 KB, en économisant 15.78 % à l’aide de WP-Optimize 
[2025-11-23 11:07:54 : INFO] - Completed processing task with ID : 894, and type 'smush' 
[2025-11-23 11:07:54 : INFO] - Processing task with ID : 895, and type 'smush' 
[2025-11-23 11:07:54 : INFO] - Re_Smush_It_Task with attachment ID : 3058, autocreated on : November 23, 2025 11:07:43 
[2025-11-23 11:07:54 : INFO] - File: Image2b.jpg, Compression quality: 85 
[2025-11-23 11:07:55 : INFO] - Backing up the original image - 2025/11/Image2b-updraft-pre-smush-original.jpg 
[2025-11-23 11:07:57 : INFO] - There were no WebP conversion tools found on your server. 
[2025-11-23 11:07:57 : INFO] - Successfully optimized the image - /srv/data/web/vhosts/amisdebourronmarlotte.fr/htdocs/wp-content/uploads/2025/11/Image2b.jpg.Le fichier a été compressé de 178.75 KB à 149.98 KB, en économisant 16.1 % à l’aide de WP-Optimize 
[2025-11-23 11:07:57 : INFO] - Completed processing task with ID : 895, and type 'smush' 
[2025-11-23 11:07:57 : INFO] - Lock option (updraft_lock_smush, abm_options) released 
[2025-11-23 11:07:57 : INFO] - Successfully processed the queue (smush). 5 tasks were processed out of 5. 
[2025-11-23 11:07:57 : INFO] - Lock option (updraft_lock_smush, abm_options) was deleted from the database 
[2025-11-23 11:07:57 : INFO] - Cleaning up tasks of type (smush). A total of 5 tasks will be deleted. 
[2025-11-23 11:08:49 : INFO] - Re_Smush_It_Task with attachment ID : 3060, autocreated on : November 23, 2025 11:08:49 
[2025-11-23 11:17:49 : INFO] - A total of 1 tasks of type smush found and will be processed in this iteration 
[2025-11-23 11:17:49 : DEBUG] - Lock option (updraft_lock_smush, abm_options) was created in the database 
[2025-11-23 11:17:49 : INFO] - Lock (updraft_lock_smush, abm_options) acquired after initialising the database 
[2025-11-23 11:17:49 : INFO] - Processing task with ID : 896, and type 'smush' 
[2025-11-23 11:17:49 : INFO] - Re_Smush_It_Task with attachment ID : 3060, autocreated on : November 23, 2025 11:08:49 
[2025-11-23 11:17:49 : INFO] - File: IMG_9057-scaled.jpg, Compression quality: 85 
[2025-11-23 11:17:49 : INFO] - Backing up the original image - 2025/11/IMG_9057-scaled-updraft-pre-smush-original.jpg 
[2025-11-23 11:17:54 : INFO] - There were no WebP conversion tools found on your server. 
[2025-11-23 11:17:54 : INFO] - Successfully optimized the image - /srv/data/web/vhosts/amisdebourronmarlotte.fr/htdocs/wp-content/uploads/2025/11/IMG_9057-scaled.jpg.Le fichier a été compressé de 397.04 KB à 384.24 KB, en économisant 3.22 % à l’aide de WP-Optimize 
[2025-11-23 11:17:54 : INFO] - Completed processing task with ID : 896, and type 'smush' 
[2025-11-23 11:17:54 : INFO] - Lock option (updraft_lock_smush, abm_options) released 
[2025-11-23 11:17:54 : INFO] - Successfully processed the queue (smush). 1 tasks were processed out of 1. 
[2025-11-23 11:17:54 : INFO] - Lock option (updraft_lock_smush, abm_options) was deleted from the database 
[2025-11-23 11:17:54 : INFO] - Cleaning up tasks of type (smush). A total of 1 tasks will be deleted. 
[2025-11-23 11:19:00 : INFO] - Re_Smush_It_Task with attachment ID : 3067, autocreated on : November 23, 2025 11:19:00 
[2025-11-23 11:52:55 : INFO] - A total of 1 tasks of type smush found and will be processed in this iteration 
[2025-11-23 11:52:55 : DEBUG] - Lock option (updraft_lock_smush, abm_options) was created in the database 
[2025-11-23 11:52:55 : INFO] - Lock (updraft_lock_smush, abm_options) acquired after initialising the database 
[2025-11-23 11:52:55 : INFO] - Processing task with ID : 897, and type 'smush' 
[2025-11-23 11:52:55 : INFO] - Re_Smush_It_Task with attachment ID : 3067, autocreated on : November 23, 2025 11:19:00 
[2025-11-23 11:52:55 : INFO] - File: Berthe-Marx-1923.png, Compression quality: 85 
[2025-11-23 11:52:56 : INFO] - Backing up the original image - 2025/11/Berthe-Marx-1923-updraft-pre-smush-original.png 
[2025-11-23 11:52:59 : INFO] - There were no WebP conversion tools found on your server. 
[2025-11-23 11:52:59 : INFO] - Successfully optimized the image - /srv/data/web/vhosts/amisdebourronmarlotte.fr/htdocs/wp-content/uploads/2025/11/Berthe-Marx-1923.png.Le fichier a été compressé de 566.48 KB à 427.70 KB, en économisant 24.5 % à l’aide de WP-Optimize 
[2025-11-23 11:52:59 : INFO] - Completed processing task with ID : 897, and type 'smush' 
[2025-11-23 11:52:59 : INFO] - Lock option (updraft_lock_smush, abm_options) released 
[2025-11-23 11:52:59 : INFO] - Successfully processed the queue (smush). 1 tasks were processed out of 1. 
[2025-11-23 11:52:59 : INFO] - Lock option (updraft_lock_smush, abm_options) was deleted from the database 
[2025-11-23 11:52:59 : INFO] - Cleaning up tasks of type (smush). A total of 1 tasks will be deleted. 
[2025-12-21 10:29:45 : INFO] - Re_Smush_It_Task with attachment ID : 3083, autocreated on : December 21, 2025 10:29:45 
[2025-12-21 10:30:09 : INFO] - Re_Smush_It_Task with attachment ID : 3084, autocreated on : December 21, 2025 10:30:09 
[2025-12-21 10:34:50 : INFO] - A total of 2 tasks of type smush found and will be processed in this iteration 
[2025-12-21 10:34:50 : DEBUG] - Lock option (updraft_lock_smush, abm_options) was created in the database 
[2025-12-21 10:34:50 : INFO] - Lock (updraft_lock_smush, abm_options) acquired after initialising the database 
[2025-12-21 10:34:50 : INFO] - Processing task with ID : 898, and type 'smush' 
[2025-12-21 10:34:50 : INFO] - Re_Smush_It_Task with attachment ID : 3083, autocreated on : December 21, 2025 10:29:45 
[2025-12-21 10:34:50 : INFO] - File: N67-sommaire.jpg, Compression quality: 85 
[2025-12-21 10:34:50 : INFO] - The downloaded resource does not have a matching mime type. 
[2025-12-21 10:34:50 : INFO] - The downloaded resource does not have a matching mime type. 
[2025-12-21 10:34:51 : INFO] - The downloaded resource does not have a matching mime type. 
[2025-12-21 10:34:51 : INFO] - The downloaded resource does not have a matching mime type. 
[2025-12-21 10:34:51 : INFO] - There were no WebP conversion tools found on your server. 
[2025-12-21 10:34:51 : INFO] - Successfully optimized the image - /srv/data/web/vhosts/amisdebourronmarlotte.fr/htdocs/wp-content/uploads/2025/12/N67-sommaire.jpg.Le fichier a été compressé de 53.26 KB à 53.26 KB, en économisant 0 % à l’aide de WP-Optimize 
[2025-12-21 10:34:51 : INFO] - Completed processing task with ID : 898, and type 'smush' 
[2025-12-21 10:34:51 : INFO] - Processing task with ID : 899, and type 'smush' 
[2025-12-21 10:34:51 : INFO] - Re_Smush_It_Task with attachment ID : 3084, autocreated on : December 21, 2025 10:30:09 
[2025-12-21 10:34:51 : INFO] - File: N67-couverture.png, Compression quality: 85 
[2025-12-21 10:34:52 : INFO] - Backing up the original image - 2025/12/N67-couverture-updraft-pre-smush-original.png 
[2025-12-21 10:34:53 : INFO] - The downloaded resource does not have a matching mime type. 
[2025-12-21 10:34:53 : INFO] - There were no WebP conversion tools found on your server. 
[2025-12-21 10:34:53 : INFO] - Successfully optimized the image - /srv/data/web/vhosts/amisdebourronmarlotte.fr/htdocs/wp-content/uploads/2025/12/N67-couverture.png.Le fichier a été compressé de 211.91 KB à 109.44 KB, en économisant 48.35 % à l’aide de WP-Optimize 
[2025-12-21 10:34:53 : INFO] - Completed processing task with ID : 899, and type 'smush' 
[2025-12-21 10:34:53 : INFO] - Lock option (updraft_lock_smush, abm_options) released 
[2025-12-21 10:34:53 : INFO] - Successfully processed the queue (smush). 2 tasks were processed out of 2. 
[2025-12-21 10:34:53 : INFO] - Lock option (updraft_lock_smush, abm_options) was deleted from the database 
[2025-12-21 10:34:53 : INFO] - Cleaning up tasks of type (smush). A total of 2 tasks will be deleted. 
[2026-01-09 15:45:28 : INFO] - Re_Smush_It_Task with attachment ID : 3099, autocreated on : January 09, 2026 03:45:28 
[2026-01-09 15:46:26 : INFO] - Re_Smush_It_Task with attachment ID : 3100, autocreated on : January 09, 2026 03:46:26 
[2026-01-09 15:50:33 : INFO] - A total of 2 tasks of type smush found and will be processed in this iteration 
[2026-01-09 15:50:33 : DEBUG] - Lock option (updraft_lock_smush, abm_options) was created in the database 
[2026-01-09 15:50:33 : INFO] - Lock (updraft_lock_smush, abm_options) acquired after initialising the database 
[2026-01-09 15:50:33 : INFO] - Processing task with ID : 900, and type 'smush' 
[2026-01-09 15:50:33 : INFO] - Re_Smush_It_Task with attachment ID : 3099, autocreated on : January 09, 2026 03:45:28 
[2026-01-09 15:50:33 : INFO] - File: IMG_9541-scaled.jpg, Compression quality: 85 
[2026-01-09 15:50:35 : INFO] - Backing up the original image - 2026/01/IMG_9541-scaled-updraft-pre-smush-original.jpg 
[2026-01-09 15:50:39 : INFO] - There were no WebP conversion tools found on your server. 
[2026-01-09 15:50:39 : INFO] - Successfully optimized the image - /srv/data/web/vhosts/amisdebourronmarlotte.fr/htdocs/wp-content/uploads/2026/01/IMG_9541-scaled.jpg.Le fichier a été compressé de 818.21 KB à 811.55 KB, en économisant 0.81 % à l’aide de WP-Optimize 
[2026-01-09 15:50:39 : INFO] - Completed processing task with ID : 900, and type 'smush' 
[2026-01-09 15:50:39 : INFO] - Processing task with ID : 901, and type 'smush' 
[2026-01-09 15:50:39 : INFO] - Re_Smush_It_Task with attachment ID : 3100, autocreated on : January 09, 2026 03:46:26 
[2026-01-09 15:50:39 : INFO] - File: Image2-scaled.jpg, Compression quality: 85 
[2026-01-09 15:50:40 : INFO] - Backing up the original image - 2026/01/Image2-scaled-updraft-pre-smush-original.jpg 
[2026-01-09 15:50:43 : INFO] - There were no WebP conversion tools found on your server. 
[2026-01-09 15:50:43 : INFO] - Successfully optimized the image - /srv/data/web/vhosts/amisdebourronmarlotte.fr/htdocs/wp-content/uploads/2026/01/Image2-scaled.jpg.Le fichier a été compressé de 726.06 KB à 724.05 KB, en économisant 0.28 % à l’aide de WP-Optimize 
[2026-01-09 15:50:43 : INFO] - Completed processing task with ID : 901, and type 'smush' 
[2026-01-09 15:50:43 : INFO] - Lock option (updraft_lock_smush, abm_options) released 
[2026-01-09 15:50:43 : INFO] - Successfully processed the queue (smush). 2 tasks were processed out of 2. 
[2026-01-09 15:50:43 : INFO] - Lock option (updraft_lock_smush, abm_options) was deleted from the database 
[2026-01-09 15:50:43 : INFO] - Cleaning up tasks of type (smush). A total of 2 tasks will be deleted. 
[2026-01-09 15:53:42 : INFO] - Re_Smush_It_Task with attachment ID : 3102, autocreated on : January 09, 2026 03:53:42 
[2026-01-09 15:56:46 : INFO] - Re_Smush_It_Task with attachment ID : 3104, autocreated on : January 09, 2026 03:56:46 
[2026-01-09 16:00:33 : INFO] - A total of 2 tasks of type smush found and will be processed in this iteration 
[2026-01-09 16:00:33 : DEBUG] - Lock option (updraft_lock_smush, abm_options) was created in the database 
[2026-01-09 16:00:33 : INFO] - Lock (updraft_lock_smush, abm_options) acquired after initialising the database 
[2026-01-09 16:00:33 : INFO] - Processing task with ID : 902, and type 'smush' 
[2026-01-09 16:00:34 : INFO] - Re_Smush_It_Task with attachment ID : 3102, autocreated on : January 09, 2026 03:53:42 
[2026-01-09 16:00:34 : INFO] - File: IMG_8411-scaled.jpg, Compression quality: 85 
[2026-01-09 16:00:34 : INFO] - Backing up the original image - 2026/01/IMG_8411-scaled-updraft-pre-smush-original.jpg 
[2026-01-09 16:00:37 : INFO] - There were no WebP conversion tools found on your server. 
[2026-01-09 16:00:37 : INFO] - Successfully optimized the image - /srv/data/web/vhosts/amisdebourronmarlotte.fr/htdocs/wp-content/uploads/2026/01/IMG_8411-scaled.jpg.Le fichier a été compressé de 530.64 KB à 519.16 KB, en économisant 2.16 % à l’aide de WP-Optimize 
[2026-01-09 16:00:37 : INFO] - Completed processing task with ID : 902, and type 'smush' 
[2026-01-09 16:00:37 : INFO] - Processing task with ID : 903, and type 'smush' 
[2026-01-09 16:00:37 : INFO] - Re_Smush_It_Task with attachment ID : 3104, autocreated on : January 09, 2026 03:56:46 
[2026-01-09 16:00:37 : INFO] - File: Image3.jpg, Compression quality: 85 
[2026-01-09 16:00:38 : INFO] - Backing up the original image - 2026/01/Image3-updraft-pre-smush-original.jpg 
[2026-01-09 16:00:40 : INFO] - There were no WebP conversion tools found on your server. 
[2026-01-09 16:00:40 : INFO] - Successfully optimized the image - /srv/data/web/vhosts/amisdebourronmarlotte.fr/htdocs/wp-content/uploads/2026/01/Image3.jpg.Le fichier a été compressé de 49.31 KB à 39.50 KB, en économisant 19.88 % à l’aide de WP-Optimize 
[2026-01-09 16:00:40 : INFO] - Completed processing task with ID : 903, and type 'smush' 
[2026-01-09 16:00:40 : INFO] - Lock option (updraft_lock_smush, abm_options) released 
[2026-01-09 16:00:40 : INFO] - Successfully processed the queue (smush). 2 tasks were processed out of 2. 
[2026-01-09 16:00:40 : INFO] - Lock option (updraft_lock_smush, abm_options) was deleted from the database 
[2026-01-09 16:00:40 : INFO] - Cleaning up tasks of type (smush). A total of 2 tasks will be deleted. 
[2026-01-10 08:54:18 : INFO] - Re_Smush_It_Task with attachment ID : 3111, autocreated on : January 10, 2026 08:54:18 
[2026-01-10 08:59:28 : INFO] - A total of 1 tasks of type smush found and will be processed in this iteration 
[2026-01-10 08:59:28 : DEBUG] - Lock option (updraft_lock_smush, abm_options) was created in the database 
[2026-01-10 08:59:28 : INFO] - Lock (updraft_lock_smush, abm_options) acquired after initialising the database 
[2026-01-10 08:59:28 : INFO] - Processing task with ID : 904, and type 'smush' 
[2026-01-10 08:59:28 : INFO] - Re_Smush_It_Task with attachment ID : 3111, autocreated on : January 10, 2026 08:54:18 
[2026-01-10 08:59:28 : INFO] - File: Image1.png, Compression quality: 85 
[2026-01-10 08:59:29 : INFO] - Backing up the original image - 2026/01/Image1-updraft-pre-smush-original.png 
[2026-01-10 08:59:30 : INFO] - There were no WebP conversion tools found on your server. 
[2026-01-10 08:59:30 : INFO] - Successfully optimized the image - /srv/data/web/vhosts/amisdebourronmarlotte.fr/htdocs/wp-content/uploads/2026/01/Image1.png.Le fichier a été compressé de 509.50 KB à 133.96 KB, en économisant 73.71 % à l’aide de WP-Optimize 
[2026-01-10 08:59:30 : INFO] - Completed processing task with ID : 904, and type 'smush' 
[2026-01-10 08:59:30 : INFO] - Lock option (updraft_lock_smush, abm_options) released 
[2026-01-10 08:59:30 : INFO] - Successfully processed the queue (smush). 1 tasks were processed out of 1. 
[2026-01-10 08:59:30 : INFO] - Lock option (updraft_lock_smush, abm_options) was deleted from the database 
[2026-01-10 08:59:30 : INFO] - Cleaning up tasks of type (smush). A total of 1 tasks will be deleted. 
[2026-01-10 08:59:52 : INFO] - Re_Smush_It_Task with attachment ID : 3113, autocreated on : January 10, 2026 08:59:52 
[2026-01-10 09:01:36 : INFO] - Re_Smush_It_Task with attachment ID : 3115, autocreated on : January 10, 2026 09:01:36 
[2026-01-10 09:10:01 : INFO] - A total of 2 tasks of type smush found and will be processed in this iteration 
[2026-01-10 09:10:01 : DEBUG] - Lock option (updraft_lock_smush, abm_options) was created in the database 
[2026-01-10 09:10:01 : INFO] - Lock (updraft_lock_smush, abm_options) acquired after initialising the database 
[2026-01-10 09:10:01 : INFO] - Processing task with ID : 905, and type 'smush' 
[2026-01-10 09:10:01 : INFO] - Task with ID 905 and type (smush) failed with error code invalid_file_path - The linked attachment ID does not have a valid file path 
[2026-01-10 09:10:01 : INFO] - Processing task with ID : 906, and type 'smush' 
[2026-01-10 09:10:01 : INFO] - Re_Smush_It_Task with attachment ID : 3115, autocreated on : January 10, 2026 09:01:36 
[2026-01-10 09:10:01 : INFO] - File: IMG_E8842.jpg, Compression quality: 85 
[2026-01-10 09:10:01 : INFO] - Backing up the original image - 2026/01/IMG_E8842-updraft-pre-smush-original.jpg 
[2026-01-10 09:10:05 : INFO] - There were no WebP conversion tools found on your server. 
[2026-01-10 09:10:05 : INFO] - Successfully optimized the image - /srv/data/web/vhosts/amisdebourronmarlotte.fr/htdocs/wp-content/uploads/2026/01/IMG_E8842.jpg.Le fichier a été compressé de 679.86 KB à 426.33 KB, en économisant 37.29 % à l’aide de WP-Optimize 
[2026-01-10 09:10:05 : INFO] - Completed processing task with ID : 906, and type 'smush' 
[2026-01-10 09:10:05 : INFO] - Lock option (updraft_lock_smush, abm_options) released 
[2026-01-10 09:10:05 : INFO] - Successfully processed the queue (smush). 2 tasks were processed out of 2. 
[2026-01-10 09:10:05 : INFO] - Lock option (updraft_lock_smush, abm_options) was deleted from the database 
[2026-01-10 09:10:05 : INFO] - Cleaning up tasks of type (smush). A total of 1 tasks will be deleted. 
[2026-01-15 10:24:34 : INFO] - Re_Smush_It_Task with attachment ID : 3123, autocreated on : January 15, 2026 10:24:34 
[2026-01-15 10:30:11 : INFO] - A total of 1 tasks of type smush found and will be processed in this iteration 
[2026-01-15 10:30:11 : DEBUG] - Lock option (updraft_lock_smush, abm_options) was created in the database 
[2026-01-15 10:30:11 : INFO] - Lock (updraft_lock_smush, abm_options) acquired after initialising the database 
[2026-01-15 10:30:12 : INFO] - Processing task with ID : 907, and type 'smush' 
[2026-01-15 10:30:12 : INFO] - Re_Smush_It_Task with attachment ID : 3123, autocreated on : January 15, 2026 10:24:34 
[2026-01-15 10:30:12 : INFO] - File: Image1-2.jpg, Compression quality: 85 
[2026-01-15 10:30:12 : INFO] - Backing up the original image - 2025/01/Image1-2-updraft-pre-smush-original.jpg 
[2026-01-15 10:30:13 : INFO] - There were no WebP conversion tools found on your server. 
[2026-01-15 10:30:13 : INFO] - Successfully optimized the image - /srv/data/web/vhosts/amisdebourronmarlotte.fr/htdocs/wp-content/uploads/2025/01/Image1-2.jpg.Le fichier a été compressé de 35.11 KB à 27.35 KB, en économisant 22.11 % à l’aide de WP-Optimize 
[2026-01-15 10:30:13 : INFO] - Completed processing task with ID : 907, and type 'smush' 
[2026-01-15 10:30:13 : INFO] - Lock option (updraft_lock_smush, abm_options) released 
[2026-01-15 10:30:13 : INFO] - Successfully processed the queue (smush). 1 tasks were processed out of 1. 
[2026-01-15 10:30:13 : INFO] - Lock option (updraft_lock_smush, abm_options) was deleted from the database 
[2026-01-15 10:30:13 : INFO] - Cleaning up tasks of type (smush). A total of 1 tasks will be deleted. 
[2026-01-15 10:35:53 : INFO] - Re_Smush_It_Task with attachment ID : 3126, autocreated on : January 15, 2026 10:35:52 
[2026-01-15 10:40:27 : INFO] - A total of 1 tasks of type smush found and will be processed in this iteration 
[2026-01-15 10:40:27 : DEBUG] - Lock option (updraft_lock_smush, abm_options) was created in the database 
[2026-01-15 10:40:27 : INFO] - Lock (updraft_lock_smush, abm_options) acquired after initialising the database 
[2026-01-15 10:40:27 : INFO] - Processing task with ID : 908, and type 'smush' 
[2026-01-15 10:40:27 : INFO] - Re_Smush_It_Task with attachment ID : 3126, autocreated on : January 15, 2026 10:35:52 
[2026-01-15 10:40:27 : INFO] - File: Image2.jpg, Compression quality: 85 
[2026-01-15 10:40:27 : INFO] - Backing up the original image - 2025/01/Image2-updraft-pre-smush-original.jpg 
[2026-01-15 10:40:28 : INFO] - There were no WebP conversion tools found on your server. 
[2026-01-15 10:40:28 : INFO] - Successfully optimized the image - /srv/data/web/vhosts/amisdebourronmarlotte.fr/htdocs/wp-content/uploads/2025/01/Image2.jpg.Le fichier a été compressé de 65.38 KB à 41.55 KB, en économisant 36.45 % à l’aide de WP-Optimize 
[2026-01-15 10:40:29 : INFO] - Completed processing task with ID : 908, and type 'smush' 
[2026-01-15 10:40:29 : INFO] - Lock option (updraft_lock_smush, abm_options) released 
[2026-01-15 10:40:29 : INFO] - Successfully processed the queue (smush). 1 tasks were processed out of 1. 
[2026-01-15 10:40:29 : INFO] - Lock option (updraft_lock_smush, abm_options) was deleted from the database 
[2026-01-15 10:40:29 : INFO] - Cleaning up tasks of type (smush). A total of 1 tasks will be deleted. 
[2026-02-02 13:49:13 : INFO] - Re_Smush_It_Task with attachment ID : 3143, autocreated on : February 02, 2026 01:49:12 
[2026-02-02 13:54:45 : INFO] - A total of 1 tasks of type smush found and will be processed in this iteration 
[2026-02-02 13:54:45 : DEBUG] - Lock option (updraft_lock_smush, abm_options) was created in the database 
[2026-02-02 13:54:45 : INFO] - Lock (updraft_lock_smush, abm_options) acquired after initialising the database 
[2026-02-02 13:54:45 : INFO] - Processing task with ID : 909, and type 'smush' 
[2026-02-02 13:54:45 : INFO] - Task with ID 909 and type (smush) failed with error code exceeded_max_filesize - /srv/data/web/vhosts/amisdebourronmarlotte.fr/htdocs/wp-content/uploads/2026/02/Image1-scaled.png - cannot be optimized, file size is above service provider limit 
[2026-02-02 13:54:45 : INFO] - Lock option (updraft_lock_smush, abm_options) released 
[2026-02-02 13:54:45 : INFO] - Successfully processed the queue (smush). 1 tasks were processed out of 1. 
[2026-02-02 13:54:45 : INFO] - Lock option (updraft_lock_smush, abm_options) was deleted from the database 
[2026-02-02 15:51:00 : INFO] - Re_Smush_It_Task with attachment ID : 3146, autocreated on : February 02, 2026 03:51:00 
[2026-02-02 15:51:13 : INFO] - Re_Smush_It_Task with attachment ID : 3147, autocreated on : February 02, 2026 03:51:13 
[2026-02-02 15:51:28 : INFO] - Re_Smush_It_Task with attachment ID : 3148, autocreated on : February 02, 2026 03:51:28 
[2026-02-02 15:56:05 : INFO] - A total of 3 tasks of type smush found and will be processed in this iteration 
[2026-02-02 15:56:05 : DEBUG] - Lock option (updraft_lock_smush, abm_options) was created in the database 
[2026-02-02 15:56:05 : INFO] - Lock (updraft_lock_smush, abm_options) acquired after initialising the database 
[2026-02-02 15:56:05 : INFO] - Processing task with ID : 910, and type 'smush' 
[2026-02-02 15:56:05 : INFO] - Re_Smush_It_Task with attachment ID : 3146, autocreated on : February 02, 2026 03:51:00 
[2026-02-02 15:56:05 : INFO] - File: Image2.png, Compression quality: 85 
[2026-02-02 15:56:07 : INFO] - Backing up the original image - 2026/02/Image2-updraft-pre-smush-original.png 
[2026-02-02 15:56:15 : INFO] - There were no WebP conversion tools found on your server. 
[2026-02-02 15:56:15 : INFO] - Successfully optimized the image - /srv/data/web/vhosts/amisdebourronmarlotte.fr/htdocs/wp-content/uploads/2026/02/Image2.png.Le fichier a été compressé de 3.76 MB à 770.57 KB, en économisant 79.97 % à l’aide de WP-Optimize 
[2026-02-02 15:56:15 : INFO] - Completed processing task with ID : 910, and type 'smush' 
[2026-02-02 15:56:15 : INFO] - Processing task with ID : 911, and type 'smush' 
[2026-02-02 15:56:15 : INFO] - Re_Smush_It_Task with attachment ID : 3147, autocreated on : February 02, 2026 03:51:13 
[2026-02-02 15:56:15 : INFO] - File: Image3.png, Compression quality: 85 
[2026-02-02 15:56:16 : INFO] - Backing up the original image - 2026/02/Image3-updraft-pre-smush-original.png 
[2026-02-02 15:56:22 : INFO] - There were no WebP conversion tools found on your server. 
[2026-02-02 15:56:22 : INFO] - Successfully optimized the image - /srv/data/web/vhosts/amisdebourronmarlotte.fr/htdocs/wp-content/uploads/2026/02/Image3.png.Le fichier a été compressé de 1.74 MB à 552.86 KB, en économisant 69.03 % à l’aide de WP-Optimize 
[2026-02-02 15:56:22 : INFO] - Completed processing task with ID : 911, and type 'smush' 
[2026-02-02 15:56:22 : INFO] - Processing task with ID : 912, and type 'smush' 
[2026-02-02 15:56:22 : INFO] - Re_Smush_It_Task with attachment ID : 3148, autocreated on : February 02, 2026 03:51:28 
[2026-02-02 15:56:22 : INFO] - File: Image4.png, Compression quality: 85 
[2026-02-02 15:56:24 : INFO] - Backing up the original image - 2026/02/Image4-updraft-pre-smush-original.png 
[2026-02-02 15:56:31 : INFO] - There were no WebP conversion tools found on your server. 
[2026-02-02 15:56:31 : INFO] - Successfully optimized the image - /srv/data/web/vhosts/amisdebourronmarlotte.fr/htdocs/wp-content/uploads/2026/02/Image4.png.Le fichier a été compressé de 3.25 MB à 921.66 KB, en économisant 72.3 % à l’aide de WP-Optimize 
[2026-02-02 15:56:31 : INFO] - Completed processing task with ID : 912, and type 'smush' 
[2026-02-02 15:56:31 : INFO] - Lock option (updraft_lock_smush, abm_options) released 
[2026-02-02 15:56:31 : INFO] - Successfully processed the queue (smush). 3 tasks were processed out of 3. 
[2026-02-02 15:56:31 : INFO] - Lock option (updraft_lock_smush, abm_options) was deleted from the database 
[2026-02-02 15:56:31 : INFO] - Cleaning up tasks of type (smush). A total of 3 tasks will be deleted. 
[2026-02-02 15:58:42 : INFO] - Re_Smush_It_Task with attachment ID : 3149, autocreated on : February 02, 2026 03:58:42 
[2026-02-02 16:06:14 : INFO] - A total of 1 tasks of type smush found and will be processed in this iteration 
[2026-02-02 16:06:14 : DEBUG] - Lock option (updraft_lock_smush, abm_options) was created in the database 
[2026-02-02 16:06:14 : INFO] - Lock (updraft_lock_smush, abm_options) acquired after initialising the database 
[2026-02-02 16:06:14 : INFO] - Processing task with ID : 913, and type 'smush' 
[2026-02-02 16:06:14 : INFO] - Re_Smush_It_Task with attachment ID : 3149, autocreated on : February 02, 2026 03:58:42 
[2026-02-02 16:06:14 : INFO] - File: Image5-scaled.png, Compression quality: 85 
[2026-02-02 16:06:16 : INFO] - Backing up the original image - 2026/02/Image5-scaled-updraft-pre-smush-original.png 
[2026-02-02 16:06:24 : INFO] - There were no WebP conversion tools found on your server. 
[2026-02-02 16:06:24 : INFO] - Successfully optimized the image - /srv/data/web/vhosts/amisdebourronmarlotte.fr/htdocs/wp-content/uploads/2026/02/Image5-scaled.png.Le fichier a été compressé de 2.85 MB à 966.30 KB, en économisant 66.89 % à l’aide de WP-Optimize 
[2026-02-02 16:06:24 : INFO] - Completed processing task with ID : 913, and type 'smush' 
[2026-02-02 16:06:24 : INFO] - Lock option (updraft_lock_smush, abm_options) released 
[2026-02-02 16:06:24 : INFO] - Successfully processed the queue (smush). 1 tasks were processed out of 1. 
[2026-02-02 16:06:24 : INFO] - Lock option (updraft_lock_smush, abm_options) was deleted from the database 
[2026-02-02 16:06:24 : INFO] - Cleaning up tasks of type (smush). A total of 1 tasks will be deleted. 
[2026-02-02 16:14:58 : INFO] - Re_Smush_It_Task with attachment ID : 3152, autocreated on : February 02, 2026 04:14:58 
[2026-02-02 16:16:23 : INFO] - A total of 1 tasks of type smush found and will be processed in this iteration 
[2026-02-02 16:16:23 : DEBUG] - Lock option (updraft_lock_smush, abm_options) was created in the database 
[2026-02-02 16:16:23 : INFO] - Lock (updraft_lock_smush, abm_options) acquired after initialising the database 
[2026-02-02 16:16:23 : INFO] - Processing task with ID : 914, and type 'smush' 
[2026-02-02 16:16:23 : INFO] - Re_Smush_It_Task with attachment ID : 3152, autocreated on : February 02, 2026 04:14:58 
[2026-02-02 16:16:23 : INFO] - File: MWGY8689-scaled.jpg, Compression quality: 85 
[2026-02-02 16:16:24 : INFO] - Backing up the original image - 2026/02/MWGY8689-scaled-updraft-pre-smush-original.jpg 
[2026-02-02 16:16:28 : INFO] - There were no WebP conversion tools found on your server. 
[2026-02-02 16:16:28 : INFO] - Successfully optimized the image - /srv/data/web/vhosts/amisdebourronmarlotte.fr/htdocs/wp-content/uploads/2026/02/MWGY8689-scaled.jpg.Le fichier a été compressé de 623.18 KB à 608.17 KB, en économisant 2.41 % à l’aide de WP-Optimize 
[2026-02-02 16:16:28 : INFO] - Completed processing task with ID : 914, and type 'smush' 
[2026-02-02 16:16:28 : INFO] - Lock option (updraft_lock_smush, abm_options) released 
[2026-02-02 16:16:28 : INFO] - Successfully processed the queue (smush). 1 tasks were processed out of 1. 
[2026-02-02 16:16:28 : INFO] - Lock option (updraft_lock_smush, abm_options) was deleted from the database 
[2026-02-02 16:16:28 : INFO] - Cleaning up tasks of type (smush). A total of 1 tasks will be deleted. 
[2026-02-04 10:08:39 : INFO] - Re_Smush_It_Task with attachment ID : 3155, autocreated on : February 04, 2026 10:08:39 
[2026-02-04 10:11:06 : INFO] - Re_Smush_It_Task with attachment ID : 3157, autocreated on : February 04, 2026 10:11:06 
[2026-02-04 10:13:41 : INFO] - A total of 2 tasks of type smush found and will be processed in this iteration 
[2026-02-04 10:13:41 : DEBUG] - Lock option (updraft_lock_smush, abm_options) was created in the database 
[2026-02-04 10:13:41 : INFO] - Lock (updraft_lock_smush, abm_options) acquired after initialising the database 
[2026-02-04 10:13:41 : INFO] - Processing task with ID : 915, and type 'smush' 
[2026-02-04 10:13:41 : INFO] - Re_Smush_It_Task with attachment ID : 3155, autocreated on : February 04, 2026 10:08:39 
[2026-02-04 10:13:41 : INFO] - File: Image1-1.png, Compression quality: 85 
[2026-02-04 10:13:42 : INFO] - Backing up the original image - 2026/02/Image1-1-updraft-pre-smush-original.png 
[2026-02-04 10:13:45 : INFO] - There were no WebP conversion tools found on your server. 
[2026-02-04 10:13:45 : INFO] - Successfully optimized the image - /srv/data/web/vhosts/amisdebourronmarlotte.fr/htdocs/wp-content/uploads/2026/02/Image1-1.png.Le fichier a été compressé de 751.78 KB à 430.72 KB, en économisant 42.71 % à l’aide de WP-Optimize 
[2026-02-04 10:13:45 : INFO] - Completed processing task with ID : 915, and type 'smush' 
[2026-02-04 10:13:45 : INFO] - Processing task with ID : 916, and type 'smush' 
[2026-02-04 10:13:45 : INFO] - Re_Smush_It_Task with attachment ID : 3157, autocreated on : February 04, 2026 10:11:06 
[2026-02-04 10:13:45 : INFO] - File: Image2.jpg, Compression quality: 85 
[2026-02-04 10:13:46 : INFO] - Backing up the original image - 2026/02/Image2-updraft-pre-smush-original.jpg 
[2026-02-04 10:13:46 : INFO] - There were no WebP conversion tools found on your server. 
[2026-02-04 10:13:46 : INFO] - Successfully optimized the image - /srv/data/web/vhosts/amisdebourronmarlotte.fr/htdocs/wp-content/uploads/2026/02/Image2.jpg.Le fichier a été compressé de 26.37 KB à 21.34 KB, en économisant 19.06 % à l’aide de WP-Optimize 
[2026-02-04 10:13:46 : INFO] - Completed processing task with ID : 916, and type 'smush' 
[2026-02-04 10:13:46 : INFO] - Lock option (updraft_lock_smush, abm_options) released 
[2026-02-04 10:13:46 : INFO] - Successfully processed the queue (smush). 2 tasks were processed out of 2. 
[2026-02-04 10:13:46 : INFO] - Lock option (updraft_lock_smush, abm_options) was deleted from the database 
[2026-02-04 10:13:46 : INFO] - Cleaning up tasks of type (smush). A total of 2 tasks will be deleted. 
[2026-02-04 10:15:11 : INFO] - Re_Smush_It_Task with attachment ID : 3158, autocreated on : February 04, 2026 10:15:11 
[2026-02-04 10:16:10 : INFO] - Re_Smush_It_Task with attachment ID : 3160, autocreated on : February 04, 2026 10:16:10 
[2026-02-04 10:16:44 : INFO] - Re_Smush_It_Task with attachment ID : 3161, autocreated on : February 04, 2026 10:16:44 
[2026-02-04 10:20:19 : INFO] - Re_Smush_It_Task with attachment ID : 3162, autocreated on : February 04, 2026 10:20:19 
[2026-02-04 10:23:37 : INFO] - Re_Smush_It_Task with attachment ID : 3163, autocreated on : February 04, 2026 10:23:37 
[2026-02-04 10:23:42 : INFO] - A total of 5 tasks of type smush found and will be processed in this iteration 
[2026-02-04 10:23:42 : DEBUG] - Lock option (updraft_lock_smush, abm_options) was created in the database 
[2026-02-04 10:23:42 : INFO] - Lock (updraft_lock_smush, abm_options) acquired after initialising the database 
[2026-02-04 10:23:42 : INFO] - Processing task with ID : 917, and type 'smush' 
[2026-02-04 10:23:42 : INFO] - Re_Smush_It_Task with attachment ID : 3158, autocreated on : February 04, 2026 10:15:11 
[2026-02-04 10:23:42 : INFO] - File: Image2-1.jpg, Compression quality: 85 
[2026-02-04 10:23:43 : INFO] - Backing up the original image - 2026/02/Image2-1-updraft-pre-smush-original.jpg 
[2026-02-04 10:23:43 : INFO] - There were no WebP conversion tools found on your server. 
[2026-02-04 10:23:43 : INFO] - Successfully optimized the image - /srv/data/web/vhosts/amisdebourronmarlotte.fr/htdocs/wp-content/uploads/2026/02/Image2-1.jpg.Le fichier a été compressé de 37.43 KB à 30.49 KB, en économisant 18.53 % à l’aide de WP-Optimize 
[2026-02-04 10:23:43 : INFO] - Completed processing task with ID : 917, and type 'smush' 
[2026-02-04 10:23:43 : INFO] - Processing task with ID : 918, and type 'smush' 
[2026-02-04 10:23:43 : INFO] - Re_Smush_It_Task with attachment ID : 3160, autocreated on : February 04, 2026 10:16:10 
[2026-02-04 10:23:43 : INFO] - File: Image2-2.jpg, Compression quality: 85 
[2026-02-04 10:23:44 : INFO] - Backing up the original image - 2026/02/Image2-2-updraft-pre-smush-original.jpg 
[2026-02-04 10:23:45 : INFO] - There were no WebP conversion tools found on your server. 
[2026-02-04 10:23:45 : INFO] - Successfully optimized the image - /srv/data/web/vhosts/amisdebourronmarlotte.fr/htdocs/wp-content/uploads/2026/02/Image2-2.jpg.Le fichier a été compressé de 37.43 KB à 30.49 KB, en économisant 18.53 % à l’aide de WP-Optimize 
[2026-02-04 10:23:45 : INFO] - Completed processing task with ID : 918, and type 'smush' 
[2026-02-04 10:23:45 : INFO] - Processing task with ID : 919, and type 'smush' 
[2026-02-04 10:23:45 : INFO] - Re_Smush_It_Task with attachment ID : 3161, autocreated on : February 04, 2026 10:16:44 
[2026-02-04 10:23:45 : INFO] - File: Image6.png, Compression quality: 85 
[2026-02-04 10:23:46 : INFO] - Backing up the original image - 2026/02/Image6-updraft-pre-smush-original.png 
[2026-02-04 10:23:47 : INFO] - There were no WebP conversion tools found on your server. 
[2026-02-04 10:23:47 : INFO] - Successfully optimized the image - /srv/data/web/vhosts/amisdebourronmarlotte.fr/htdocs/wp-content/uploads/2026/02/Image6.png.Le fichier a été compressé de 312.20 KB à 77.98 KB, en économisant 75.02 % à l’aide de WP-Optimize 
[2026-02-04 10:23:47 : INFO] - Completed processing task with ID : 919, and type 'smush' 
[2026-02-04 10:23:47 : INFO] - Processing task with ID : 920, and type 'smush' 
[2026-02-04 10:23:48 : INFO] - Re_Smush_It_Task with attachment ID : 3162, autocreated on : February 04, 2026 10:20:19 
[2026-02-04 10:23:48 : INFO] - File: Image3.jpg, Compression quality: 85 
[2026-02-04 10:23:48 : INFO] - Backing up the original image - 2026/02/Image3-updraft-pre-smush-original.jpg 
[2026-02-04 10:23:50 : INFO] - There were no WebP conversion tools found on your server. 
[2026-02-04 10:23:50 : INFO] - Successfully optimized the image - /srv/data/web/vhosts/amisdebourronmarlotte.fr/htdocs/wp-content/uploads/2026/02/Image3.jpg.Le fichier a été compressé de 211.38 KB à 175.32 KB, en économisant 17.06 % à l’aide de WP-Optimize 
[2026-02-04 10:23:50 : INFO] - Completed processing task with ID : 920, and type 'smush' 
[2026-02-04 10:23:50 : INFO] - Processing task with ID : 921, and type 'smush' 
[2026-02-04 10:23:50 : INFO] - Re_Smush_It_Task with attachment ID : 3163, autocreated on : February 04, 2026 10:23:37 
[2026-02-04 10:23:50 : INFO] - File: Image4-1.png, Compression quality: 85 
[2026-02-04 10:23:51 : INFO] - Backing up the original image - 2026/02/Image4-1-updraft-pre-smush-original.png 
[2026-02-04 10:23:52 : INFO] - There were no WebP conversion tools found on your server. 
[2026-02-04 10:23:52 : INFO] - Successfully optimized the image - /srv/data/web/vhosts/amisdebourronmarlotte.fr/htdocs/wp-content/uploads/2026/02/Image4-1.png.Le fichier a été compressé de 496.61 KB à 149.47 KB, en économisant 69.9 % à l’aide de WP-Optimize 
[2026-02-04 10:23:52 : INFO] - Completed processing task with ID : 921, and type 'smush' 
[2026-02-04 10:23:52 : INFO] - Lock option (updraft_lock_smush, abm_options) released 
[2026-02-04 10:23:52 : INFO] - Successfully processed the queue (smush). 5 tasks were processed out of 5. 
[2026-02-04 10:23:52 : INFO] - Lock option (updraft_lock_smush, abm_options) was deleted from the database 
[2026-02-04 10:23:52 : INFO] - Cleaning up tasks of type (smush). A total of 5 tasks will be deleted. 
[2026-02-04 10:29:37 : INFO] - Re_Smush_It_Task with attachment ID : 3164, autocreated on : February 04, 2026 10:29:37 
[2026-02-04 10:34:11 : INFO] - A total of 1 tasks of type smush found and will be processed in this iteration 
[2026-02-04 10:34:11 : DEBUG] - Lock option (updraft_lock_smush, abm_options) was created in the database 
[2026-02-04 10:34:11 : INFO] - Lock (updraft_lock_smush, abm_options) acquired after initialising the database 
[2026-02-04 10:34:11 : INFO] - Processing task with ID : 922, and type 'smush' 
[2026-02-04 10:34:11 : INFO] - Re_Smush_It_Task with attachment ID : 3164, autocreated on : February 04, 2026 10:29:37 
[2026-02-04 10:34:11 : INFO] - File: Image6.png, Compression quality: 85 
[2026-02-04 10:34:12 : INFO] - Backing up the original image - 2026/02/Image6-updraft-pre-smush-original.png 
[2026-02-04 10:34:14 : INFO] - There were no WebP conversion tools found on your server. 
[2026-02-04 10:34:14 : INFO] - Successfully optimized the image - /srv/data/web/vhosts/amisdebourronmarlotte.fr/htdocs/wp-content/uploads/2026/02/Image6.png.Le fichier a été compressé de 312.20 KB à 77.98 KB, en économisant 75.02 % à l’aide de WP-Optimize 
[2026-02-04 10:34:14 : INFO] - Completed processing task with ID : 922, and type 'smush' 
[2026-02-04 10:34:14 : INFO] - Lock option (updraft_lock_smush, abm_options) released 
[2026-02-04 10:34:14 : INFO] - Successfully processed the queue (smush). 1 tasks were processed out of 1. 
[2026-02-04 10:34:14 : INFO] - Lock option (updraft_lock_smush, abm_options) was deleted from the database 
[2026-02-04 10:34:14 : INFO] - Cleaning up tasks of type (smush). A total of 1 tasks will be deleted. 
[2026-02-22 08:48:48 : INFO] - Re_Smush_It_Task with attachment ID : 3176, autocreated on : February 22, 2026 08:48:48 
[2026-02-22 08:52:39 : INFO] - Re_Smush_It_Task with attachment ID : 3179, autocreated on : February 22, 2026 08:52:39 
[2026-02-22 08:53:52 : INFO] - A total of 2 tasks of type smush found and will be processed in this iteration 
[2026-02-22 08:53:52 : DEBUG] - Lock option (updraft_lock_smush, abm_options) was created in the database 
[2026-02-22 08:53:52 : INFO] - Lock (updraft_lock_smush, abm_options) acquired after initialising the database 
[2026-02-22 08:53:52 : INFO] - Processing task with ID : 923, and type 'smush' 
[2026-02-22 08:53:52 : INFO] - Re_Smush_It_Task with attachment ID : 3176, autocreated on : February 22, 2026 08:48:48 
[2026-02-22 08:53:52 : INFO] - File: Image1.jpg, Compression quality: 85 
[2026-02-22 08:53:53 : INFO] - Backing up the original image - 2026/02/Image1-updraft-pre-smush-original.jpg 
[2026-02-22 08:53:54 : INFO] - There were no WebP conversion tools found on your server. 
[2026-02-22 08:53:54 : INFO] - Successfully optimized the image - /srv/data/web/vhosts/amisdebourronmarlotte.fr/htdocs/wp-content/uploads/2026/02/Image1.jpg.Le fichier a été compressé de 148.47 KB à 121.27 KB, en économisant 18.32 % à l’aide de WP-Optimize 
[2026-02-22 08:53:54 : INFO] - Completed processing task with ID : 923, and type 'smush' 
[2026-02-22 08:53:54 : INFO] - Processing task with ID : 924, and type 'smush' 
[2026-02-22 08:53:54 : INFO] - Re_Smush_It_Task with attachment ID : 3179, autocreated on : February 22, 2026 08:52:39 
[2026-02-22 08:53:54 : INFO] - File: IMG_9820-scaled.jpg, Compression quality: 85 
[2026-02-22 08:53:55 : INFO] - Backing up the original image - 2026/02/IMG_9820-scaled-updraft-pre-smush-original.jpg 
[2026-02-22 08:53:58 : INFO] - There were no WebP conversion tools found on your server. 
[2026-02-22 08:53:58 : INFO] - Successfully optimized the image - /srv/data/web/vhosts/amisdebourronmarlotte.fr/htdocs/wp-content/uploads/2026/02/IMG_9820-scaled.jpg.Le fichier a été compressé de 555.30 KB à 538.05 KB, en économisant 3.11 % à l’aide de WP-Optimize 
[2026-02-22 08:53:58 : INFO] - Completed processing task with ID : 924, and type 'smush' 
[2026-02-22 08:53:58 : INFO] - Lock option (updraft_lock_smush, abm_options) released 
[2026-02-22 08:53:58 : INFO] - Successfully processed the queue (smush). 2 tasks were processed out of 2. 
[2026-02-22 08:53:58 : INFO] - Lock option (updraft_lock_smush, abm_options) was deleted from the database 
[2026-02-22 08:53:58 : INFO] - Cleaning up tasks of type (smush). A total of 2 tasks will be deleted. 
[2026-02-22 08:55:46 : INFO] - Re_Smush_It_Task with attachment ID : 3182, autocreated on : February 22, 2026 08:55:46 
[2026-02-22 08:57:05 : INFO] - Re_Smush_It_Task with attachment ID : 3183, autocreated on : February 22, 2026 08:57:05 
[2026-02-22 09:04:31 : INFO] - A total of 2 tasks of type smush found and will be processed in this iteration 
[2026-02-22 09:04:31 : DEBUG] - Lock option (updraft_lock_smush, abm_options) was created in the database 
[2026-02-22 09:04:31 : INFO] - Lock (updraft_lock_smush, abm_options) acquired after initialising the database 
[2026-02-22 09:04:31 : INFO] - Processing task with ID : 925, and type 'smush' 
[2026-02-22 09:04:31 : INFO] - Task with ID 925 and type (smush) failed with error code invalid_file_path - The linked attachment ID does not have a valid file path 
[2026-02-22 09:04:31 : INFO] - Processing task with ID : 926, and type 'smush' 
[2026-02-22 09:04:32 : INFO] - Re_Smush_It_Task with attachment ID : 3183, autocreated on : February 22, 2026 08:57:05 
[2026-02-22 09:04:32 : INFO] - File: Image1.jpg, Compression quality: 85 
[2026-02-22 09:04:32 : INFO] - Backing up the original image - 2026/02/Image1-updraft-pre-smush-original.jpg 
[2026-02-22 09:04:33 : INFO] - There were no WebP conversion tools found on your server. 
[2026-02-22 09:04:33 : INFO] - Successfully optimized the image - /srv/data/web/vhosts/amisdebourronmarlotte.fr/htdocs/wp-content/uploads/2026/02/Image1.jpg.Le fichier a été compressé de 70.88 KB à 57.95 KB, en économisant 18.24 % à l’aide de WP-Optimize 
[2026-02-22 09:04:33 : INFO] - Completed processing task with ID : 926, and type 'smush' 
[2026-02-22 09:04:33 : INFO] - Lock option (updraft_lock_smush, abm_options) released 
[2026-02-22 09:04:33 : INFO] - Successfully processed the queue (smush). 2 tasks were processed out of 2. 
[2026-02-22 09:04:34 : INFO] - Lock option (updraft_lock_smush, abm_options) was deleted from the database 
[2026-02-22 09:04:34 : INFO] - Cleaning up tasks of type (smush). A total of 1 tasks will be deleted. 
[2026-03-07 12:37:41 : INFO] - Re_Smush_It_Task with attachment ID : 3189, autocreated on : March 07, 2026 12:37:41 
[2026-03-07 12:40:53 : INFO] - Re_Smush_It_Task with attachment ID : 3190, autocreated on : March 07, 2026 12:40:53 
[2026-03-07 12:41:06 : INFO] - Re_Smush_It_Task with attachment ID : 3191, autocreated on : March 07, 2026 12:41:06 
[2026-03-07 12:42:20 : INFO] - Re_Smush_It_Task with attachment ID : 3192, autocreated on : March 07, 2026 12:42:19 
[2026-03-07 12:42:50 : INFO] - A total of 4 tasks of type smush found and will be processed in this iteration 
[2026-03-07 12:42:50 : DEBUG] - Lock option (updraft_lock_smush, abm_options) was created in the database 
[2026-03-07 12:42:50 : INFO] - Lock (updraft_lock_smush, abm_options) acquired after initialising the database 
[2026-03-07 12:42:50 : INFO] - Processing task with ID : 927, and type 'smush' 
[2026-03-07 12:42:51 : INFO] - Re_Smush_It_Task with attachment ID : 3189, autocreated on : March 07, 2026 12:37:41 
[2026-03-07 12:42:51 : INFO] - File: Image2.jpg, Compression quality: 85 
[2026-03-07 12:42:52 : INFO] - Backing up the original image - 2026/03/Image2-updraft-pre-smush-original.jpg 
[2026-03-07 12:42:53 : INFO] - There were no WebP conversion tools found on your server. 
[2026-03-07 12:42:53 : INFO] - Successfully optimized the image - /srv/data/web/vhosts/amisdebourronmarlotte.fr/htdocs/wp-content/uploads/2026/03/Image2.jpg.Le fichier a été compressé de 400.86 KB à 325.75 KB, en économisant 18.74 % à l’aide de WP-Optimize 
[2026-03-07 12:42:53 : INFO] - Completed processing task with ID : 927, and type 'smush' 
[2026-03-07 12:42:53 : INFO] - Processing task with ID : 928, and type 'smush' 
[2026-03-07 12:42:54 : INFO] - Re_Smush_It_Task with attachment ID : 3190, autocreated on : March 07, 2026 12:40:53 
[2026-03-07 12:42:54 : INFO] - File: Image3.jpg, Compression quality: 85 
[2026-03-07 12:42:54 : INFO] - Backing up the original image - 2026/03/Image3-updraft-pre-smush-original.jpg 
[2026-03-07 12:42:56 : INFO] - There were no WebP conversion tools found on your server. 
[2026-03-07 12:42:56 : INFO] - Successfully optimized the image - /srv/data/web/vhosts/amisdebourronmarlotte.fr/htdocs/wp-content/uploads/2026/03/Image3.jpg.Le fichier a été compressé de 32.52 KB à 26.77 KB, en économisant 17.66 % à l’aide de WP-Optimize 
[2026-03-07 12:42:56 : INFO] - Completed processing task with ID : 928, and type 'smush' 
[2026-03-07 12:42:56 : INFO] - Processing task with ID : 929, and type 'smush' 
[2026-03-07 12:42:56 : INFO] - Re_Smush_It_Task with attachment ID : 3191, autocreated on : March 07, 2026 12:41:06 
[2026-03-07 12:42:56 : INFO] - File: Image4.jpg, Compression quality: 85 
[2026-03-07 12:42:56 : INFO] - Backing up the original image - 2026/03/Image4-updraft-pre-smush-original.jpg 
[2026-03-07 12:42:58 : INFO] - There were no WebP conversion tools found on your server. 
[2026-03-07 12:42:58 : INFO] - Successfully optimized the image - /srv/data/web/vhosts/amisdebourronmarlotte.fr/htdocs/wp-content/uploads/2026/03/Image4.jpg.Le fichier a été compressé de 412.75 KB à 344.96 KB, en économisant 16.42 % à l’aide de WP-Optimize 
[2026-03-07 12:42:58 : INFO] - Completed processing task with ID : 929, and type 'smush' 
[2026-03-07 12:42:58 : INFO] - Processing task with ID : 930, and type 'smush' 
[2026-03-07 12:42:58 : INFO] - Re_Smush_It_Task with attachment ID : 3192, autocreated on : March 07, 2026 12:42:19 
[2026-03-07 12:42:58 : INFO] - File: Image9.jpg, Compression quality: 85 
[2026-03-07 12:42:59 : INFO] - Backing up the original image - 2026/03/Image9-updraft-pre-smush-original.jpg 
[2026-03-07 12:43:02 : INFO] - There were no WebP conversion tools found on your server. 
[2026-03-07 12:43:02 : INFO] - Successfully optimized the image - /srv/data/web/vhosts/amisdebourronmarlotte.fr/htdocs/wp-content/uploads/2026/03/Image9.jpg.Le fichier a été compressé de 482.58 KB à 406.49 KB, en économisant 15.77 % à l’aide de WP-Optimize 
[2026-03-07 12:43:02 : INFO] - Completed processing task with ID : 930, and type 'smush' 
[2026-03-07 12:43:02 : INFO] - Lock option (updraft_lock_smush, abm_options) released 
[2026-03-07 12:43:02 : INFO] - Successfully processed the queue (smush). 4 tasks were processed out of 4. 
[2026-03-07 12:43:02 : INFO] - Lock option (updraft_lock_smush, abm_options) was deleted from the database 
[2026-03-07 12:43:02 : INFO] - Cleaning up tasks of type (smush). A total of 4 tasks will be deleted. 
[2026-03-07 12:48:28 : INFO] - Re_Smush_It_Task with attachment ID : 3193, autocreated on : March 07, 2026 12:48:28 
[2026-03-07 12:52:51 : INFO] - A total of 1 tasks of type smush found and will be processed in this iteration 
[2026-03-07 12:52:51 : DEBUG] - Lock option (updraft_lock_smush, abm_options) was created in the database 
[2026-03-07 12:52:51 : INFO] - Lock (updraft_lock_smush, abm_options) acquired after initialising the database 
[2026-03-07 12:52:51 : INFO] - Processing task with ID : 931, and type 'smush' 
[2026-03-07 12:52:51 : INFO] - Re_Smush_It_Task with attachment ID : 3193, autocreated on : March 07, 2026 12:48:28 
[2026-03-07 12:52:51 : INFO] - File: Image10.jpg, Compression quality: 85 
[2026-03-07 12:52:52 : INFO] - Backing up the original image - 2026/03/Image10-updraft-pre-smush-original.jpg 
[2026-03-07 12:52:55 : INFO] - There were no WebP conversion tools found on your server. 
[2026-03-07 12:52:55 : INFO] - Successfully optimized the image - /srv/data/web/vhosts/amisdebourronmarlotte.fr/htdocs/wp-content/uploads/2026/03/Image10.jpg.Le fichier a été compressé de 560.47 KB à 474.88 KB, en économisant 15.27 % à l’aide de WP-Optimize 
[2026-03-07 12:52:55 : INFO] - Completed processing task with ID : 931, and type 'smush' 
[2026-03-07 12:52:55 : INFO] - Lock option (updraft_lock_smush, abm_options) released 
[2026-03-07 12:52:55 : INFO] - Successfully processed the queue (smush). 1 tasks were processed out of 1. 
[2026-03-07 12:52:55 : INFO] - Lock option (updraft_lock_smush, abm_options) was deleted from the database 
[2026-03-07 12:52:55 : INFO] - Cleaning up tasks of type (smush). A total of 1 tasks will be deleted. 
[2026-03-07 12:58:38 : INFO] - Re_Smush_It_Task with attachment ID : 3195, autocreated on : March 07, 2026 12:58:38 
[2026-03-07 13:01:30 : INFO] - Re_Smush_It_Task with attachment ID : 3197, autocreated on : March 07, 2026 01:01:30 
[2026-03-07 13:03:21 : INFO] - A total of 2 tasks of type smush found and will be processed in this iteration 
[2026-03-07 13:03:21 : DEBUG] - Lock option (updraft_lock_smush, abm_options) was created in the database 
[2026-03-07 13:03:21 : INFO] - Lock (updraft_lock_smush, abm_options) acquired after initialising the database 
[2026-03-07 13:03:21 : INFO] - Processing task with ID : 932, and type 'smush' 
[2026-03-07 13:03:21 : INFO] - Re_Smush_It_Task with attachment ID : 3195, autocreated on : March 07, 2026 12:58:38 
[2026-03-07 13:03:21 : INFO] - File: Image7.jpg, Compression quality: 85 
[2026-03-07 13:03:21 : INFO] - Backing up the original image - 2026/03/Image7-updraft-pre-smush-original.jpg 
[2026-03-07 13:03:22 : INFO] - There were no WebP conversion tools found on your server. 
[2026-03-07 13:03:22 : INFO] - Successfully optimized the image - /srv/data/web/vhosts/amisdebourronmarlotte.fr/htdocs/wp-content/uploads/2026/03/Image7.jpg.Le fichier a été compressé de 56.43 KB à 46.63 KB, en économisant 17.37 % à l’aide de WP-Optimize 
[2026-03-07 13:03:22 : INFO] - Completed processing task with ID : 932, and type 'smush' 
[2026-03-07 13:03:22 : INFO] - Processing task with ID : 933, and type 'smush' 
[2026-03-07 13:03:23 : INFO] - Re_Smush_It_Task with attachment ID : 3197, autocreated on : March 07, 2026 01:01:30 
[2026-03-07 13:03:23 : INFO] - File: Image8.jpg, Compression quality: 85 
[2026-03-07 13:03:23 : INFO] - Backing up the original image - 2026/03/Image8-updraft-pre-smush-original.jpg 
[2026-03-07 13:03:25 : INFO] - There were no WebP conversion tools found on your server. 
[2026-03-07 13:03:25 : INFO] - Successfully optimized the image - /srv/data/web/vhosts/amisdebourronmarlotte.fr/htdocs/wp-content/uploads/2026/03/Image8.jpg.Le fichier a été compressé de 348.59 KB à 288.88 KB, en économisant 17.13 % à l’aide de WP-Optimize 
[2026-03-07 13:03:25 : INFO] - Completed processing task with ID : 933, and type 'smush' 
[2026-03-07 13:03:25 : INFO] - Lock option (updraft_lock_smush, abm_options) released 
[2026-03-07 13:03:25 : INFO] - Successfully processed the queue (smush). 2 tasks were processed out of 2. 
[2026-03-07 13:03:25 : INFO] - Lock option (updraft_lock_smush, abm_options) was deleted from the database 
[2026-03-07 13:03:25 : INFO] - Cleaning up tasks of type (smush). A total of 2 tasks will be deleted. 
[2026-03-07 13:06:30 : INFO] - Re_Smush_It_Task with attachment ID : 3199, autocreated on : March 07, 2026 01:06:30 
[2026-03-07 13:13:23 : INFO] - A total of 1 tasks of type smush found and will be processed in this iteration 
[2026-03-07 13:13:23 : DEBUG] - Lock option (updraft_lock_smush, abm_options) was created in the database 
[2026-03-07 13:13:23 : INFO] - Lock (updraft_lock_smush, abm_options) acquired after initialising the database 
[2026-03-07 13:13:23 : INFO] - Processing task with ID : 934, and type 'smush' 
[2026-03-07 13:13:23 : INFO] - Re_Smush_It_Task with attachment ID : 3199, autocreated on : March 07, 2026 01:06:30 
[2026-03-07 13:13:23 : INFO] - File: Chateau-Joyeux-1-scaled.jpg, Compression quality: 85 
[2026-03-07 13:13:24 : INFO] - Backing up the original image - 2026/03/Chateau-Joyeux-1-scaled-updraft-pre-smush-original.jpg 
[2026-03-07 13:13:27 : INFO] - There were no WebP conversion tools found on your server. 
[2026-03-07 13:13:27 : INFO] - Successfully optimized the image - /srv/data/web/vhosts/amisdebourronmarlotte.fr/htdocs/wp-content/uploads/2026/03/Chateau-Joyeux-1-scaled.jpg.Le fichier a été compressé de 938.23 KB à 936.83 KB, en économisant 0.15 % à l’aide de WP-Optimize 
[2026-03-07 13:13:27 : INFO] - Completed processing task with ID : 934, and type 'smush' 
[2026-03-07 13:13:27 : INFO] - Lock option (updraft_lock_smush, abm_options) released 
[2026-03-07 13:13:27 : INFO] - Successfully processed the queue (smush). 1 tasks were processed out of 1. 
[2026-03-07 13:13:27 : INFO] - Lock option (updraft_lock_smush, abm_options) was deleted from the database 
[2026-03-07 13:13:27 : INFO] - Cleaning up tasks of type (smush). A total of 1 tasks will be deleted. 
[2026-03-14 14:40:06 : INFO] - Re_Smush_It_Task with attachment ID : 3206, autocreated on : March 14, 2026 02:40:06 
[2026-03-14 14:41:17 : INFO] - Re_Smush_It_Task with attachment ID : 3208, autocreated on : March 14, 2026 02:41:17 
[2026-03-14 14:46:57 : INFO] - A total of 2 tasks of type smush found and will be processed in this iteration 
[2026-03-14 14:46:57 : DEBUG] - Lock option (updraft_lock_smush, abm_options) was created in the database 
[2026-03-14 14:46:57 : INFO] - Lock (updraft_lock_smush, abm_options) acquired after initialising the database 
[2026-03-14 14:46:57 : INFO] - Processing task with ID : 935, and type 'smush' 
[2026-03-14 14:46:57 : INFO] - Task with ID 935 and type (smush) failed with error code exceeded_max_filesize - /srv/data/web/vhosts/amisdebourronmarlotte.fr/htdocs/wp-content/uploads/2026/03/Conference-des-Amis-de-Bourron-Marlotte-1.png - cannot be optimized, file size is above service provider limit 
[2026-03-14 14:46:57 : INFO] - Processing task with ID : 936, and type 'smush' 
[2026-03-14 14:46:57 : INFO] - Re_Smush_It_Task with attachment ID : 3208, autocreated on : March 14, 2026 02:41:17 
[2026-03-14 14:46:57 : INFO] - File: Degradation_alfred_dreyfus-scaled.jpg, Compression quality: 85 
[2026-03-14 14:46:58 : INFO] - Backing up the original image - 2026/03/Degradation_alfred_dreyfus-scaled-updraft-pre-smush-original.jpg 
[2026-03-14 14:47:03 : INFO] - There were no WebP conversion tools found on your server. 
[2026-03-14 14:47:03 : INFO] - Successfully optimized the image - /srv/data/web/vhosts/amisdebourronmarlotte.fr/htdocs/wp-content/uploads/2026/03/Degradation_alfred_dreyfus-scaled.jpg.Le fichier a été compressé de 1.94 MB à 1.88 MB, en économisant 3.12 % à l’aide de WP-Optimize 
[2026-03-14 14:47:03 : INFO] - Completed processing task with ID : 936, and type 'smush' 
[2026-03-14 14:47:03 : INFO] - Lock option (updraft_lock_smush, abm_options) released 
[2026-03-14 14:47:03 : INFO] - Successfully processed the queue (smush). 2 tasks were processed out of 2. 
[2026-03-14 14:47:03 : INFO] - Lock option (updraft_lock_smush, abm_options) was deleted from the database 
[2026-03-14 14:47:03 : INFO] - Cleaning up tasks of type (smush). A total of 1 tasks will be deleted. 
[2026-04-03 16:23:14 : INFO] - Re_Smush_It_Task with attachment ID : 3216, autocreated on : April 03, 2026 04:23:14 
[2026-04-03 16:24:41 : INFO] - Re_Smush_It_Task with attachment ID : 3217, autocreated on : April 03, 2026 04:24:41 
[2026-04-03 16:28:16 : INFO] - A total of 2 tasks of type smush found and will be processed in this iteration 
[2026-04-03 16:28:16 : DEBUG] - Lock option (updraft_lock_smush, abm_options) was created in the database 
[2026-04-03 16:28:16 : INFO] - Lock (updraft_lock_smush, abm_options) acquired after initialising the database 
[2026-04-03 16:28:16 : INFO] - Processing task with ID : 937, and type 'smush' 
[2026-04-03 16:28:16 : INFO] - Re_Smush_It_Task with attachment ID : 3216, autocreated on : April 03, 2026 04:23:14 
[2026-04-03 16:28:16 : INFO] - File: Image1.jpg, Compression quality: 85 
[2026-04-03 16:28:17 : INFO] - Backing up the original image - 2026/04/Image1-updraft-pre-smush-original.jpg 
[2026-04-03 16:28:18 : INFO] - There were no WebP conversion tools found on your server. 
[2026-04-03 16:28:18 : INFO] - Successfully optimized the image - /srv/data/web/vhosts/amisdebourronmarlotte.fr/htdocs/wp-content/uploads/2026/04/Image1.jpg.Le fichier a été compressé de 33.59 KB à 27.11 KB, en économisant 19.3 % à l’aide de WP-Optimize 
[2026-04-03 16:28:18 : INFO] - Completed processing task with ID : 937, and type 'smush' 
[2026-04-03 16:28:18 : INFO] - Processing task with ID : 938, and type 'smush' 
[2026-04-03 16:28:18 : INFO] - Re_Smush_It_Task with attachment ID : 3217, autocreated on : April 03, 2026 04:24:41 
[2026-04-03 16:28:18 : INFO] - File: Image1-1.jpg, Compression quality: 85 
[2026-04-03 16:28:18 : INFO] - Backing up the original image - 2026/04/Image1-1-updraft-pre-smush-original.jpg 
[2026-04-03 16:28:19 : INFO] - There were no WebP conversion tools found on your server. 
[2026-04-03 16:28:19 : INFO] - Successfully optimized the image - /srv/data/web/vhosts/amisdebourronmarlotte.fr/htdocs/wp-content/uploads/2026/04/Image1-1.jpg.Le fichier a été compressé de 33.59 KB à 27.11 KB, en économisant 19.3 % à l’aide de WP-Optimize 
[2026-04-03 16:28:19 : INFO] - Completed processing task with ID : 938, and type 'smush' 
[2026-04-03 16:28:19 : INFO] - Lock option (updraft_lock_smush, abm_options) released 
[2026-04-03 16:28:19 : INFO] - Successfully processed the queue (smush). 2 tasks were processed out of 2. 
[2026-04-03 16:28:19 : INFO] - Lock option (updraft_lock_smush, abm_options) was deleted from the database 
[2026-04-03 16:28:19 : INFO] - Cleaning up tasks of type (smush). A total of 2 tasks will be deleted. 
[2026-04-03 16:30:10 : INFO] - Re_Smush_It_Task with attachment ID : 3219, autocreated on : April 03, 2026 04:30:10 
[2026-04-03 16:34:40 : INFO] - Re_Smush_It_Task with attachment ID : 3220, autocreated on : April 03, 2026 04:34:40 
[2026-04-03 16:35:49 : INFO] - Re_Smush_It_Task with attachment ID : 3221, autocreated on : April 03, 2026 04:35:49 
[2026-04-03 16:36:46 : INFO] - Re_Smush_It_Task with attachment ID : 3222, autocreated on : April 03, 2026 04:36:46 
[2026-04-03 16:38:17 : INFO] - A total of 4 tasks of type smush found and will be processed in this iteration 
[2026-04-03 16:38:17 : DEBUG] - Lock option (updraft_lock_smush, abm_options) was created in the database 
[2026-04-03 16:38:17 : INFO] - Lock (updraft_lock_smush, abm_options) acquired after initialising the database 
[2026-04-03 16:38:17 : INFO] - Processing task with ID : 939, and type 'smush' 
[2026-04-03 16:38:17 : INFO] - Re_Smush_It_Task with attachment ID : 3219, autocreated on : April 03, 2026 04:30:10 
[2026-04-03 16:38:17 : INFO] - File: Image2.jpg, Compression quality: 85 
[2026-04-03 16:38:17 : INFO] - Backing up the original image - 2026/04/Image2-updraft-pre-smush-original.jpg 
[2026-04-03 16:38:18 : INFO] - There were no WebP conversion tools found on your server. 
[2026-04-03 16:38:18 : INFO] - Successfully optimized the image - /srv/data/web/vhosts/amisdebourronmarlotte.fr/htdocs/wp-content/uploads/2026/04/Image2.jpg.Le fichier a été compressé de 103.96 KB à 83.63 KB, en économisant 19.55 % à l’aide de WP-Optimize 
[2026-04-03 16:38:18 : INFO] - Completed processing task with ID : 939, and type 'smush' 
[2026-04-03 16:38:18 : INFO] - Processing task with ID : 940, and type 'smush' 
[2026-04-03 16:38:18 : INFO] - Re_Smush_It_Task with attachment ID : 3220, autocreated on : April 03, 2026 04:34:40 
[2026-04-03 16:38:18 : INFO] - File: Image3.jpg, Compression quality: 85 
[2026-04-03 16:38:19 : INFO] - Backing up the original image - 2026/04/Image3-updraft-pre-smush-original.jpg 
[2026-04-03 16:38:22 : INFO] - There were no WebP conversion tools found on your server. 
[2026-04-03 16:38:22 : INFO] - Successfully optimized the image - /srv/data/web/vhosts/amisdebourronmarlotte.fr/htdocs/wp-content/uploads/2026/04/Image3.jpg.Le fichier a été compressé de 215.66 KB à 174.24 KB, en économisant 19.21 % à l’aide de WP-Optimize 
[2026-04-03 16:38:22 : INFO] - Completed processing task with ID : 940, and type 'smush' 
[2026-04-03 16:38:22 : INFO] - Processing task with ID : 941, and type 'smush' 
[2026-04-03 16:38:22 : INFO] - Re_Smush_It_Task with attachment ID : 3221, autocreated on : April 03, 2026 04:35:49 
[2026-04-03 16:38:22 : INFO] - File: Image4.jpg, Compression quality: 85 
[2026-04-03 16:38:22 : INFO] - Backing up the original image - 2026/04/Image4-updraft-pre-smush-original.jpg 
[2026-04-03 16:38:23 : INFO] - There were no WebP conversion tools found on your server. 
[2026-04-03 16:38:23 : INFO] - Successfully optimized the image - /srv/data/web/vhosts/amisdebourronmarlotte.fr/htdocs/wp-content/uploads/2026/04/Image4.jpg.Le fichier a été compressé de 33.91 KB à 26.90 KB, en économisant 20.67 % à l’aide de WP-Optimize 
[2026-04-03 16:38:23 : INFO] - Completed processing task with ID : 941, and type 'smush' 
[2026-04-03 16:38:23 : INFO] - Processing task with ID : 942, and type 'smush' 
[2026-04-03 16:38:23 : INFO] - Re_Smush_It_Task with attachment ID : 3222, autocreated on : April 03, 2026 04:36:46 
[2026-04-03 16:38:23 : INFO] - File: Image5.jpg, Compression quality: 85 
[2026-04-03 16:38:24 : INFO] - Backing up the original image - 2026/04/Image5-updraft-pre-smush-original.jpg 
[2026-04-03 16:38:26 : INFO] - There were no WebP conversion tools found on your server. 
[2026-04-03 16:38:26 : INFO] - Successfully optimized the image - /srv/data/web/vhosts/amisdebourronmarlotte.fr/htdocs/wp-content/uploads/2026/04/Image5.jpg.Le fichier a été compressé de 175.04 KB à 139.13 KB, en économisant 20.52 % à l’aide de WP-Optimize 
[2026-04-03 16:38:26 : INFO] - Completed processing task with ID : 942, and type 'smush' 
[2026-04-03 16:38:26 : INFO] - Lock option (updraft_lock_smush, abm_options) released 
[2026-04-03 16:38:26 : INFO] - Successfully processed the queue (smush). 4 tasks were processed out of 4. 
[2026-04-03 16:38:26 : INFO] - Lock option (updraft_lock_smush, abm_options) was deleted from the database 
[2026-04-03 16:38:26 : INFO] - Cleaning up tasks of type (smush). A total of 4 tasks will be deleted. 
[2026-04-03 16:50:57 : INFO] - Re_Smush_It_Task with attachment ID : 3226, autocreated on : April 03, 2026 04:50:57 
[2026-04-03 16:55:58 : INFO] - A total of 1 tasks of type smush found and will be processed in this iteration 
[2026-04-03 16:55:58 : DEBUG] - Lock option (updraft_lock_smush, abm_options) was created in the database 
[2026-04-03 16:55:58 : INFO] - Lock (updraft_lock_smush, abm_options) acquired after initialising the database 
[2026-04-03 16:55:58 : INFO] - Processing task with ID : 943, and type 'smush' 
[2026-04-03 16:55:58 : INFO] - Re_Smush_It_Task with attachment ID : 3226, autocreated on : April 03, 2026 04:50:57 
[2026-04-03 16:55:58 : INFO] - File: Diriks-scaled.jpg, Compression quality: 85 
[2026-04-03 16:55:59 : INFO] - Backing up the original image - 2026/04/Diriks-scaled-updraft-pre-smush-original.jpg 
[2026-04-03 16:56:03 : INFO] - There were no WebP conversion tools found on your server. 
[2026-04-03 16:56:03 : INFO] - Successfully optimized the image - /srv/data/web/vhosts/amisdebourronmarlotte.fr/htdocs/wp-content/uploads/2026/04/Diriks-scaled.jpg.Le fichier a été compressé de 469.48 KB à 444.64 KB, en économisant 5.29 % à l’aide de WP-Optimize 
[2026-04-03 16:56:03 : INFO] - Completed processing task with ID : 943, and type 'smush' 
[2026-04-03 16:56:03 : INFO] - Lock option (updraft_lock_smush, abm_options) released 
[2026-04-03 16:56:03 : INFO] - Successfully processed the queue (smush). 1 tasks were processed out of 1. 
[2026-04-03 16:56:03 : INFO] - Lock option (updraft_lock_smush, abm_options) was deleted from the database 
[2026-04-03 16:56:03 : INFO] - Cleaning up tasks of type (smush). A total of 1 tasks will be deleted. 
[2026-04-05 08:23:33 : INFO] - Re_Smush_It_Task with attachment ID : 3235, autocreated on : April 05, 2026 08:23:33 
[2026-04-05 08:23:41 : INFO] - Re_Smush_It_Task with attachment ID : 3236, autocreated on : April 05, 2026 08:23:41 
[2026-04-05 08:23:55 : INFO] - Re_Smush_It_Task with attachment ID : 3237, autocreated on : April 05, 2026 08:23:55 
[2026-04-05 08:24:03 : INFO] - Re_Smush_It_Task with attachment ID : 3238, autocreated on : April 05, 2026 08:24:03 
[2026-04-05 08:28:37 : INFO] - A total of 4 tasks of type smush found and will be processed in this iteration 
[2026-04-05 08:28:37 : DEBUG] - Lock option (updraft_lock_smush, abm_options) was created in the database 
[2026-04-05 08:28:37 : INFO] - Lock (updraft_lock_smush, abm_options) acquired after initialising the database 
[2026-04-05 08:28:37 : INFO] - Processing task with ID : 944, and type 'smush' 
[2026-04-05 08:28:37 : INFO] - Re_Smush_It_Task with attachment ID : 3235, autocreated on : April 05, 2026 08:23:33 
[2026-04-05 08:28:37 : INFO] - File: Image1.jpg, Compression quality: 85 
[2026-04-05 08:28:38 : INFO] - Backing up the original image - 2026/04/Image1-updraft-pre-smush-original.jpg 
[2026-04-05 08:28:39 : INFO] - There were no WebP conversion tools found on your server. 
[2026-04-05 08:28:39 : INFO] - Successfully optimized the image - /srv/data/web/vhosts/amisdebourronmarlotte.fr/htdocs/wp-content/uploads/2026/04/Image1.jpg.Le fichier a été compressé de 52.57 KB à 43.89 KB, en économisant 16.51 % à l’aide de WP-Optimize 
[2026-04-05 08:28:39 : INFO] - Completed processing task with ID : 944, and type 'smush' 
[2026-04-05 08:28:39 : INFO] - Processing task with ID : 945, and type 'smush' 
[2026-04-05 08:28:40 : INFO] - Re_Smush_It_Task with attachment ID : 3236, autocreated on : April 05, 2026 08:23:41 
[2026-04-05 08:28:40 : INFO] - File: Image3-1.jpg, Compression quality: 85 
[2026-04-05 08:28:40 : INFO] - Backing up the original image - 2026/04/Image3-1-updraft-pre-smush-original.jpg 
[2026-04-05 08:28:41 : INFO] - There were no WebP conversion tools found on your server. 
[2026-04-05 08:28:41 : INFO] - Successfully optimized the image - /srv/data/web/vhosts/amisdebourronmarlotte.fr/htdocs/wp-content/uploads/2026/04/Image3-1.jpg.Le fichier a été compressé de 41.54 KB à 35.16 KB, en économisant 15.37 % à l’aide de WP-Optimize 
[2026-04-05 08:28:41 : INFO] - Completed processing task with ID : 945, and type 'smush' 
[2026-04-05 08:28:41 : INFO] - Processing task with ID : 946, and type 'smush' 
[2026-04-05 08:28:41 : INFO] - Re_Smush_It_Task with attachment ID : 3237, autocreated on : April 05, 2026 08:23:55 
[2026-04-05 08:28:41 : INFO] - File: Image2-1.jpg, Compression quality: 85 
[2026-04-05 08:28:42 : INFO] - Backing up the original image - 2026/04/Image2-1-updraft-pre-smush-original.jpg 
[2026-04-05 08:28:43 : INFO] - There were no WebP conversion tools found on your server. 
[2026-04-05 08:28:43 : INFO] - Successfully optimized the image - /srv/data/web/vhosts/amisdebourronmarlotte.fr/htdocs/wp-content/uploads/2026/04/Image2-1.jpg.Le fichier a été compressé de 47.27 KB à 39.91 KB, en économisant 15.56 % à l’aide de WP-Optimize 
[2026-04-05 08:28:43 : INFO] - Completed processing task with ID : 946, and type 'smush' 
[2026-04-05 08:28:43 : INFO] - Processing task with ID : 947, and type 'smush' 
[2026-04-05 08:28:43 : INFO] - Re_Smush_It_Task with attachment ID : 3238, autocreated on : April 05, 2026 08:24:03 
[2026-04-05 08:28:43 : INFO] - File: Image3-2.jpg, Compression quality: 85 
[2026-04-05 08:28:43 : INFO] - Backing up the original image - 2026/04/Image3-2-updraft-pre-smush-original.jpg 
[2026-04-05 08:28:44 : INFO] - There were no WebP conversion tools found on your server. 
[2026-04-05 08:28:44 : INFO] - Successfully optimized the image - /srv/data/web/vhosts/amisdebourronmarlotte.fr/htdocs/wp-content/uploads/2026/04/Image3-2.jpg.Le fichier a été compressé de 41.54 KB à 35.16 KB, en économisant 15.37 % à l’aide de WP-Optimize 
[2026-04-05 08:28:44 : INFO] - Completed processing task with ID : 947, and type 'smush' 
[2026-04-05 08:28:45 : INFO] - Lock option (updraft_lock_smush, abm_options) released 
[2026-04-05 08:28:45 : INFO] - Successfully processed the queue (smush). 4 tasks were processed out of 4. 
[2026-04-05 08:28:45 : INFO] - Lock option (updraft_lock_smush, abm_options) was deleted from the database 
[2026-04-05 08:28:45 : INFO] - Cleaning up tasks of type (smush). A total of 4 tasks will be deleted. 
[2026-04-13 15:37:16 : INFO] - Re_Smush_It_Task with attachment ID : 3266, autocreated on : April 13, 2026 03:37:16 
[2026-04-13 15:37:31 : INFO] - Re_Smush_It_Task with attachment ID : 3267, autocreated on : April 13, 2026 03:37:31 
[2026-04-13 15:37:38 : INFO] - Re_Smush_It_Task with attachment ID : 3268, autocreated on : April 13, 2026 03:37:38 
[2026-04-13 15:37:51 : INFO] - Re_Smush_It_Task with attachment ID : 3269, autocreated on : April 13, 2026 03:37:51 
[2026-04-13 15:43:34 : INFO] - A total of 4 tasks of type smush found and will be processed in this iteration 
[2026-04-13 15:43:34 : DEBUG] - Lock option (updraft_lock_smush, abm_options) was created in the database 
[2026-04-13 15:43:34 : INFO] - Lock (updraft_lock_smush, abm_options) acquired after initialising the database 
[2026-04-13 15:43:34 : INFO] - Processing task with ID : 948, and type 'smush' 
[2026-04-13 15:43:34 : INFO] - Re_Smush_It_Task with attachment ID : 3266, autocreated on : April 13, 2026 03:37:16 
[2026-04-13 15:43:34 : INFO] - File: IMG_0418-scaled.jpg, Compression quality: 85 
[2026-04-13 15:43:35 : INFO] - Backing up the original image - 2026/04/IMG_0418-scaled-updraft-pre-smush-original.jpg 
[2026-04-13 15:43:38 : INFO] - There were no WebP conversion tools found on your server. 
[2026-04-13 15:43:38 : INFO] - Successfully optimized the image - /srv/data/web/vhosts/amisdebourronmarlotte.fr/htdocs/wp-content/uploads/2026/04/IMG_0418-scaled.jpg.Le fichier a été compressé de 520.89 KB à 516.18 KB, en économisant 0.9 % à l’aide de WP-Optimize 
[2026-04-13 15:43:38 : INFO] - Completed processing task with ID : 948, and type 'smush' 
[2026-04-13 15:43:38 : INFO] - Processing task with ID : 949, and type 'smush' 
[2026-04-13 15:43:38 : INFO] - Re_Smush_It_Task with attachment ID : 3267, autocreated on : April 13, 2026 03:37:31 
[2026-04-13 15:43:38 : INFO] - File: IMG_0419-scaled.jpg, Compression quality: 85 
[2026-04-13 15:43:39 : INFO] - Backing up the original image - 2026/04/IMG_0419-scaled-updraft-pre-smush-original.jpg 
[2026-04-13 15:43:44 : INFO] - There were no WebP conversion tools found on your server. 
[2026-04-13 15:43:44 : INFO] - Successfully optimized the image - /srv/data/web/vhosts/amisdebourronmarlotte.fr/htdocs/wp-content/uploads/2026/04/IMG_0419-scaled.jpg.Le fichier a été compressé de 591.65 KB à 583.68 KB, en économisant 1.35 % à l’aide de WP-Optimize 
[2026-04-13 15:43:44 : INFO] - Completed processing task with ID : 949, and type 'smush' 
[2026-04-13 15:43:44 : INFO] - Processing task with ID : 950, and type 'smush' 
[2026-04-13 15:43:44 : INFO] - Re_Smush_It_Task with attachment ID : 3268, autocreated on : April 13, 2026 03:37:38 
[2026-04-13 15:43:44 : INFO] - File: IMG_6304-scaled.jpg, Compression quality: 85 
[2026-04-13 15:43:44 : INFO] - Backing up the original image - 2026/04/IMG_6304-scaled-updraft-pre-smush-original.jpg 
[2026-04-13 15:43:49 : INFO] - There were no WebP conversion tools found on your server. 
[2026-04-13 15:43:49 : INFO] - Successfully optimized the image - /srv/data/web/vhosts/amisdebourronmarlotte.fr/htdocs/wp-content/uploads/2026/04/IMG_6304-scaled.jpg.Le fichier a été compressé de 477.62 KB à 476.36 KB, en économisant 0.26 % à l’aide de WP-Optimize 
[2026-04-13 15:43:49 : INFO] - Completed processing task with ID : 950, and type 'smush' 
[2026-04-13 15:43:49 : INFO] - Processing task with ID : 951, and type 'smush' 
[2026-04-13 15:43:49 : INFO] - Re_Smush_It_Task with attachment ID : 3269, autocreated on : April 13, 2026 03:37:51 
[2026-04-13 15:43:49 : INFO] - File: IMG_6305-scaled.jpg, Compression quality: 85 
[2026-04-13 15:43:50 : INFO] - Backing up the original image - 2026/04/IMG_6305-scaled-updraft-pre-smush-original.jpg 
[2026-04-13 15:43:54 : INFO] - There were no WebP conversion tools found on your server. 
[2026-04-13 15:43:54 : INFO] - Successfully optimized the image - /srv/data/web/vhosts/amisdebourronmarlotte.fr/htdocs/wp-content/uploads/2026/04/IMG_6305-scaled.jpg.Le fichier a été compressé de 549.36 KB à 548.42 KB, en économisant 0.17 % à l’aide de WP-Optimize 
[2026-04-13 15:43:54 : INFO] - Completed processing task with ID : 951, and type 'smush' 
[2026-04-13 15:43:54 : INFO] - Lock option (updraft_lock_smush, abm_options) released 
[2026-04-13 15:43:54 : INFO] - Successfully processed the queue (smush). 4 tasks were processed out of 4. 
[2026-04-13 15:43:54 : INFO] - Lock option (updraft_lock_smush, abm_options) was deleted from the database 
[2026-04-13 15:43:54 : INFO] - Cleaning up tasks of type (smush). A total of 4 tasks will be deleted. 
[2026-04-13 15:53:28 : INFO] - Re_Smush_It_Task with attachment ID : 3270, autocreated on : April 13, 2026 03:53:28 
[2026-04-13 15:53:36 : INFO] - A total of 1 tasks of type smush found and will be processed in this iteration 
[2026-04-13 15:53:36 : DEBUG] - Lock option (updraft_lock_smush, abm_options) was created in the database 
[2026-04-13 15:53:36 : INFO] - Lock (updraft_lock_smush, abm_options) acquired after initialising the database 
[2026-04-13 15:53:36 : INFO] - Processing task with ID : 952, and type 'smush' 
[2026-04-13 15:53:36 : INFO] - Re_Smush_It_Task with attachment ID : 3270, autocreated on : April 13, 2026 03:53:28 
[2026-04-13 15:53:36 : INFO] - File: Image4-1.jpg, Compression quality: 85 
[2026-04-13 15:53:36 : INFO] - Backing up the original image - 2026/04/Image4-1-updraft-pre-smush-original.jpg 
[2026-04-13 15:53:39 : INFO] - There were no WebP conversion tools found on your server. 
[2026-04-13 15:53:39 : INFO] - Successfully optimized the image - /srv/data/web/vhosts/amisdebourronmarlotte.fr/htdocs/wp-content/uploads/2026/04/Image4-1.jpg.Le fichier a été compressé de 238.25 KB à 197.68 KB, en économisant 17.03 % à l’aide de WP-Optimize 
[2026-04-13 15:53:39 : INFO] - Completed processing task with ID : 952, and type 'smush' 
[2026-04-13 15:53:39 : INFO] - Lock option (updraft_lock_smush, abm_options) released 
[2026-04-13 15:53:39 : INFO] - Successfully processed the queue (smush). 1 tasks were processed out of 1. 
[2026-04-13 15:53:39 : INFO] - Lock option (updraft_lock_smush, abm_options) was deleted from the database 
[2026-04-13 15:53:39 : INFO] - Cleaning up tasks of type (smush). A total of 1 tasks will be deleted. 
[2026-04-20 18:18:24 : INFO] - Re_Smush_It_Task with attachment ID : 3274, autocreated on : April 20, 2026 06:18:24 
[2026-04-20 18:18:31 : INFO] - Re_Smush_It_Task with attachment ID : 3275, autocreated on : April 20, 2026 06:18:31 
[2026-04-20 18:22:56 : INFO] - Re_Smush_It_Task with attachment ID : 3276, autocreated on : April 20, 2026 06:22:56 
[2026-04-20 18:23:33 : INFO] - A total of 3 tasks of type smush found and will be processed in this iteration 
[2026-04-20 18:23:33 : DEBUG] - Lock option (updraft_lock_smush, abm_options) was created in the database 
[2026-04-20 18:23:33 : INFO] - Lock (updraft_lock_smush, abm_options) acquired after initialising the database 
[2026-04-20 18:23:33 : INFO] - Processing task with ID : 953, and type 'smush' 
[2026-04-20 18:23:33 : INFO] - Re_Smush_It_Task with attachment ID : 3274, autocreated on : April 20, 2026 06:18:24 
[2026-04-20 18:23:33 : INFO] - File: DSC_5260.jpg, Compression quality: 85 
[2026-04-20 18:23:34 : INFO] - Backing up the original image - 2026/04/DSC_5260-updraft-pre-smush-original.jpg 
[2026-04-20 18:23:36 : INFO] - Re_Smush_It_Task with attachment ID : 3277, autocreated on : April 20, 2026 06:23:36 
[2026-04-20 18:23:38 : INFO] - There were no WebP conversion tools found on your server. 
[2026-04-20 18:23:38 : INFO] - Successfully optimized the image - /srv/data/web/vhosts/amisdebourronmarlotte.fr/htdocs/wp-content/uploads/2026/04/DSC_5260.jpg.Le fichier a été compressé de 1.56 MB à 705.53 KB, en économisant 55.69 % à l’aide de WP-Optimize 
[2026-04-20 18:23:38 : INFO] - Completed processing task with ID : 953, and type 'smush' 
[2026-04-20 18:23:38 : INFO] - Processing task with ID : 954, and type 'smush' 
[2026-04-20 18:23:38 : INFO] - Re_Smush_It_Task with attachment ID : 3275, autocreated on : April 20, 2026 06:18:31 
[2026-04-20 18:23:38 : INFO] - File: Image1-2.jpg, Compression quality: 85 
[2026-04-20 18:23:38 : INFO] - Backing up the original image - 2026/04/Image1-2-updraft-pre-smush-original.jpg 
[2026-04-20 18:23:39 : INFO] - There were no WebP conversion tools found on your server. 
[2026-04-20 18:23:39 : INFO] - Successfully optimized the image - /srv/data/web/vhosts/amisdebourronmarlotte.fr/htdocs/wp-content/uploads/2026/04/Image1-2.jpg.Le fichier a été compressé de 59.98 KB à 51.31 KB, en économisant 14.45 % à l’aide de WP-Optimize 
[2026-04-20 18:23:39 : INFO] - Completed processing task with ID : 954, and type 'smush' 
[2026-04-20 18:23:39 : INFO] - Processing task with ID : 955, and type 'smush' 
[2026-04-20 18:23:39 : INFO] - Re_Smush_It_Task with attachment ID : 3276, autocreated on : April 20, 2026 06:22:56 
[2026-04-20 18:23:39 : INFO] - File: Image3-3.jpg, Compression quality: 85 
[2026-04-20 18:23:40 : INFO] - Backing up the original image - 2026/04/Image3-3-updraft-pre-smush-original.jpg 
[2026-04-20 18:23:41 : INFO] - There were no WebP conversion tools found on your server. 
[2026-04-20 18:23:41 : INFO] - Successfully optimized the image - /srv/data/web/vhosts/amisdebourronmarlotte.fr/htdocs/wp-content/uploads/2026/04/Image3-3.jpg.Le fichier a été compressé de 141.44 KB à 116.19 KB, en économisant 17.85 % à l’aide de WP-Optimize 
[2026-04-20 18:23:41 : INFO] - Completed processing task with ID : 955, and type 'smush' 
[2026-04-20 18:23:41 : INFO] - Lock option (updraft_lock_smush, abm_options) released 
[2026-04-20 18:23:41 : INFO] - Successfully processed the queue (smush). 3 tasks were processed out of 3. 
[2026-04-20 18:23:41 : INFO] - Lock option (updraft_lock_smush, abm_options) was deleted from the database 
[2026-04-20 18:23:41 : INFO] - Cleaning up tasks of type (smush). A total of 3 tasks will be deleted. 
[2026-04-20 18:24:16 : INFO] - Re_Smush_It_Task with attachment ID : 3278, autocreated on : April 20, 2026 06:24:16 
[2026-04-20 18:33:34 : INFO] - A total of 2 tasks of type smush found and will be processed in this iteration 
[2026-04-20 18:33:34 : DEBUG] - Lock option (updraft_lock_smush, abm_options) was created in the database 
[2026-04-20 18:33:34 : INFO] - Lock (updraft_lock_smush, abm_options) acquired after initialising the database 
[2026-04-20 18:33:34 : INFO] - Processing task with ID : 956, and type 'smush' 
[2026-04-20 18:33:34 : INFO] - Re_Smush_It_Task with attachment ID : 3277, autocreated on : April 20, 2026 06:23:36 
[2026-04-20 18:33:34 : INFO] - File: Blason_Niedermeyer.png, Compression quality: 85 
[2026-04-20 18:33:35 : INFO] - Backing up the original image - 2026/04/Blason_Niedermeyer-updraft-pre-smush-original.png 
[2026-04-20 18:33:37 : INFO] - There were no WebP conversion tools found on your server. 
[2026-04-20 18:33:37 : INFO] - Successfully optimized the image - /srv/data/web/vhosts/amisdebourronmarlotte.fr/htdocs/wp-content/uploads/2026/04/Blason_Niedermeyer.png.Le fichier a été compressé de 907.98 KB à 342.49 KB, en économisant 62.28 % à l’aide de WP-Optimize 
[2026-04-20 18:33:37 : INFO] - Completed processing task with ID : 956, and type 'smush' 
[2026-04-20 18:33:37 : INFO] - Processing task with ID : 957, and type 'smush' 
[2026-04-20 18:33:37 : INFO] - Re_Smush_It_Task with attachment ID : 3278, autocreated on : April 20, 2026 06:24:16 
[2026-04-20 18:33:37 : INFO] - File: Image9.png, Compression quality: 85 
[2026-04-20 18:33:38 : INFO] - Backing up the original image - 2026/04/Image9-updraft-pre-smush-original.png 
[2026-04-20 18:33:42 : INFO] - There were no WebP conversion tools found on your server. 
[2026-04-20 18:33:42 : INFO] - Successfully optimized the image - /srv/data/web/vhosts/amisdebourronmarlotte.fr/htdocs/wp-content/uploads/2026/04/Image9.png.Le fichier a été compressé de 63.80 KB à 52.46 KB, en économisant 17.78 % à l’aide de WP-Optimize 
[2026-04-20 18:33:42 : INFO] - Completed processing task with ID : 957, and type 'smush' 
[2026-04-20 18:33:42 : INFO] - Lock option (updraft_lock_smush, abm_options) released 
[2026-04-20 18:33:42 : INFO] - Successfully processed the queue (smush). 2 tasks were processed out of 2. 
[2026-04-20 18:33:42 : INFO] - Lock option (updraft_lock_smush, abm_options) was deleted from the database 
[2026-04-20 18:33:42 : INFO] - Cleaning up tasks of type (smush). A total of 2 tasks will be deleted. 
[2026-04-20 18:45:27 : INFO] - Re_Smush_It_Task with attachment ID : 3280, autocreated on : April 20, 2026 06:45:27 
[2026-04-20 18:46:26 : INFO] - Re_Smush_It_Task with attachment ID : 3281, autocreated on : April 20, 2026 06:46:26 
[2026-04-20 18:50:13 : INFO] - Re_Smush_It_Task with attachment ID : 3283, autocreated on : April 20, 2026 06:50:13 
[2026-04-20 18:50:36 : INFO] - A total of 3 tasks of type smush found and will be processed in this iteration 
[2026-04-20 18:50:36 : DEBUG] - Lock option (updraft_lock_smush, abm_options) was created in the database 
[2026-04-20 18:50:36 : INFO] - Lock (updraft_lock_smush, abm_options) acquired after initialising the database 
[2026-04-20 18:50:36 : INFO] - Processing task with ID : 958, and type 'smush' 
[2026-04-20 18:50:36 : INFO] - Re_Smush_It_Task with attachment ID : 3280, autocreated on : April 20, 2026 06:45:27 
[2026-04-20 18:50:36 : INFO] - File: DSC_5270.jpg, Compression quality: 85 
[2026-04-20 18:50:37 : INFO] - Backing up the original image - 2026/04/DSC_5270-updraft-pre-smush-original.jpg 
[2026-04-20 18:50:40 : INFO] - There were no WebP conversion tools found on your server. 
[2026-04-20 18:50:40 : INFO] - Successfully optimized the image - /srv/data/web/vhosts/amisdebourronmarlotte.fr/htdocs/wp-content/uploads/2026/04/DSC_5270.jpg.Le fichier a été compressé de 338.42 KB à 279.37 KB, en économisant 17.45 % à l’aide de WP-Optimize 
[2026-04-20 18:50:40 : INFO] - Completed processing task with ID : 958, and type 'smush' 
[2026-04-20 18:50:40 : INFO] - Processing task with ID : 959, and type 'smush' 
[2026-04-20 18:50:40 : INFO] - Re_Smush_It_Task with attachment ID : 3281, autocreated on : April 20, 2026 06:46:26 
[2026-04-20 18:50:40 : INFO] - File: Image10.png, Compression quality: 85 
[2026-04-20 18:50:42 : INFO] - Backing up the original image - 2026/04/Image10-updraft-pre-smush-original.png 
[2026-04-20 18:50:46 : INFO] - There were no WebP conversion tools found on your server. 
[2026-04-20 18:50:46 : INFO] - Successfully optimized the image - /srv/data/web/vhosts/amisdebourronmarlotte.fr/htdocs/wp-content/uploads/2026/04/Image10.png.Le fichier a été compressé de 2.54 MB à 509.71 KB, en économisant 80.39 % à l’aide de WP-Optimize 
[2026-04-20 18:50:46 : INFO] - Completed processing task with ID : 959, and type 'smush' 
[2026-04-20 18:50:46 : INFO] - Processing task with ID : 960, and type 'smush' 
[2026-04-20 18:50:46 : INFO] - Re_Smush_It_Task with attachment ID : 3283, autocreated on : April 20, 2026 06:50:13 
[2026-04-20 18:50:46 : INFO] - File: Image6.jpg, Compression quality: 85 
[2026-04-20 18:50:47 : INFO] - Backing up the original image - 2026/04/Image6-updraft-pre-smush-original.jpg 
[2026-04-20 18:50:48 : INFO] - There were no WebP conversion tools found on your server. 
[2026-04-20 18:50:48 : INFO] - Successfully optimized the image - /srv/data/web/vhosts/amisdebourronmarlotte.fr/htdocs/wp-content/uploads/2026/04/Image6.jpg.Le fichier a été compressé de 52.16 KB à 43.33 KB, en économisant 16.93 % à l’aide de WP-Optimize 
[2026-04-20 18:50:48 : INFO] - Completed processing task with ID : 960, and type 'smush' 
[2026-04-20 18:50:48 : INFO] - Lock option (updraft_lock_smush, abm_options) released 
[2026-04-20 18:50:48 : INFO] - Successfully processed the queue (smush). 3 tasks were processed out of 3. 
[2026-04-20 18:50:48 : INFO] - Lock option (updraft_lock_smush, abm_options) was deleted from the database 
[2026-04-20 18:50:48 : INFO] - Cleaning up tasks of type (smush). A total of 3 tasks will be deleted. 
[2026-04-20 18:51:02 : INFO] - Re_Smush_It_Task with attachment ID : 3284, autocreated on : April 20, 2026 06:51:02 
[2026-04-20 18:51:12 : INFO] - Re_Smush_It_Task with attachment ID : 3285, autocreated on : April 20, 2026 06:51:11 
[2026-04-20 18:53:06 : INFO] - Re_Smush_It_Task with attachment ID : 3286, autocreated on : April 20, 2026 06:53:06 
[2026-04-20 19:00:43 : INFO] - A total of 3 tasks of type smush found and will be processed in this iteration 
[2026-04-20 19:00:43 : DEBUG] - Lock option (updraft_lock_smush, abm_options) was created in the database 
[2026-04-20 19:00:43 : INFO] - Lock (updraft_lock_smush, abm_options) acquired after initialising the database 
[2026-04-20 19:00:43 : INFO] - Processing task with ID : 961, and type 'smush' 
[2026-04-20 19:00:43 : INFO] - Task with ID 961 and type (smush) failed with error code invalid_file_path - The linked attachment ID does not have a valid file path 
[2026-04-20 19:00:43 : INFO] - Processing task with ID : 962, and type 'smush' 
[2026-04-20 19:00:43 : INFO] - Task with ID 962 and type (smush) failed with error code invalid_file_path - The linked attachment ID does not have a valid file path 
[2026-04-20 19:00:43 : INFO] - Processing task with ID : 963, and type 'smush' 
[2026-04-20 19:00:43 : INFO] - Re_Smush_It_Task with attachment ID : 3286, autocreated on : April 20, 2026 06:53:06 
[2026-04-20 19:00:43 : INFO] - File: Image11.png, Compression quality: 85 
[2026-04-20 19:00:46 : INFO] - Backing up the original image - 2026/04/Image11-updraft-pre-smush-original.png 
[2026-04-20 19:00:53 : INFO] - There were no WebP conversion tools found on your server. 
[2026-04-20 19:00:53 : INFO] - Successfully optimized the image - /srv/data/web/vhosts/amisdebourronmarlotte.fr/htdocs/wp-content/uploads/2026/04/Image11.png.Le fichier a été compressé de 3.16 MB à 613.42 KB, en économisant 81.07 % à l’aide de WP-Optimize 
[2026-04-20 19:00:53 : INFO] - Completed processing task with ID : 963, and type 'smush' 
[2026-04-20 19:00:53 : INFO] - Lock option (updraft_lock_smush, abm_options) released 
[2026-04-20 19:00:53 : INFO] - Successfully processed the queue (smush). 3 tasks were processed out of 3. 
[2026-04-20 19:00:53 : INFO] - Lock option (updraft_lock_smush, abm_options) was deleted from the database 
[2026-04-20 19:00:53 : INFO] - Cleaning up tasks of type (smush). A total of 1 tasks will be deleted. 
[2026-04-20 19:14:08 : INFO] - Re_Smush_It_Task with attachment ID : 3289, autocreated on : April 20, 2026 07:14:08 
[2026-04-20 19:19:55 : INFO] - A total of 1 tasks of type smush found and will be processed in this iteration 
[2026-04-20 19:19:55 : DEBUG] - Lock option (updraft_lock_smush, abm_options) was created in the database 
[2026-04-20 19:19:55 : INFO] - Lock (updraft_lock_smush, abm_options) acquired after initialising the database 
[2026-04-20 19:19:55 : INFO] - Processing task with ID : 964, and type 'smush' 
[2026-04-20 19:19:55 : INFO] - Re_Smush_It_Task with attachment ID : 3289, autocreated on : April 20, 2026 07:14:08 
[2026-04-20 19:19:55 : INFO] - File: Medaillon-rue-Murger-scaled.jpg, Compression quality: 85 
[2026-04-20 19:19:55 : INFO] - Backing up the original image - 2026/04/Medaillon-rue-Murger-scaled-updraft-pre-smush-original.jpg 
[2026-04-20 19:19:58 : INFO] - There were no WebP conversion tools found on your server. 
[2026-04-20 19:19:58 : INFO] - Successfully optimized the image - /srv/data/web/vhosts/amisdebourronmarlotte.fr/htdocs/wp-content/uploads/2026/04/Medaillon-rue-Murger-scaled.jpg.Le fichier a été compressé de 238.54 KB à 231.86 KB, en économisant 2.8 % à l’aide de WP-Optimize 
[2026-04-20 19:19:58 : INFO] - Completed processing task with ID : 964, and type 'smush' 
[2026-04-20 19:19:58 : INFO] - Lock option (updraft_lock_smush, abm_options) released 
[2026-04-20 19:19:58 : INFO] - Successfully processed the queue (smush). 1 tasks were processed out of 1. 
[2026-04-20 19:19:58 : INFO] - Lock option (updraft_lock_smush, abm_options) was deleted from the database 
[2026-04-20 19:19:58 : INFO] - Cleaning up tasks of type (smush). A total of 1 tasks will be deleted. 
[2026-04-20 20:16:18 : INFO] - Re_Smush_It_Task with attachment ID : 3292, autocreated on : April 20, 2026 08:16:18 
[2026-04-20 20:21:32 : INFO] - A total of 1 tasks of type smush found and will be processed in this iteration 
[2026-04-20 20:21:32 : DEBUG] - Lock option (updraft_lock_smush, abm_options) was created in the database 
[2026-04-20 20:21:32 : INFO] - Lock (updraft_lock_smush, abm_options) acquired after initialising the database 
[2026-04-20 20:21:32 : INFO] - Processing task with ID : 965, and type 'smush' 
[2026-04-20 20:21:32 : INFO] - Re_Smush_It_Task with attachment ID : 3292, autocreated on : April 20, 2026 08:16:18 
[2026-04-20 20:21:32 : INFO] - File: Printemps-des-cimetieres-2026-1.png, Compression quality: 85 
[2026-04-20 20:21:34 : INFO] - Backing up the original image - 2026/04/Printemps-des-cimetieres-2026-1-updraft-pre-smush-original.png 
[2026-04-20 20:21:41 : INFO] - There were no WebP conversion tools found on your server. 
[2026-04-20 20:21:41 : INFO] - Successfully optimized the image - /srv/data/web/vhosts/amisdebourronmarlotte.fr/htdocs/wp-content/uploads/2026/04/Printemps-des-cimetieres-2026-1.png.Le fichier a été compressé de 4.39 MB à 1.57 MB, en économisant 64.25 % à l’aide de WP-Optimize 
[2026-04-20 20:21:41 : INFO] - Completed processing task with ID : 965, and type 'smush' 
[2026-04-20 20:21:41 : INFO] - Lock option (updraft_lock_smush, abm_options) released 
[2026-04-20 20:21:41 : INFO] - Successfully processed the queue (smush). 1 tasks were processed out of 1. 
[2026-04-20 20:21:41 : INFO] - Lock option (updraft_lock_smush, abm_options) was deleted from the database 
[2026-04-20 20:21:41 : INFO] - Cleaning up tasks of type (smush). A total of 1 tasks will be deleted. 
[2026-04-28 08:35:33 : INFO] - Re_Smush_It_Task with attachment ID : 3299, autocreated on : April 28, 2026 08:35:33 
[2026-04-28 08:38:51 : INFO] - Re_Smush_It_Task with attachment ID : 3301, autocreated on : April 28, 2026 08:38:51 
[2026-04-28 08:40:33 : INFO] - A total of 2 tasks of type smush found and will be processed in this iteration 
[2026-04-28 08:40:33 : DEBUG] - Lock option (updraft_lock_smush, abm_options) was created in the database 
[2026-04-28 08:40:33 : INFO] - Lock (updraft_lock_smush, abm_options) acquired after initialising the database 
[2026-04-28 08:40:34 : INFO] - Processing task with ID : 966, and type 'smush' 
[2026-04-28 08:40:34 : INFO] - Re_Smush_It_Task with attachment ID : 3299, autocreated on : April 28, 2026 08:35:33 
[2026-04-28 08:40:34 : INFO] - File: Image1.png, Compression quality: 85 
[2026-04-28 08:40:35 : INFO] - Backing up the original image - 2026/04/Image1-updraft-pre-smush-original.png 
[2026-04-28 08:40:37 : INFO] - There were no WebP conversion tools found on your server. 
[2026-04-28 08:40:37 : INFO] - Successfully optimized the image - /srv/data/web/vhosts/amisdebourronmarlotte.fr/htdocs/wp-content/uploads/2026/04/Image1.png.Le fichier a été compressé de 696.47 KB à 175.35 KB, en économisant 74.82 % à l’aide de WP-Optimize 
[2026-04-28 08:40:37 : INFO] - Completed processing task with ID : 966, and type 'smush' 
[2026-04-28 08:40:37 : INFO] - Processing task with ID : 967, and type 'smush' 
[2026-04-28 08:40:37 : INFO] - Re_Smush_It_Task with attachment ID : 3301, autocreated on : April 28, 2026 08:38:51 
[2026-04-28 08:40:37 : INFO] - File: Image4.png, Compression quality: 85 
[2026-04-28 08:40:39 : INFO] - Backing up the original image - 2026/04/Image4-updraft-pre-smush-original.png 
[2026-04-28 08:40:42 : INFO] - There were no WebP conversion tools found on your server. 
[2026-04-28 08:40:42 : INFO] - Successfully optimized the image - /srv/data/web/vhosts/amisdebourronmarlotte.fr/htdocs/wp-content/uploads/2026/04/Image4.png.Le fichier a été compressé de 1.56 MB à 376.89 KB, en économisant 76.41 % à l’aide de WP-Optimize 
[2026-04-28 08:40:42 : INFO] - Completed processing task with ID : 967, and type 'smush' 
[2026-04-28 08:40:42 : INFO] - Lock option (updraft_lock_smush, abm_options) released 
[2026-04-28 08:40:42 : INFO] - Successfully processed the queue (smush). 2 tasks were processed out of 2. 
[2026-04-28 08:40:42 : INFO] - Lock option (updraft_lock_smush, abm_options) was deleted from the database 
[2026-04-28 08:40:42 : INFO] - Cleaning up tasks of type (smush). A total of 2 tasks will be deleted. 
[2026-04-28 08:53:11 : INFO] - Re_Smush_It_Task with attachment ID : 3305, autocreated on : April 28, 2026 08:53:11 
[2026-04-28 08:53:57 : INFO] - Re_Smush_It_Task with attachment ID : 3306, autocreated on : April 28, 2026 08:53:57 
[2026-04-28 08:58:19 : INFO] - A total of 2 tasks of type smush found and will be processed in this iteration 
[2026-04-28 08:58:19 : DEBUG] - Lock option (updraft_lock_smush, abm_options) was created in the database 
[2026-04-28 08:58:19 : INFO] - Lock (updraft_lock_smush, abm_options) acquired after initialising the database 
[2026-04-28 08:58:19 : INFO] - Processing task with ID : 968, and type 'smush' 
[2026-04-28 08:58:19 : INFO] - Re_Smush_It_Task with attachment ID : 3305, autocreated on : April 28, 2026 08:53:11 
[2026-04-28 08:58:19 : INFO] - File: image3.png, Compression quality: 85 
[2026-04-28 08:58:21 : INFO] - Backing up the original image - 2026/04/image3-updraft-pre-smush-original.png 
[2026-04-28 08:58:27 : INFO] - There were no WebP conversion tools found on your server. 
[2026-04-28 08:58:27 : INFO] - Successfully optimized the image - /srv/data/web/vhosts/amisdebourronmarlotte.fr/htdocs/wp-content/uploads/2026/04/image3.png.Le fichier a été compressé de 1.87 MB à 624.44 KB, en économisant 67.4 % à l’aide de WP-Optimize 
[2026-04-28 08:58:27 : INFO] - Completed processing task with ID : 968, and type 'smush' 
[2026-04-28 08:58:27 : INFO] - Processing task with ID : 969, and type 'smush' 
[2026-04-28 08:58:27 : INFO] - Re_Smush_It_Task with attachment ID : 3306, autocreated on : April 28, 2026 08:53:57 
[2026-04-28 08:58:27 : INFO] - File: Dans-le-parc-etude-aquarelle-1-scaled.jpeg, Compression quality: 85 
[2026-04-28 08:58:27 : INFO] - Backing up the original image - 2026/04/Dans-le-parc-etude-aquarelle-1-scaled-updraft-pre-smush-original.jpeg 
[2026-04-28 08:58:31 : INFO] - There were no WebP conversion tools found on your server. 
[2026-04-28 08:58:31 : INFO] - Successfully optimized the image - /srv/data/web/vhosts/amisdebourronmarlotte.fr/htdocs/wp-content/uploads/2026/04/Dans-le-parc-etude-aquarelle-1-scaled.jpeg.Le fichier a été compressé de 793.48 KB à 782.18 KB, en économisant 1.42 % à l’aide de WP-Optimize 
[2026-04-28 08:58:31 : INFO] - Completed processing task with ID : 969, and type 'smush' 
[2026-04-28 08:58:31 : INFO] - Lock option (updraft_lock_smush, abm_options) released 
[2026-04-28 08:58:31 : INFO] - Successfully processed the queue (smush). 2 tasks were processed out of 2. 
[2026-04-28 08:58:31 : INFO] - Lock option (updraft_lock_smush, abm_options) was deleted from the database 
[2026-04-28 08:58:32 : INFO] - Cleaning up tasks of type (smush). A total of 2 tasks will be deleted. 
[2026-04-28 09:04:07 : INFO] - Re_Smush_It_Task with attachment ID : 3310, autocreated on : April 28, 2026 09:04:07 
[2026-04-28 09:10:51 : INFO] - A total of 1 tasks of type smush found and will be processed in this iteration 
[2026-04-28 09:10:51 : DEBUG] - Lock option (updraft_lock_smush, abm_options) was created in the database 
[2026-04-28 09:10:51 : INFO] - Lock (updraft_lock_smush, abm_options) acquired after initialising the database 
[2026-04-28 09:10:51 : INFO] - Processing task with ID : 970, and type 'smush' 
[2026-04-28 09:10:51 : INFO] - Re_Smush_It_Task with attachment ID : 3310, autocreated on : April 28, 2026 09:04:07 
[2026-04-28 09:10:51 : INFO] - File: Image1-1.png, Compression quality: 85 
[2026-04-28 09:10:51 : INFO] - Backing up the original image - 2026/04/Image1-1-updraft-pre-smush-original.png 
[2026-04-28 09:10:54 : INFO] - There were no WebP conversion tools found on your server. 
[2026-04-28 09:10:54 : INFO] - Successfully optimized the image - /srv/data/web/vhosts/amisdebourronmarlotte.fr/htdocs/wp-content/uploads/2026/04/Image1-1.png.Le fichier a été compressé de 696.47 KB à 175.35 KB, en économisant 74.82 % à l’aide de WP-Optimize 
[2026-04-28 09:10:54 : INFO] - Completed processing task with ID : 970, and type 'smush' 
[2026-04-28 09:10:54 : INFO] - Lock option (updraft_lock_smush, abm_options) released 
[2026-04-28 09:10:54 : INFO] - Successfully processed the queue (smush). 1 tasks were processed out of 1. 
[2026-04-28 09:10:54 : INFO] - Lock option (updraft_lock_smush, abm_options) was deleted from the database 
[2026-04-28 09:10:54 : INFO] - Cleaning up tasks of type (smush). A total of 1 tasks will be deleted. 
[2026-04-29 15:23:48 : INFO] - Re_Smush_It_Task with attachment ID : 3313, autocreated on : April 29, 2026 03:23:48 
[2026-04-29 15:26:20 : INFO] - Re_Smush_It_Task with attachment ID : 3316, autocreated on : April 29, 2026 03:26:20 
[2026-04-29 15:26:31 : INFO] - Re_Smush_It_Task with attachment ID : 3317, autocreated on : April 29, 2026 03:26:31 
[2026-04-29 15:26:47 : INFO] - Re_Smush_It_Task with attachment ID : 3318, autocreated on : April 29, 2026 03:26:47 
[2026-04-29 15:27:40 : INFO] - Re_Smush_It_Task with attachment ID : 3319, autocreated on : April 29, 2026 03:27:40 
[2026-04-29 15:28:49 : INFO] - A total of 5 tasks of type smush found and will be processed in this iteration 
[2026-04-29 15:28:49 : DEBUG] - Lock option (updraft_lock_smush, abm_options) was created in the database 
[2026-04-29 15:28:49 : INFO] - Lock (updraft_lock_smush, abm_options) acquired after initialising the database 
[2026-04-29 15:28:49 : INFO] - Processing task with ID : 971, and type 'smush' 
[2026-04-29 15:28:49 : INFO] - Task with ID 971 and type (smush) failed with error code exceeded_max_filesize - /srv/data/web/vhosts/amisdebourronmarlotte.fr/htdocs/wp-content/uploads/2026/04/Image2-scaled.png - cannot be optimized, file size is above service provider limit 
[2026-04-29 15:28:49 : INFO] - Processing task with ID : 972, and type 'smush' 
[2026-04-29 15:28:49 : INFO] - Re_Smush_It_Task with attachment ID : 3316, autocreated on : April 29, 2026 03:26:20 
[2026-04-29 15:28:49 : INFO] - File: 8d3fc9c1-dcc5-4ff0-9544-3850dd209ecd.jpg, Compression quality: 85 
[2026-04-29 15:28:50 : INFO] - Backing up the original image - 2026/04/8d3fc9c1-dcc5-4ff0-9544-3850dd209ecd-updraft-pre-smush-original.jpg 
[2026-04-29 15:28:53 : INFO] - There were no WebP conversion tools found on your server. 
[2026-04-29 15:28:53 : INFO] - Successfully optimized the image - /srv/data/web/vhosts/amisdebourronmarlotte.fr/htdocs/wp-content/uploads/2026/04/8d3fc9c1-dcc5-4ff0-9544-3850dd209ecd.jpg.Le fichier a été compressé de 213.37 KB à 213.03 KB, en économisant 0.16 % à l’aide de WP-Optimize 
[2026-04-29 15:28:53 : INFO] - Completed processing task with ID : 972, and type 'smush' 
[2026-04-29 15:28:53 : INFO] - Processing task with ID : 973, and type 'smush' 
[2026-04-29 15:28:53 : INFO] - Re_Smush_It_Task with attachment ID : 3317, autocreated on : April 29, 2026 03:26:31 
[2026-04-29 15:28:53 : INFO] - File: PHOTO-2026-04-29-09-22-39.jpg, Compression quality: 85 
[2026-04-29 15:28:53 : INFO] - Backing up the original image - 2026/04/PHOTO-2026-04-29-09-22-39-updraft-pre-smush-original.jpg 
[2026-04-29 15:28:56 : INFO] - There were no WebP conversion tools found on your server. 
[2026-04-29 15:28:56 : INFO] - Successfully optimized the image - /srv/data/web/vhosts/amisdebourronmarlotte.fr/htdocs/wp-content/uploads/2026/04/PHOTO-2026-04-29-09-22-39.jpg.Le fichier a été compressé de 226.71 KB à 226.66 KB, en économisant 0.02 % à l’aide de WP-Optimize 
[2026-04-29 15:28:56 : INFO] - Completed processing task with ID : 973, and type 'smush' 
[2026-04-29 15:28:56 : INFO] - Processing task with ID : 974, and type 'smush' 
[2026-04-29 15:28:56 : INFO] - Re_Smush_It_Task with attachment ID : 3318, autocreated on : April 29, 2026 03:26:47 
[2026-04-29 15:28:56 : INFO] - File: 12ae29c4-4e1d-4361-a854-f5e80eb20fb6.jpg, Compression quality: 85 
[2026-04-29 15:28:57 : INFO] - Backing up the original image - 2026/04/12ae29c4-4e1d-4361-a854-f5e80eb20fb6-updraft-pre-smush-original.jpg 
[2026-04-29 15:29:00 : INFO] - There were no WebP conversion tools found on your server. 
[2026-04-29 15:29:00 : INFO] - Successfully optimized the image - /srv/data/web/vhosts/amisdebourronmarlotte.fr/htdocs/wp-content/uploads/2026/04/12ae29c4-4e1d-4361-a854-f5e80eb20fb6.jpg.Le fichier a été compressé de 465.98 KB à 240.58 KB, en économisant 48.37 % à l’aide de WP-Optimize 
[2026-04-29 15:29:00 : INFO] - Completed processing task with ID : 974, and type 'smush' 
[2026-04-29 15:29:00 : INFO] - Processing task with ID : 975, and type 'smush' 
[2026-04-29 15:29:00 : INFO] - Re_Smush_It_Task with attachment ID : 3319, autocreated on : April 29, 2026 03:27:40 
[2026-04-29 15:29:00 : INFO] - File: LOGO-HCP-HD-BLANC-scaled.jpg, Compression quality: 85 
[2026-04-29 15:29:01 : INFO] - Backing up the original image - 2026/04/LOGO-HCP-HD-BLANC-scaled-updraft-pre-smush-original.jpg 
[2026-04-29 15:29:03 : INFO] - There were no WebP conversion tools found on your server. 
[2026-04-29 15:29:03 : INFO] - Successfully optimized the image - /srv/data/web/vhosts/amisdebourronmarlotte.fr/htdocs/wp-content/uploads/2026/04/LOGO-HCP-HD-BLANC-scaled.jpg.Le fichier a été compressé de 104.16 KB à 85.50 KB, en économisant 17.91 % à l’aide de WP-Optimize 
[2026-04-29 15:29:03 : INFO] - Completed processing task with ID : 975, and type 'smush' 
[2026-04-29 15:29:03 : INFO] - Lock option (updraft_lock_smush, abm_options) released 
[2026-04-29 15:29:03 : INFO] - Successfully processed the queue (smush). 5 tasks were processed out of 5. 
[2026-04-29 15:29:03 : INFO] - Lock option (updraft_lock_smush, abm_options) was deleted from the database 
[2026-04-29 15:29:03 : INFO] - Cleaning up tasks of type (smush). A total of 4 tasks will be deleted. 
[2026-04-29 15:32:25 : INFO] - Re_Smush_It_Task with attachment ID : 3322, autocreated on : April 29, 2026 03:32:25 
[2026-04-29 15:39:13 : INFO] - A total of 1 tasks of type smush found and will be processed in this iteration 
[2026-04-29 15:39:13 : DEBUG] - Lock option (updraft_lock_smush, abm_options) was created in the database 
[2026-04-29 15:39:13 : INFO] - Lock (updraft_lock_smush, abm_options) acquired after initialising the database 
[2026-04-29 15:39:13 : INFO] - Processing task with ID : 976, and type 'smush' 
[2026-04-29 15:39:13 : INFO] - Re_Smush_It_Task with attachment ID : 3322, autocreated on : April 29, 2026 03:32:25 
[2026-04-29 15:39:13 : INFO] - File: Image4-2.jpg, Compression quality: 85 
[2026-04-29 15:39:14 : INFO] - Backing up the original image - 2026/04/Image4-2-updraft-pre-smush-original.jpg 
[2026-04-29 15:39:16 : INFO] - There were no WebP conversion tools found on your server. 
[2026-04-29 15:39:16 : INFO] - Successfully optimized the image - /srv/data/web/vhosts/amisdebourronmarlotte.fr/htdocs/wp-content/uploads/2026/04/Image4-2.jpg.Le fichier a été compressé de 99.66 KB à 66.24 KB, en économisant 33.53 % à l’aide de WP-Optimize 
[2026-04-29 15:39:16 : INFO] - Completed processing task with ID : 976, and type 'smush' 
[2026-04-29 15:39:16 : INFO] - Lock option (updraft_lock_smush, abm_options) released 
[2026-04-29 15:39:16 : INFO] - Successfully processed the queue (smush). 1 tasks were processed out of 1. 
[2026-04-29 15:39:16 : INFO] - Lock option (updraft_lock_smush, abm_options) was deleted from the database 
[2026-04-29 15:39:16 : INFO] - Cleaning up tasks of type (smush). A total of 1 tasks will be deleted. 
